session_key,driver_number,position,date
7953,1,1,2023-03-05 14:01:06.787000+00:00
7953,11,2,2023-03-05 14:01:06.787000+00:00
7953,16,3,2023-03-05 14:01:06.787000+00:00
7953,55,4,2023-03-05 14:01:06.787000+00:00
7953,14,5,2023-03-05 14:01:06.787000+00:00
7953,63,6,2023-03-05 14:01:06.787000+00:00
7953,44,7,2023-03-05 14:01:06.787000+00:00
7953,18,8,2023-03-05 14:01:06.787000+00:00
7953,31,9,2023-03-05 14:01:06.787000+00:00
7953,27,10,2023-03-05 14:01:06.787000+00:00
7953,4,11,2023-03-05 14:01:06.787000+00:00
7953,77,12,2023-03-05 14:01:06.787000+00:00
7953,24,13,2023-03-05 14:01:06.787000+00:00
7953,22,14,2023-03-05 14:01:06.787000+00:00
7953,23,15,2023-03-05 14:01:06.787000+00:00
7953,2,16,2023-03-05 14:01:06.787000+00:00
7953,20,17,2023-03-05 14:01:06.787000+00:00
7953,81,18,2023-03-05 14:01:06.787000+00:00
7953,21,19,2023-03-05 14:01:06.787000+00:00
7953,10,20,2023-03-05 14:01:06.787000+00:00
7953,1,2,2023-03-05 15:03:45.594000+00:00
7953,11,3,2023-03-05 15:03:45.594000+00:00
7953,16,4,2023-03-05 15:03:45.594000+00:00
7953,55,5,2023-03-05 15:03:45.594000+00:00
7953,14,6,2023-03-05 15:03:45.594000+00:00
7953,63,7,2023-03-05 15:03:45.594000+00:00
7953,44,1,2023-03-05 15:03:45.594000+00:00
7953,1,3,2023-03-05 15:03:45.750000+00:00
7953,11,4,2023-03-05 15:03:45.750000+00:00
7953,16,5,2023-03-05 15:03:45.750000+00:00
7953,55,6,2023-03-05 15:03:45.750000+00:00
7953,14,7,2023-03-05 15:03:45.750000+00:00
7953,63,8,2023-03-05 15:03:45.750000+00:00
7953,18,2,2023-03-05 15:03:45.750000+00:00
7953,1,5,2023-03-05 15:03:45.828000+00:00
7953,11,6,2023-03-05 15:03:45.828000+00:00
7953,16,7,2023-03-05 15:03:45.828000+00:00
7953,55,8,2023-03-05 15:03:45.828000+00:00
7953,14,9,2023-03-05 15:03:45.828000+00:00
7953,63,10,2023-03-05 15:03:45.828000+00:00
7953,31,3,2023-03-05 15:03:45.828000+00:00
7953,27,11,2023-03-05 15:03:45.828000+00:00
7953,4,4,2023-03-05 15:03:45.828000+00:00
7953,1,6,2023-03-05 15:03:46.172000+00:00
7953,11,7,2023-03-05 15:03:46.172000+00:00
7953,16,8,2023-03-05 15:03:46.172000+00:00
7953,55,9,2023-03-05 15:03:46.172000+00:00
7953,14,10,2023-03-05 15:03:46.172000+00:00
7953,63,11,2023-03-05 15:03:46.172000+00:00
7953,27,5,2023-03-05 15:03:46.172000+00:00
7953,1,7,2023-03-05 15:03:46.203000+00:00
7953,11,8,2023-03-05 15:03:46.203000+00:00
7953,16,9,2023-03-05 15:03:46.203000+00:00
7953,55,10,2023-03-05 15:03:46.203000+00:00
7953,14,11,2023-03-05 15:03:46.203000+00:00
7953,63,12,2023-03-05 15:03:46.203000+00:00
7953,77,6,2023-03-05 15:03:46.203000+00:00
7953,1,8,2023-03-05 15:03:46.312000+00:00
7953,11,9,2023-03-05 15:03:46.312000+00:00
7953,16,10,2023-03-05 15:03:46.312000+00:00
7953,55,11,2023-03-05 15:03:46.312000+00:00
7953,14,12,2023-03-05 15:03:46.312000+00:00
7953,63,13,2023-03-05 15:03:46.312000+00:00
7953,24,14,2023-03-05 15:03:46.312000+00:00
7953,22,15,2023-03-05 15:03:46.312000+00:00
7953,23,7,2023-03-05 15:03:46.312000+00:00
7953,1,9,2023-03-05 15:03:46.578000+00:00
7953,11,10,2023-03-05 15:03:46.578000+00:00
7953,16,11,2023-03-05 15:03:46.578000+00:00
7953,55,12,2023-03-05 15:03:46.578000+00:00
7953,14,13,2023-03-05 15:03:46.578000+00:00
7953,63,14,2023-03-05 15:03:46.578000+00:00
7953,24,8,2023-03-05 15:03:46.578000+00:00
7953,1,1,2023-03-05 15:03:46.703000+00:00
7953,44,2,2023-03-05 15:03:46.703000+00:00
7953,18,3,2023-03-05 15:03:46.703000+00:00
7953,31,4,2023-03-05 15:03:46.703000+00:00
7953,27,6,2023-03-05 15:03:46.703000+00:00
7953,4,5,2023-03-05 15:03:46.703000+00:00
7953,77,7,2023-03-05 15:03:46.703000+00:00
7953,24,9,2023-03-05 15:03:46.703000+00:00
7953,23,8,2023-03-05 15:03:46.703000+00:00
7953,11,11,2023-03-05 15:03:46.781000+00:00
7953,16,12,2023-03-05 15:03:46.781000+00:00
7953,55,13,2023-03-05 15:03:46.781000+00:00
7953,14,14,2023-03-05 15:03:46.781000+00:00
7953,63,15,2023-03-05 15:03:46.781000+00:00
7953,22,10,2023-03-05 15:03:46.781000+00:00
7953,11,13,2023-03-05 15:03:46.812000+00:00
7953,16,2,2023-03-05 15:03:46.812000+00:00
7953,55,14,2023-03-05 15:03:46.812000+00:00
7953,14,15,2023-03-05 15:03:46.812000+00:00
7953,63,16,2023-03-05 15:03:46.812000+00:00
7953,44,3,2023-03-05 15:03:46.812000+00:00
7953,18,4,2023-03-05 15:03:46.812000+00:00
7953,31,5,2023-03-05 15:03:46.812000+00:00
7953,27,7,2023-03-05 15:03:46.812000+00:00
7953,4,6,2023-03-05 15:03:46.812000+00:00
7953,77,8,2023-03-05 15:03:46.812000+00:00
7953,24,10,2023-03-05 15:03:46.812000+00:00
7953,22,11,2023-03-05 15:03:46.812000+00:00
7953,23,9,2023-03-05 15:03:46.812000+00:00
7953,2,12,2023-03-05 15:03:46.812000+00:00
7953,11,3,2023-03-05 15:03:46.844000+00:00
7953,55,15,2023-03-05 15:03:46.844000+00:00
7953,14,16,2023-03-05 15:03:46.844000+00:00
7953,63,17,2023-03-05 15:03:46.844000+00:00
7953,44,4,2023-03-05 15:03:46.844000+00:00
7953,18,5,2023-03-05 15:03:46.844000+00:00
7953,31,6,2023-03-05 15:03:46.844000+00:00
7953,27,8,2023-03-05 15:03:46.844000+00:00
7953,4,7,2023-03-05 15:03:46.844000+00:00
7953,77,9,2023-03-05 15:03:46.844000+00:00
7953,24,11,2023-03-05 15:03:46.844000+00:00
7953,22,12,2023-03-05 15:03:46.844000+00:00
7953,23,10,2023-03-05 15:03:46.844000+00:00
7953,2,13,2023-03-05 15:03:46.844000+00:00
7953,20,14,2023-03-05 15:03:46.844000+00:00
7953,55,16,2023-03-05 15:03:46.875000+00:00
7953,14,17,2023-03-05 15:03:46.875000+00:00
7953,63,18,2023-03-05 15:03:46.875000+00:00
7953,81,15,2023-03-05 15:03:46.875000+00:00
7953,55,4,2023-03-05 15:03:46.906000+00:00
7953,44,5,2023-03-05 15:03:46.906000+00:00
7953,18,6,2023-03-05 15:03:46.906000+00:00
7953,31,7,2023-03-05 15:03:46.906000+00:00
7953,27,9,2023-03-05 15:03:46.906000+00:00
7953,4,8,2023-03-05 15:03:46.906000+00:00
7953,77,10,2023-03-05 15:03:46.906000+00:00
7953,24,12,2023-03-05 15:03:46.906000+00:00
7953,22,13,2023-03-05 15:03:46.906000+00:00
7953,23,11,2023-03-05 15:03:46.906000+00:00
7953,2,14,2023-03-05 15:03:46.906000+00:00
7953,20,15,2023-03-05 15:03:46.906000+00:00
7953,81,16,2023-03-05 15:03:46.906000+00:00
7953,14,5,2023-03-05 15:03:47.219000+00:00
7953,44,6,2023-03-05 15:03:47.219000+00:00
7953,18,7,2023-03-05 15:03:47.219000+00:00
7953,31,8,2023-03-05 15:03:47.219000+00:00
7953,27,10,2023-03-05 15:03:47.219000+00:00
7953,4,9,2023-03-05 15:03:47.219000+00:00
7953,77,11,2023-03-05 15:03:47.219000+00:00
7953,24,13,2023-03-05 15:03:47.219000+00:00
7953,22,14,2023-03-05 15:03:47.219000+00:00
7953,23,12,2023-03-05 15:03:47.219000+00:00
7953,2,15,2023-03-05 15:03:47.219000+00:00
7953,20,16,2023-03-05 15:03:47.219000+00:00
7953,81,17,2023-03-05 15:03:47.219000+00:00
7953,63,19,2023-03-05 15:03:47.312000+00:00
7953,21,20,2023-03-05 15:03:47.312000+00:00
7953,10,18,2023-03-05 15:03:47.312000+00:00
7953,63,20,2023-03-05 15:03:47.328000+00:00
7953,21,18,2023-03-05 15:03:47.328000+00:00
7953,10,19,2023-03-05 15:03:47.328000+00:00
7953,63,7,2023-03-05 15:03:47.609000+00:00
7953,18,8,2023-03-05 15:03:47.609000+00:00
7953,31,9,2023-03-05 15:03:47.609000+00:00
7953,27,11,2023-03-05 15:03:47.609000+00:00
7953,4,10,2023-03-05 15:03:47.609000+00:00
7953,77,12,2023-03-05 15:03:47.609000+00:00
7953,24,14,2023-03-05 15:03:47.609000+00:00
7953,22,15,2023-03-05 15:03:47.609000+00:00
7953,23,13,2023-03-05 15:03:47.609000+00:00
7953,2,16,2023-03-05 15:03:47.609000+00:00
7953,20,17,2023-03-05 15:03:47.609000+00:00
7953,81,18,2023-03-05 15:03:47.609000+00:00
7953,21,19,2023-03-05 15:03:47.609000+00:00
7953,10,20,2023-03-05 15:03:47.609000+00:00
7953,31,10,2023-03-05 15:03:47.781000+00:00
7953,4,9,2023-03-05 15:03:47.781000+00:00
7953,63,8,2023-03-05 15:03:50.015000+00:00
7953,18,7,2023-03-05 15:03:50.015000+00:00
7953,4,8,2023-03-05 15:03:50.234000+00:00
7953,63,9,2023-03-05 15:03:50.234000+00:00
7953,27,12,2023-03-05 15:03:50.750000+00:00
7953,77,11,2023-03-05 15:03:50.750000+00:00
7953,27,13,2023-03-05 15:03:50.797000+00:00
7953,23,12,2023-03-05 15:03:50.797000+00:00
7953,21,20,2023-03-05 15:03:51.843000+00:00
7953,10,19,2023-03-05 15:03:51.843000+00:00
7953,63,8,2023-03-05 15:03:55.312000+00:00
7953,4,9,2023-03-05 15:03:55.312000+00:00
7953,31,11,2023-03-05 15:03:55.765000+00:00
7953,77,10,2023-03-05 15:03:55.765000+00:00
7953,27,12,2023-03-05 15:03:56.187000+00:00
7953,23,13,2023-03-05 15:03:56.187000+00:00
7953,24,15,2023-03-05 15:03:56.609000+00:00
7953,22,14,2023-03-05 15:03:56.609000+00:00
7953,24,16,2023-03-05 15:03:56.671000+00:00
7953,2,15,2023-03-05 15:03:56.671000+00:00
7953,20,18,2023-03-05 15:03:56.922000+00:00
7953,81,17,2023-03-05 15:03:56.922000+00:00
7953,4,10,2023-03-05 15:04:00.125000+00:00
7953,77,9,2023-03-05 15:04:00.125000+00:00
7953,24,17,2023-03-05 15:04:01.500000+00:00
7953,81,16,2023-03-05 15:04:01.500000+00:00
7953,63,7,2023-03-05 15:04:05.171000+00:00
7953,18,8,2023-03-05 15:04:05.171000+00:00
7953,24,18,2023-03-05 15:04:07.187000+00:00
7953,20,17,2023-03-05 15:04:07.187000+00:00
7953,14,6,2023-03-05 15:04:09.453000+00:00
7953,44,5,2023-03-05 15:04:09.453000+00:00
7953,27,13,2023-03-05 15:04:11.328000+00:00
7953,23,12,2023-03-05 15:04:11.328000+00:00
7953,22,15,2023-03-05 15:04:11.906000+00:00
7953,2,14,2023-03-05 15:04:11.906000+00:00
7953,20,16,2023-03-05 15:04:12.468000+00:00
7953,81,17,2023-03-05 15:04:12.468000+00:00
7953,24,19,2023-03-05 15:04:12.859000+00:00
7953,10,18,2023-03-05 15:04:12.859000+00:00
7953,14,7,2023-03-05 15:04:13.406000+00:00
7953,63,6,2023-03-05 15:04:13.406000+00:00
7953,18,9,2023-03-05 15:04:14.109000+00:00
7953,77,8,2023-03-05 15:04:14.109000+00:00
7953,20,17,2023-03-05 15:04:20.484000+00:00
7953,81,16,2023-03-05 15:04:20.484000+00:00
7953,24,18,2023-03-05 15:04:20.890000+00:00
7953,10,19,2023-03-05 15:04:20.890000+00:00
7953,24,17,2023-03-05 15:04:25.046000+00:00
7953,20,18,2023-03-05 15:04:25.046000+00:00
7953,27,14,2023-03-05 15:04:30.749000+00:00
7953,2,13,2023-03-05 15:04:30.749000+00:00
7953,20,19,2023-03-05 15:05:56.466000+00:00
7953,10,18,2023-03-05 15:05:56.466000+00:00
7953,20,20,2023-03-05 15:08:14.839000+00:00
7953,21,19,2023-03-05 15:08:14.839000+00:00
7953,31,10,2023-03-05 15:08:57.963000+00:00
7953,4,11,2023-03-05 15:08:57.963000+00:00
7953,27,15,2023-03-05 15:09:00.744000+00:00
7953,22,14,2023-03-05 15:09:00.744000+00:00
7953,4,12,2023-03-05 15:09:08.463000+00:00
7953,23,11,2023-03-05 15:09:08.463000+00:00
7953,18,8,2023-03-05 15:10:35.664000+00:00
7953,77,9,2023-03-05 15:10:35.664000+00:00
7953,2,12,2023-03-05 15:10:50.086000+00:00
7953,4,13,2023-03-05 15:10:50.086000+00:00
7953,4,12,2023-03-05 15:10:54.867000+00:00
7953,2,13,2023-03-05 15:10:54.867000+00:00
7953,21,18,2023-03-05 15:18:56.983000+00:00
7953,10,19,2023-03-05 15:18:56.983000+00:00
7953,20,19,2023-03-05 15:19:03.718000+00:00
7953,10,20,2023-03-05 15:19:03.718000+00:00
7953,4,13,2023-03-05 15:20:32.560000+00:00
7953,2,12,2023-03-05 15:20:32.560000+00:00
7953,27,16,2023-03-05 15:20:41.356000+00:00
7953,4,14,2023-03-05 15:20:41.356000+00:00
7953,22,15,2023-03-05 15:20:41.356000+00:00
7953,81,13,2023-03-05 15:20:41.356000+00:00
7953,27,14,2023-03-05 15:20:41.419000+00:00
7953,4,15,2023-03-05 15:20:41.419000+00:00
7953,22,16,2023-03-05 15:20:41.419000+00:00
7953,4,16,2023-03-05 15:20:41.981000+00:00
7953,24,15,2023-03-05 15:20:41.981000+00:00
7953,22,17,2023-03-05 15:20:41.981000+00:00
7953,4,17,2023-03-05 15:20:43.497000+00:00
7953,22,18,2023-03-05 15:20:43.497000+00:00
7953,21,16,2023-03-05 15:20:43.497000+00:00
7953,4,18,2023-03-05 15:20:45.434000+00:00
7953,22,19,2023-03-05 15:20:45.434000+00:00
7953,20,17,2023-03-05 15:20:45.434000+00:00
7953,4,19,2023-03-05 15:20:59.590000+00:00
7953,22,18,2023-03-05 15:20:59.590000+00:00
7953,4,20,2023-03-05 15:21:06.590000+00:00
7953,10,19,2023-03-05 15:21:06.590000+00:00
7953,27,15,2023-03-05 15:21:43.293000+00:00
7953,24,14,2023-03-05 15:21:43.293000+00:00
7953,31,9,2023-03-05 15:22:13.949000+00:00
7953,77,10,2023-03-05 15:22:13.949000+00:00
7953,23,12,2023-03-05 15:22:14.152000+00:00
7953,2,11,2023-03-05 15:22:14.152000+00:00
7953,77,11,2023-03-05 15:22:18.917000+00:00
7953,2,10,2023-03-05 15:22:18.917000+00:00
7953,27,16,2023-03-05 15:22:22.667000+00:00
7953,4,20,2023-03-05 15:22:22.667000+00:00
7953,22,18,2023-03-05 15:22:22.667000+00:00
7953,20,15,2023-03-05 15:22:22.667000+00:00
7953,10,19,2023-03-05 15:22:22.667000+00:00
7953,21,17,2023-03-05 15:22:22.667000+00:00
7953,77,12,2023-03-05 15:22:23.042000+00:00
7953,23,13,2023-03-05 15:22:23.042000+00:00
7953,81,11,2023-03-05 15:22:23.042000+00:00
7953,77,13,2023-03-05 15:22:24.370000+00:00
7953,24,12,2023-03-05 15:22:24.370000+00:00
7953,23,14,2023-03-05 15:22:24.370000+00:00
7953,77,14,2023-03-05 15:22:27.511000+00:00
7953,23,15,2023-03-05 15:22:27.511000+00:00
7953,20,13,2023-03-05 15:22:27.511000+00:00
7953,27,17,2023-03-05 15:22:40.885000+00:00
7953,22,16,2023-03-05 15:22:40.885000+00:00
7953,21,18,2023-03-05 15:22:40.885000+00:00
7953,27,18,2023-03-05 15:22:43.682000+00:00
7953,21,19,2023-03-05 15:22:43.682000+00:00
7953,10,17,2023-03-05 15:22:43.682000+00:00
7953,27,19,2023-03-05 15:22:47.323000+00:00
7953,21,18,2023-03-05 15:22:47.323000+00:00
7953,27,20,2023-03-05 15:22:50.370000+00:00
7953,4,18,2023-03-05 15:22:50.370000+00:00
7953,21,19,2023-03-05 15:22:50.370000+00:00
7953,63,5,2023-03-05 15:23:41.884000+00:00
7953,44,6,2023-03-05 15:23:41.884000+00:00
7953,14,6,2023-03-05 15:23:42.384000+00:00
7953,44,7,2023-03-05 15:23:42.384000+00:00
7953,44,8,2023-03-05 15:23:48.384000+00:00
7953,18,7,2023-03-05 15:23:48.384000+00:00
7953,44,9,2023-03-05 15:24:04.243000+00:00
7953,31,10,2023-03-05 15:24:04.243000+00:00
7953,2,11,2023-03-05 15:24:04.243000+00:00
7953,81,8,2023-03-05 15:24:04.243000+00:00
7953,14,5,2023-03-05 15:24:05.509000+00:00
7953,63,6,2023-03-05 15:24:05.509000+00:00
7953,31,11,2023-03-05 15:24:08.884000+00:00
7953,24,13,2023-03-05 15:24:08.884000+00:00
7953,2,12,2023-03-05 15:24:08.884000+00:00
7953,20,10,2023-03-05 15:24:08.884000+00:00
7953,31,12,2023-03-05 15:24:12.946000+00:00
7953,77,11,2023-03-05 15:24:12.946000+00:00
7953,24,14,2023-03-05 15:24:12.946000+00:00
7953,2,13,2023-03-05 15:24:12.946000+00:00
7953,14,6,2023-03-05 15:24:13.696000+00:00
7953,63,5,2023-03-05 15:24:13.696000+00:00
7953,14,5,2023-03-05 15:24:18.040000+00:00
7953,63,6,2023-03-05 15:24:18.040000+00:00
7953,24,15,2023-03-05 15:24:18.712000+00:00
7953,23,13,2023-03-05 15:24:18.712000+00:00
7953,2,14,2023-03-05 15:24:18.712000+00:00
7953,24,16,2023-03-05 15:24:19.977000+00:00
7953,22,14,2023-03-05 15:24:19.977000+00:00
7953,2,15,2023-03-05 15:24:19.977000+00:00
7953,24,17,2023-03-05 15:24:22.602000+00:00
7953,10,16,2023-03-05 15:24:22.602000+00:00
7953,2,16,2023-03-05 15:24:24.212000+00:00
7953,10,15,2023-03-05 15:24:24.212000+00:00
7953,4,17,2023-03-05 15:24:29.634000+00:00
7953,24,18,2023-03-05 15:24:29.634000+00:00
7953,31,13,2023-03-05 15:24:31.868000+00:00
7953,23,12,2023-03-05 15:24:31.868000+00:00
7953,24,19,2023-03-05 15:24:38.680000+00:00
7953,21,18,2023-03-05 15:24:38.680000+00:00
7953,27,19,2023-03-05 15:24:48.868000+00:00
7953,24,20,2023-03-05 15:24:48.868000+00:00
7953,44,8,2023-03-05 15:24:52.180000+00:00
7953,81,9,2023-03-05 15:24:52.180000+00:00
7953,20,9,2023-03-05 15:25:04.305000+00:00
7953,81,10,2023-03-05 15:25:04.305000+00:00
7953,11,2,2023-03-05 15:25:07.102000+00:00
7953,16,3,2023-03-05 15:25:07.102000+00:00
7953,77,10,2023-03-05 15:25:08.602000+00:00
7953,81,11,2023-03-05 15:25:08.602000+00:00
7953,63,7,2023-03-05 15:25:24.867000+00:00
7953,18,6,2023-03-05 15:25:24.867000+00:00
7953,16,4,2023-03-05 15:25:27.632000+00:00
7953,55,5,2023-03-05 15:25:27.632000+00:00
7953,14,3,2023-03-05 15:25:27.632000+00:00
7953,16,5,2023-03-05 15:25:29.367000+00:00
7953,55,6,2023-03-05 15:25:29.367000+00:00
7953,18,4,2023-03-05 15:25:29.367000+00:00
7953,23,11,2023-03-05 15:25:41.773000+00:00
7953,81,12,2023-03-05 15:25:41.773000+00:00
7953,31,12,2023-03-05 15:25:42.304000+00:00
7953,81,13,2023-03-05 15:25:42.304000+00:00
7953,63,8,2023-03-05 15:25:46.445000+00:00
7953,44,7,2023-03-05 15:25:46.445000+00:00
7953,63,9,2023-03-05 15:25:50.554000+00:00
7953,20,8,2023-03-05 15:25:50.554000+00:00
7953,63,10,2023-03-05 15:25:50.695000+00:00
7953,77,9,2023-03-05 15:25:50.695000+00:00
7953,22,13,2023-03-05 15:25:53.210000+00:00
7953,81,14,2023-03-05 15:25:53.210000+00:00
7953,77,8,2023-03-05 15:25:54.148000+00:00
7953,20,9,2023-03-05 15:25:54.148000+00:00
7953,81,15,2023-03-05 15:25:57.101000+00:00
7953,10,14,2023-03-05 15:25:57.101000+00:00
7953,2,15,2023-03-05 15:25:58.210000+00:00
7953,81,16,2023-03-05 15:25:58.210000+00:00
7953,4,16,2023-03-05 15:26:07.554000+00:00
7953,81,17,2023-03-05 15:26:07.554000+00:00
7953,81,18,2023-03-05 15:26:09.100000+00:00
7953,21,17,2023-03-05 15:26:09.100000+00:00
7953,27,18,2023-03-05 15:26:09.944000+00:00
7953,81,19,2023-03-05 15:26:09.944000+00:00
7953,24,19,2023-03-05 15:26:10.038000+00:00
7953,81,20,2023-03-05 15:26:10.038000+00:00
7953,27,19,2023-03-05 15:26:18.413000+00:00
7953,24,18,2023-03-05 15:26:18.413000+00:00
7953,27,18,2023-03-05 15:26:33.006000+00:00
7953,24,19,2023-03-05 15:26:33.006000+00:00
7953,1,2,2023-03-05 15:26:50.787000+00:00
7953,11,1,2023-03-05 15:26:50.787000+00:00
7953,14,4,2023-03-05 15:27:04.678000+00:00
7953,18,3,2023-03-05 15:27:04.678000+00:00
7953,16,4,2023-03-05 15:27:12.162000+00:00
7953,14,5,2023-03-05 15:27:12.162000+00:00
7953,55,5,2023-03-05 15:27:23.302000+00:00
7953,14,6,2023-03-05 15:27:23.302000+00:00
7953,14,7,2023-03-05 15:27:24.708000+00:00
7953,44,6,2023-03-05 15:27:24.708000+00:00
7953,14,8,2023-03-05 15:27:30.708000+00:00
7953,77,7,2023-03-05 15:27:30.708000+00:00
7953,63,9,2023-03-05 15:27:35.896000+00:00
7953,20,10,2023-03-05 15:27:35.896000+00:00
7953,16,3,2023-03-05 15:28:45.691000+00:00
7953,18,4,2023-03-05 15:28:45.691000+00:00
7953,55,4,2023-03-05 15:29:01.285000+00:00
7953,18,5,2023-03-05 15:29:01.285000+00:00
7953,44,5,2023-03-05 15:29:03.254000+00:00
7953,18,6,2023-03-05 15:29:03.254000+00:00
7953,18,7,2023-03-05 15:29:07.894000+00:00
7953,77,6,2023-03-05 15:29:07.894000+00:00
7953,14,7,2023-03-05 15:29:09.472000+00:00
7953,18,8,2023-03-05 15:29:09.472000+00:00
7953,63,8,2023-03-05 15:29:09.941000+00:00
7953,18,9,2023-03-05 15:29:09.941000+00:00
7953,23,10,2023-03-05 15:29:10.269000+00:00
7953,20,11,2023-03-05 15:29:10.269000+00:00
7953,31,13,2023-03-05 15:29:12.363000+00:00
7953,22,12,2023-03-05 15:29:12.363000+00:00
7953,22,11,2023-03-05 15:29:17.160000+00:00
7953,20,12,2023-03-05 15:29:17.160000+00:00
7953,31,14,2023-03-05 15:29:19.785000+00:00
7953,20,13,2023-03-05 15:29:19.785000+00:00
7953,10,12,2023-03-05 15:29:19.785000+00:00
7953,31,15,2023-03-05 15:29:20.269000+00:00
7953,2,13,2023-03-05 15:29:20.269000+00:00
7953,20,14,2023-03-05 15:29:20.269000+00:00
7953,31,16,2023-03-05 15:29:25.675000+00:00
7953,4,14,2023-03-05 15:29:25.675000+00:00
7953,20,15,2023-03-05 15:29:25.675000+00:00
7953,31,17,2023-03-05 15:29:26.784000+00:00
7953,20,16,2023-03-05 15:29:26.784000+00:00
7953,21,15,2023-03-05 15:29:26.784000+00:00
7953,31,18,2023-03-05 15:29:27.925000+00:00
7953,27,16,2023-03-05 15:29:27.925000+00:00
7953,20,17,2023-03-05 15:29:27.925000+00:00
7953,31,19,2023-03-05 15:29:28.691000+00:00
7953,24,17,2023-03-05 15:29:28.691000+00:00
7953,20,18,2023-03-05 15:29:28.691000+00:00
7953,14,6,2023-03-05 15:31:04.783000+00:00
7953,77,7,2023-03-05 15:31:04.783000+00:00
7953,1,1,2023-03-05 15:31:56.110000+00:00
7953,11,2,2023-03-05 15:31:56.110000+00:00
7953,11,3,2023-03-05 15:32:06.500000+00:00
7953,16,2,2023-03-05 15:32:06.500000+00:00
7953,4,15,2023-03-05 15:32:40.062000+00:00
7953,21,14,2023-03-05 15:32:40.062000+00:00
7953,63,7,2023-03-05 15:32:44.453000+00:00
7953,77,8,2023-03-05 15:32:44.453000+00:00
7953,27,15,2023-03-05 15:32:46.468000+00:00
7953,4,16,2023-03-05 15:32:46.468000+00:00
7953,4,17,2023-03-05 15:32:46.796000+00:00
7953,24,16,2023-03-05 15:32:46.796000+00:00
7953,4,18,2023-03-05 15:32:56.077000+00:00
7953,20,17,2023-03-05 15:32:56.077000+00:00
7953,27,16,2023-03-05 15:33:04.905000+00:00
7953,24,15,2023-03-05 15:33:04.905000+00:00
7953,31,18,2023-03-05 15:33:14.687000+00:00
7953,4,19,2023-03-05 15:33:14.687000+00:00
7953,18,8,2023-03-05 15:35:47.699000+00:00
7953,77,9,2023-03-05 15:35:47.699000+00:00
7953,18,9,2023-03-05 15:35:47.715000+00:00
7953,77,8,2023-03-05 15:35:47.715000+00:00
7953,18,8,2023-03-05 15:35:49.637000+00:00
7953,77,9,2023-03-05 15:35:49.637000+00:00
7953,31,19,2023-03-05 15:41:46.037000+00:00
7953,4,18,2023-03-05 15:41:46.037000+00:00
7953,24,14,2023-03-05 15:44:36.143000+00:00
7953,21,15,2023-03-05 15:44:36.143000+00:00
7953,11,2,2023-03-05 15:45:19.173000+00:00
7953,16,3,2023-03-05 15:45:19.173000+00:00
7953,2,12,2023-03-05 15:45:55.095000+00:00
7953,10,13,2023-03-05 15:45:55.095000+00:00
7953,24,13,2023-03-05 15:45:59.657000+00:00
7953,10,14,2023-03-05 15:45:59.657000+00:00
7953,21,14,2023-03-05 15:46:01.001000+00:00
7953,10,15,2023-03-05 15:46:01.001000+00:00
7953,27,15,2023-03-05 15:46:05.641000+00:00
7953,10,16,2023-03-05 15:46:05.641000+00:00
7953,20,16,2023-03-05 15:46:07.673000+00:00
7953,10,17,2023-03-05 15:46:07.673000+00:00
7953,22,12,2023-03-05 15:47:35.140000+00:00
7953,23,11,2023-03-05 15:47:35.140000+00:00
7953,2,10,2023-03-05 15:47:35.140000+00:00
7953,24,11,2023-03-05 15:47:39.093000+00:00
7953,22,13,2023-03-05 15:47:39.093000+00:00
7953,23,12,2023-03-05 15:47:39.093000+00:00
7953,22,14,2023-03-05 15:47:40.983000+00:00
7953,23,13,2023-03-05 15:47:40.983000+00:00
7953,21,12,2023-03-05 15:47:40.983000+00:00
7953,27,16,2023-03-05 15:47:42.405000+00:00
7953,20,15,2023-03-05 15:47:42.405000+00:00
7953,22,15,2023-03-05 15:47:47.249000+00:00
7953,23,14,2023-03-05 15:47:47.249000+00:00
7953,20,13,2023-03-05 15:47:47.249000+00:00
7953,27,17,2023-03-05 15:47:54.421000+00:00
7953,10,16,2023-03-05 15:47:54.421000+00:00
7953,27,18,2023-03-05 15:48:02.045000+00:00
7953,4,17,2023-03-05 15:48:02.045000+00:00
7953,31,18,2023-03-05 15:48:05.936000+00:00
7953,27,19,2023-03-05 15:48:05.936000+00:00
7953,22,16,2023-03-05 15:48:07.420000+00:00
7953,10,15,2023-03-05 15:48:07.420000+00:00
7953,22,15,2023-03-05 15:48:38.592000+00:00
7953,10,16,2023-03-05 15:48:38.592000+00:00
7953,22,16,2023-03-05 15:48:44.685000+00:00
7953,10,15,2023-03-05 15:48:44.685000+00:00
7953,20,12,2023-03-05 15:49:26.560000+00:00
7953,21,13,2023-03-05 15:49:26.560000+00:00
7953,23,13,2023-03-05 15:49:32.263000+00:00
7953,21,14,2023-03-05 15:49:32.263000+00:00
7953,21,15,2023-03-05 15:49:32.919000+00:00
7953,10,14,2023-03-05 15:49:32.919000+00:00
7953,22,15,2023-03-05 15:49:33.575000+00:00
7953,21,16,2023-03-05 15:49:33.575000+00:00
7953,31,17,2023-03-05 15:49:45.575000+00:00
7953,4,18,2023-03-05 15:49:45.575000+00:00
7953,27,18,2023-03-05 15:50:00.653000+00:00
7953,4,19,2023-03-05 15:50:00.653000+00:00
7953,77,10,2023-03-05 15:52:34.009000+00:00
7953,2,9,2023-03-05 15:52:34.009000+00:00
7953,77,11,2023-03-05 15:52:37.072000+00:00
7953,24,10,2023-03-05 15:52:37.072000+00:00
7953,23,12,2023-03-05 15:52:43.119000+00:00
7953,20,13,2023-03-05 15:52:43.119000+00:00
7953,20,14,2023-03-05 15:52:48.697000+00:00
7953,10,13,2023-03-05 15:52:48.697000+00:00
7953,22,14,2023-03-05 15:52:49.134000+00:00
7953,20,15,2023-03-05 15:52:49.134000+00:00
7953,20,16,2023-03-05 15:53:01.509000+00:00
7953,21,15,2023-03-05 15:53:01.509000+00:00
7953,31,16,2023-03-05 15:53:08.321000+00:00
7953,20,17,2023-03-05 15:53:08.321000+00:00
7953,14,5,2023-03-05 15:53:37.399000+00:00
7953,44,6,2023-03-05 15:53:37.399000+00:00
7953,63,6,2023-03-05 15:53:47.867000+00:00
7953,44,7,2023-03-05 15:53:47.867000+00:00
7953,24,9,2023-03-05 15:54:11.679000+00:00
7953,2,10,2023-03-05 15:54:11.679000+00:00
7953,77,10,2023-03-05 15:54:22.398000+00:00
7953,2,11,2023-03-05 15:54:22.398000+00:00
7953,23,11,2023-03-05 15:54:25.632000+00:00
7953,2,12,2023-03-05 15:54:25.632000+00:00
7953,2,13,2023-03-05 15:54:26.429000+00:00
7953,10,12,2023-03-05 15:54:26.429000+00:00
7953,22,13,2023-03-05 15:54:27.304000+00:00
7953,2,14,2023-03-05 15:54:27.304000+00:00
7953,55,5,2023-03-05 15:55:20.288000+00:00
7953,14,4,2023-03-05 15:55:20.288000+00:00
7953,63,7,2023-03-05 15:55:42.568000+00:00
7953,44,6,2023-03-05 15:55:42.568000+00:00
7953,63,8,2023-03-05 15:56:07.912000+00:00
7953,18,7,2023-03-05 15:56:07.912000+00:00
7953,31,17,2023-03-05 15:57:16.520000+00:00
7953,20,16,2023-03-05 15:57:16.520000+00:00
7953,77,9,2023-03-05 15:57:32.504000+00:00
7953,24,10,2023-03-05 15:57:32.504000+00:00
7953,24,11,2023-03-05 15:57:41.676000+00:00
7953,23,10,2023-03-05 15:57:41.676000+00:00
7953,24,12,2023-03-05 15:57:42.410000+00:00
7953,10,11,2023-03-05 15:57:42.410000+00:00
7953,24,13,2023-03-05 15:57:43.113000+00:00
7953,22,12,2023-03-05 15:57:43.113000+00:00
7953,24,14,2023-03-05 15:57:53.316000+00:00
7953,2,13,2023-03-05 15:57:53.316000+00:00
7953,24,15,2023-03-05 15:57:54.988000+00:00
7953,21,14,2023-03-05 15:57:54.988000+00:00
7953,31,18,2023-03-05 15:58:03.441000+00:00
7953,27,17,2023-03-05 15:58:03.441000+00:00
7953,31,19,2023-03-05 15:58:21.191000+00:00
7953,4,18,2023-03-05 15:58:21.191000+00:00
7953,16,4,2023-03-05 15:58:35.893000+00:00
7953,14,3,2023-03-05 15:58:35.893000+00:00
7953,16,3,2023-03-05 16:00:22.704000+00:00
7953,14,4,2023-03-05 16:00:22.704000+00:00
7953,55,4,2023-03-05 16:00:31.829000+00:00
7953,14,5,2023-03-05 16:00:31.829000+00:00
7953,14,6,2023-03-05 16:00:37.469000+00:00
7953,44,5,2023-03-05 16:00:37.469000+00:00
7953,14,5,2023-03-05 16:04:07.169000+00:00
7953,44,6,2023-03-05 16:04:07.169000+00:00
7953,14,6,2023-03-05 16:04:12.512000+00:00
7953,44,5,2023-03-05 16:04:12.512000+00:00
7953,14,5,2023-03-05 16:06:16.026000+00:00
7953,44,6,2023-03-05 16:06:16.026000+00:00
7953,31,18,2023-03-05 16:06:57.728000+00:00
7953,4,19,2023-03-05 16:06:57.728000+00:00
7953,16,4,2023-03-05 16:09:55.694000+00:00
7953,55,3,2023-03-05 16:09:55.694000+00:00
7953,16,5,2023-03-05 16:09:57.928000+00:00
7953,14,4,2023-03-05 16:09:57.928000+00:00
7953,16,6,2023-03-05 16:09:59.006000+00:00
7953,44,5,2023-03-05 16:09:59.006000+00:00
7953,16,7,2023-03-05 16:10:05.272000+00:00
7953,18,6,2023-03-05 16:10:05.272000+00:00
7953,16,8,2023-03-05 16:10:07.069000+00:00
7953,63,7,2023-03-05 16:10:07.069000+00:00
7953,16,9,2023-03-05 16:10:19.146000+00:00
7953,77,8,2023-03-05 16:10:19.146000+00:00
7953,16,10,2023-03-05 16:10:31.006000+00:00
7953,23,9,2023-03-05 16:10:31.006000+00:00
7953,16,11,2023-03-05 16:10:32.131000+00:00
7953,10,10,2023-03-05 16:10:32.131000+00:00
7953,16,12,2023-03-05 16:10:33.459000+00:00
7953,22,11,2023-03-05 16:10:33.459000+00:00
7953,16,13,2023-03-05 16:10:42.849000+00:00
7953,2,12,2023-03-05 16:10:42.849000+00:00
7953,16,14,2023-03-05 16:10:52.052000+00:00
7953,21,13,2023-03-05 16:10:52.052000+00:00
7953,16,15,2023-03-05 16:10:53.021000+00:00
7953,24,14,2023-03-05 16:10:53.021000+00:00
7953,16,16,2023-03-05 16:10:57.677000+00:00
7953,20,15,2023-03-05 16:10:57.677000+00:00
7953,16,17,2023-03-05 16:11:04.380000+00:00
7953,27,16,2023-03-05 16:11:04.380000+00:00
7953,22,12,2023-03-05 16:11:18.192000+00:00
7953,2,13,2023-03-05 16:11:18.192000+00:00
7953,21,11,2023-03-05 16:11:18.192000+00:00
7953,24,13,2023-03-05 16:11:19.942000+00:00
7953,2,14,2023-03-05 16:11:19.942000+00:00
7953,23,10,2023-03-05 16:11:20.395000+00:00
7953,21,9,2023-03-05 16:11:20.395000+00:00
7953,10,11,2023-03-05 16:11:20.395000+00:00
7953,24,12,2023-03-05 16:11:22.380000+00:00
7953,22,13,2023-03-05 16:11:22.380000+00:00
7953,23,9,2023-03-05 16:11:22.942000+00:00
7953,21,10,2023-03-05 16:11:22.942000+00:00
7953,21,11,2023-03-05 16:11:23.598000+00:00
7953,10,10,2023-03-05 16:11:23.598000+00:00
7953,21,10,2023-03-05 16:11:29.458000+00:00
7953,10,11,2023-03-05 16:11:29.458000+00:00
7953,21,11,2023-03-05 16:11:40.723000+00:00
7953,10,10,2023-03-05 16:11:40.723000+00:00
7953,16,18,2023-03-05 16:11:56.379000+00:00
7953,31,17,2023-03-05 16:11:56.379000+00:00
7953,16,19,2023-03-05 16:12:07.707000+00:00
7953,4,18,2023-03-05 16:12:07.707000+00:00
7953,23,10,2023-03-05 16:13:15.784000+00:00
7953,10,9,2023-03-05 16:13:15.784000+00:00
7953,24,13,2023-03-05 16:13:24.018000+00:00
7953,22,12,2023-03-05 16:13:24.018000+00:00
7953,22,11,2023-03-05 16:13:29.377000+00:00
7953,21,12,2023-03-05 16:13:29.377000+00:00
7953,31,18,2023-03-05 16:14:06.533000+00:00
7953,4,17,2023-03-05 16:14:06.533000+00:00
7953,24,12,2023-03-05 16:14:59.454000+00:00
7953,21,13,2023-03-05 16:14:59.454000+00:00
7953,2,13,2023-03-05 16:16:30.671000+00:00
7953,21,14,2023-03-05 16:16:30.671000+00:00
7953,55,4,2023-03-05 16:18:14.497000+00:00
7953,14,3,2023-03-05 16:18:14.497000+00:00
7953,24,13,2023-03-05 16:19:46.949000+00:00
7953,2,12,2023-03-05 16:19:46.949000+00:00
7953,24,12,2023-03-05 16:19:53.902000+00:00
7953,2,13,2023-03-05 16:19:53.902000+00:00
7953,24,13,2023-03-05 16:21:42.025000+00:00
7953,2,12,2023-03-05 16:21:42.025000+00:00
7953,63,6,2023-03-05 16:28:01.471000+00:00
7953,18,7,2023-03-05 16:28:01.471000+00:00
7953,63,7,2023-03-05 16:28:02.893000+00:00
7953,18,6,2023-03-05 16:28:02.893000+00:00
7953,20,14,2023-03-05 16:28:09.299000+00:00
7953,21,15,2023-03-05 16:28:09.299000+00:00
7953,24,14,2023-03-05 16:34:39.823000+00:00
7953,20,13,2023-03-05 16:34:39.823000+00:00
7953,24,15,2023-03-05 16:34:44.479000+00:00
7953,21,14,2023-03-05 16:34:44.479000+00:00
7953,27,15,2023-03-05 16:34:46.464000+00:00
7953,24,16,2023-03-05 16:34:46.464000+00:00
7779,11,1,2023-03-19 16:01:05.770000+00:00
7779,14,2,2023-03-19 16:01:05.770000+00:00
7779,63,3,2023-03-19 16:01:05.770000+00:00
7779,55,4,2023-03-19 16:01:05.770000+00:00
7779,18,5,2023-03-19 16:01:05.770000+00:00
7779,31,6,2023-03-19 16:01:05.770000+00:00
7779,44,7,2023-03-19 16:01:05.770000+00:00
7779,81,8,2023-03-19 16:01:05.770000+00:00
7779,10,9,2023-03-19 16:01:05.770000+00:00
7779,27,10,2023-03-19 16:01:05.770000+00:00
7779,24,11,2023-03-19 16:01:05.770000+00:00
7779,16,12,2023-03-19 16:01:05.770000+00:00
7779,20,13,2023-03-19 16:01:05.770000+00:00
7779,77,14,2023-03-19 16:01:05.770000+00:00
7779,1,15,2023-03-19 16:01:05.770000+00:00
7779,22,16,2023-03-19 16:01:05.770000+00:00
7779,23,17,2023-03-19 16:01:05.770000+00:00
7779,21,18,2023-03-19 16:01:05.770000+00:00
7779,4,19,2023-03-19 16:01:05.770000+00:00
7779,2,20,2023-03-19 16:01:05.770000+00:00
7779,11,2,2023-03-19 17:03:57.623000+00:00
7779,14,1,2023-03-19 17:03:57.623000+00:00
7779,27,11,2023-03-19 17:03:59.389000+00:00
7779,24,12,2023-03-19 17:03:59.389000+00:00
7779,16,10,2023-03-19 17:03:59.389000+00:00
7779,27,12,2023-03-19 17:03:59.404000+00:00
7779,24,11,2023-03-19 17:03:59.404000+00:00
7779,22,17,2023-03-19 17:04:00.311000+00:00
7779,23,16,2023-03-19 17:04:00.311000+00:00
7779,22,16,2023-03-19 17:04:00.389000+00:00
7779,23,17,2023-03-19 17:04:00.389000+00:00
7779,21,19,2023-03-19 17:04:00.498000+00:00
7779,4,18,2023-03-19 17:04:00.498000+00:00
7779,81,9,2023-03-19 17:04:02.842000+00:00
7779,10,8,2023-03-19 17:04:02.842000+00:00
7779,81,8,2023-03-19 17:04:07.935000+00:00
7779,10,9,2023-03-19 17:04:07.935000+00:00
7779,22,17,2023-03-19 17:04:13.779000+00:00
7779,23,16,2023-03-19 17:04:13.779000+00:00
7779,22,16,2023-03-19 17:04:19.466000+00:00
7779,23,17,2023-03-19 17:04:19.466000+00:00
7779,55,5,2023-03-19 17:04:32.904000+00:00
7779,18,4,2023-03-19 17:04:32.904000+00:00
7779,81,9,2023-03-19 17:04:41.607000+00:00
7779,10,8,2023-03-19 17:04:41.607000+00:00
7779,22,17,2023-03-19 17:04:43.560000+00:00
7779,23,16,2023-03-19 17:04:43.560000+00:00
7779,22,16,2023-03-19 17:04:48.232000+00:00
7779,23,17,2023-03-19 17:04:48.232000+00:00
7779,81,10,2023-03-19 17:04:57.294000+00:00
7779,16,9,2023-03-19 17:04:57.294000+00:00
7779,81,9,2023-03-19 17:05:03.497000+00:00
7779,16,10,2023-03-19 17:05:03.497000+00:00
7779,81,10,2023-03-19 17:05:05.981000+00:00
7779,16,9,2023-03-19 17:05:05.981000+00:00
7779,27,13,2023-03-19 17:05:06.716000+00:00
7779,20,12,2023-03-19 17:05:06.716000+00:00
7779,77,15,2023-03-19 17:05:21.637000+00:00
7779,1,14,2023-03-19 17:05:21.637000+00:00
7779,81,11,2023-03-19 17:05:23.856000+00:00
7779,24,10,2023-03-19 17:05:23.856000+00:00
7779,81,10,2023-03-19 17:05:27.981000+00:00
7779,24,11,2023-03-19 17:05:27.981000+00:00
7779,81,11,2023-03-19 17:05:35.528000+00:00
7779,24,10,2023-03-19 17:05:35.528000+00:00
7779,81,12,2023-03-19 17:05:35.637000+00:00
7779,20,11,2023-03-19 17:05:35.637000+00:00
7779,81,13,2023-03-19 17:05:35.715000+00:00
7779,27,12,2023-03-19 17:05:35.715000+00:00
7779,81,14,2023-03-19 17:05:36.153000+00:00
7779,1,13,2023-03-19 17:05:36.153000+00:00
7779,81,15,2023-03-19 17:05:36.684000+00:00
7779,77,16,2023-03-19 17:05:36.684000+00:00
7779,22,14,2023-03-19 17:05:36.684000+00:00
7779,81,16,2023-03-19 17:05:36.746000+00:00
7779,77,15,2023-03-19 17:05:36.746000+00:00
7779,81,17,2023-03-19 17:05:37.043000+00:00
7779,23,16,2023-03-19 17:05:37.043000+00:00
7779,81,18,2023-03-19 17:05:37.293000+00:00
7779,4,17,2023-03-19 17:05:37.293000+00:00
7779,81,19,2023-03-19 17:05:37.684000+00:00
7779,21,18,2023-03-19 17:05:37.684000+00:00
7779,24,11,2023-03-19 17:05:38.996000+00:00
7779,20,10,2023-03-19 17:05:38.996000+00:00
7779,81,20,2023-03-19 17:05:41.559000+00:00
7779,2,19,2023-03-19 17:05:41.559000+00:00
7779,24,10,2023-03-19 17:05:44.355000+00:00
7779,20,11,2023-03-19 17:05:44.355000+00:00
7779,21,19,2023-03-19 17:06:25.792000+00:00
7779,2,18,2023-03-19 17:06:25.792000+00:00
7779,4,18,2023-03-19 17:07:17.651000+00:00
7779,2,17,2023-03-19 17:07:17.651000+00:00
7779,21,18,2023-03-19 17:07:18.416000+00:00
7779,4,19,2023-03-19 17:07:18.416000+00:00
7779,81,19,2023-03-19 17:07:46.650000+00:00
7779,4,20,2023-03-19 17:07:46.650000+00:00
7779,11,1,2023-03-19 17:08:47.649000+00:00
7779,14,2,2023-03-19 17:08:47.649000+00:00
7779,27,13,2023-03-19 17:09:08.211000+00:00
7779,1,12,2023-03-19 17:09:08.211000+00:00
7779,20,12,2023-03-19 17:10:30.132000+00:00
7779,1,11,2023-03-19 17:10:30.132000+00:00
7779,27,12,2023-03-19 17:12:07.505000+00:00
7779,20,13,2023-03-19 17:12:07.505000+00:00
7779,10,9,2023-03-19 17:13:43.362000+00:00
7779,16,8,2023-03-19 17:13:43.362000+00:00
7779,24,11,2023-03-19 17:15:22.361000+00:00
7779,1,10,2023-03-19 17:15:22.361000+00:00
7779,77,16,2023-03-19 17:15:30.345000+00:00
7779,23,15,2023-03-19 17:15:30.345000+00:00
7779,21,17,2023-03-19 17:15:37.173000+00:00
7779,2,18,2023-03-19 17:15:37.173000+00:00
7779,44,8,2023-03-19 17:16:55.031000+00:00
7779,16,7,2023-03-19 17:16:55.031000+00:00
7779,20,14,2023-03-19 17:16:55.593000+00:00
7779,22,13,2023-03-19 17:16:55.593000+00:00
7779,20,15,2023-03-19 17:17:02.062000+00:00
7779,23,14,2023-03-19 17:17:02.062000+00:00
7779,20,16,2023-03-19 17:17:03.484000+00:00
7779,77,15,2023-03-19 17:17:03.484000+00:00
7779,20,17,2023-03-19 17:17:03.656000+00:00
7779,21,16,2023-03-19 17:17:03.656000+00:00
7779,20,18,2023-03-19 17:17:04.187000+00:00
7779,2,17,2023-03-19 17:17:04.187000+00:00
7779,10,10,2023-03-19 17:18:13.326000+00:00
7779,1,9,2023-03-19 17:18:13.326000+00:00
7779,77,16,2023-03-19 17:18:37.623000+00:00
7779,21,15,2023-03-19 17:18:37.623000+00:00
7779,77,17,2023-03-19 17:18:38.154000+00:00
7779,2,16,2023-03-19 17:18:38.154000+00:00
7779,20,17,2023-03-19 17:18:53.013000+00:00
7779,77,18,2023-03-19 17:18:53.013000+00:00
7779,81,18,2023-03-19 17:18:55.888000+00:00
7779,77,19,2023-03-19 17:18:55.888000+00:00
7779,44,9,2023-03-19 17:21:38.401000+00:00
7779,1,8,2023-03-19 17:21:38.401000+00:00
7779,27,13,2023-03-19 17:21:44.276000+00:00
7779,22,12,2023-03-19 17:21:44.276000+00:00
7779,24,12,2023-03-19 17:21:47.713000+00:00
7779,22,11,2023-03-19 17:21:47.713000+00:00
7779,27,14,2023-03-19 17:21:50.354000+00:00
7779,24,13,2023-03-19 17:21:50.354000+00:00
7779,23,12,2023-03-19 17:21:50.354000+00:00
7779,27,15,2023-03-19 17:21:54.244000+00:00
7779,24,14,2023-03-19 17:21:54.244000+00:00
7779,21,13,2023-03-19 17:21:54.244000+00:00
7779,27,16,2023-03-19 17:21:54.932000+00:00
7779,24,15,2023-03-19 17:21:54.932000+00:00
7779,2,14,2023-03-19 17:21:54.932000+00:00
7779,27,17,2023-03-19 17:22:04.603000+00:00
7779,20,16,2023-03-19 17:22:04.603000+00:00
7779,24,16,2023-03-19 17:22:15.056000+00:00
7779,20,15,2023-03-19 17:22:15.056000+00:00
7779,31,7,2023-03-19 17:23:16.540000+00:00
7779,16,6,2023-03-19 17:23:16.540000+00:00
7779,27,16,2023-03-19 17:23:27.211000+00:00
7779,24,17,2023-03-19 17:23:27.211000+00:00
7779,27,17,2023-03-19 17:23:41.695000+00:00
7779,24,16,2023-03-19 17:23:41.695000+00:00
7779,55,4,2023-03-19 17:24:38.851000+00:00
7779,18,5,2023-03-19 17:24:38.851000+00:00
7779,18,6,2023-03-19 17:24:46.694000+00:00
7779,16,5,2023-03-19 17:24:46.694000+00:00
7779,18,7,2023-03-19 17:24:48.397000+00:00
7779,31,6,2023-03-19 17:24:48.397000+00:00
7779,18,8,2023-03-19 17:24:48.429000+00:00
7779,1,7,2023-03-19 17:24:48.429000+00:00
7779,18,9,2023-03-19 17:24:50.835000+00:00
7779,44,8,2023-03-19 17:24:50.835000+00:00
7779,18,10,2023-03-19 17:24:52.741000+00:00
7779,10,9,2023-03-19 17:24:52.741000+00:00
7779,31,7,2023-03-19 17:24:53.757000+00:00
7779,1,6,2023-03-19 17:24:53.757000+00:00
7779,18,11,2023-03-19 17:24:59.678000+00:00
7779,22,10,2023-03-19 17:24:59.678000+00:00
7779,10,10,2023-03-19 17:26:35.598000+00:00
7779,22,9,2023-03-19 17:26:35.598000+00:00
7779,18,10,2023-03-19 17:26:38.989000+00:00
7779,10,11,2023-03-19 17:26:38.989000+00:00
7779,10,12,2023-03-19 17:26:39.177000+00:00
7779,23,11,2023-03-19 17:26:39.177000+00:00
7779,10,13,2023-03-19 17:26:42.958000+00:00
7779,21,12,2023-03-19 17:26:42.958000+00:00
7779,10,14,2023-03-19 17:26:44.192000+00:00
7779,2,13,2023-03-19 17:26:44.192000+00:00
7779,55,5,2023-03-19 17:27:56.394000+00:00
7779,16,4,2023-03-19 17:27:56.394000+00:00
7779,55,6,2023-03-19 17:27:57.331000+00:00
7779,1,5,2023-03-19 17:27:57.331000+00:00
7779,55,7,2023-03-19 17:28:01.175000+00:00
7779,31,6,2023-03-19 17:28:01.175000+00:00
7779,55,8,2023-03-19 17:28:02.222000+00:00
7779,44,7,2023-03-19 17:28:02.222000+00:00
7779,55,9,2023-03-19 17:28:16.612000+00:00
7779,22,8,2023-03-19 17:28:16.612000+00:00
7779,16,5,2023-03-19 17:29:28.439000+00:00
7779,1,4,2023-03-19 17:29:28.439000+00:00
7779,31,7,2023-03-19 17:29:34.002000+00:00
7779,44,6,2023-03-19 17:29:34.002000+00:00
7779,44,5,2023-03-19 17:29:37.376000+00:00
7779,16,6,2023-03-19 17:29:37.376000+00:00
7779,31,8,2023-03-19 17:29:46.861000+00:00
7779,16,7,2023-03-19 17:29:46.861000+00:00
7779,22,6,2023-03-19 17:29:46.861000+00:00
7779,55,7,2023-03-19 17:29:48.267000+00:00
7779,31,9,2023-03-19 17:29:48.267000+00:00
7779,16,8,2023-03-19 17:29:48.267000+00:00
7779,18,9,2023-03-19 17:29:51.845000+00:00
7779,31,10,2023-03-19 17:29:51.845000+00:00
7779,31,11,2023-03-19 17:29:52.751000+00:00
7779,23,10,2023-03-19 17:29:52.751000+00:00
7779,31,12,2023-03-19 17:29:55.110000+00:00
7779,21,11,2023-03-19 17:29:55.110000+00:00
7779,31,13,2023-03-19 17:30:02.142000+00:00
7779,2,12,2023-03-19 17:30:02.142000+00:00
7779,18,10,2023-03-19 17:30:34.579000+00:00
7779,23,9,2023-03-19 17:30:34.579000+00:00
7779,18,11,2023-03-19 17:30:36.610000+00:00
7779,21,10,2023-03-19 17:30:36.610000+00:00
7779,18,12,2023-03-19 17:30:38.594000+00:00
7779,2,11,2023-03-19 17:30:38.594000+00:00
7779,18,13,2023-03-19 17:30:39.422000+00:00
7779,31,12,2023-03-19 17:30:39.422000+00:00
7779,18,14,2023-03-19 17:30:41.766000+00:00
7779,10,13,2023-03-19 17:30:41.766000+00:00
7779,18,15,2023-03-19 17:30:43.594000+00:00
7779,20,14,2023-03-19 17:30:43.594000+00:00
7779,18,16,2023-03-19 17:30:45.672000+00:00
7779,24,15,2023-03-19 17:30:45.672000+00:00
7779,18,17,2023-03-19 17:30:48.297000+00:00
7779,27,16,2023-03-19 17:30:48.297000+00:00
7779,18,18,2023-03-19 17:30:50.969000+00:00
7779,81,17,2023-03-19 17:30:50.969000+00:00
7779,18,19,2023-03-19 17:30:57.266000+00:00
7779,77,18,2023-03-19 17:30:57.266000+00:00
7779,18,20,2023-03-19 17:30:58.906000+00:00
7779,4,19,2023-03-19 17:30:58.906000+00:00
7779,55,6,2023-03-19 17:31:32.312000+00:00
7779,22,7,2023-03-19 17:31:32.312000+00:00
7779,16,7,2023-03-19 17:31:34.718000+00:00
7779,22,8,2023-03-19 17:31:34.718000+00:00
7779,21,11,2023-03-19 17:31:40.437000+00:00
7779,2,10,2023-03-19 17:31:40.437000+00:00
7779,22,9,2023-03-19 17:31:45.030000+00:00
7779,23,10,2023-03-19 17:31:45.030000+00:00
7779,2,8,2023-03-19 17:31:45.030000+00:00
7779,31,10,2023-03-19 17:31:46.780000+00:00
7779,23,11,2023-03-19 17:31:46.780000+00:00
7779,21,12,2023-03-19 17:31:46.780000+00:00
7779,10,11,2023-03-19 17:31:49.296000+00:00
7779,23,12,2023-03-19 17:31:49.296000+00:00
7779,21,13,2023-03-19 17:31:49.296000+00:00
7779,20,12,2023-03-19 17:31:51.827000+00:00
7779,23,13,2023-03-19 17:31:51.827000+00:00
7779,21,14,2023-03-19 17:31:51.827000+00:00
7779,24,14,2023-03-19 17:31:55.124000+00:00
7779,21,15,2023-03-19 17:31:55.124000+00:00
7779,27,15,2023-03-19 17:31:57.952000+00:00
7779,21,16,2023-03-19 17:31:57.952000+00:00
7779,31,9,2023-03-19 17:31:59.155000+00:00
7779,22,10,2023-03-19 17:31:59.155000+00:00
7779,31,10,2023-03-19 17:32:06.014000+00:00
7779,22,9,2023-03-19 17:32:06.014000+00:00
7779,77,19,2023-03-19 17:32:09.171000+00:00
7779,4,18,2023-03-19 17:32:09.171000+00:00
7779,55,5,2023-03-19 17:33:43.575000+00:00
7779,44,6,2023-03-19 17:33:43.575000+00:00
7779,22,8,2023-03-19 17:33:55.044000+00:00
7779,2,9,2023-03-19 17:33:55.044000+00:00
7779,31,9,2023-03-19 17:33:56.372000+00:00
7779,2,10,2023-03-19 17:33:56.372000+00:00
7779,10,10,2023-03-19 17:34:03.434000+00:00
7779,2,11,2023-03-19 17:34:03.434000+00:00
7779,20,11,2023-03-19 17:34:06.903000+00:00
7779,2,12,2023-03-19 17:34:06.903000+00:00
7779,23,12,2023-03-19 17:34:08.700000+00:00
7779,2,13,2023-03-19 17:34:08.700000+00:00
7779,27,13,2023-03-19 17:34:13.621000+00:00
7779,24,15,2023-03-19 17:34:13.621000+00:00
7779,2,14,2023-03-19 17:34:13.621000+00:00
7779,24,16,2023-03-19 17:34:14.825000+00:00
7779,21,14,2023-03-19 17:34:14.825000+00:00
7779,2,15,2023-03-19 17:34:14.825000+00:00
7779,81,16,2023-03-19 17:34:17.434000+00:00
7779,24,17,2023-03-19 17:34:17.434000+00:00
7779,77,18,2023-03-19 17:36:41.213000+00:00
7779,4,19,2023-03-19 17:36:41.213000+00:00
7779,27,12,2023-03-19 17:38:47.085000+00:00
7779,23,13,2023-03-19 17:38:47.085000+00:00
7779,21,15,2023-03-19 17:38:47.679000+00:00
7779,2,14,2023-03-19 17:38:47.679000+00:00
7779,81,17,2023-03-19 17:38:54.382000+00:00
7779,24,16,2023-03-19 17:38:54.382000+00:00
7779,81,18,2023-03-19 17:40:27.787000+00:00
7779,77,17,2023-03-19 17:40:27.787000+00:00
7779,55,6,2023-03-19 17:40:31.786000+00:00
7779,44,5,2023-03-19 17:40:31.786000+00:00
7779,81,17,2023-03-19 17:40:33.380000+00:00
7779,77,18,2023-03-19 17:40:33.380000+00:00
7779,77,19,2023-03-19 17:41:51.598000+00:00
7779,4,18,2023-03-19 17:41:51.598000+00:00
7779,24,15,2023-03-19 17:42:04.394000+00:00
7779,21,16,2023-03-19 17:42:04.394000+00:00
7779,63,4,2023-03-19 17:43:12.252000+00:00
7779,1,3,2023-03-19 17:43:12.252000+00:00
7779,31,8,2023-03-19 17:43:35.580000+00:00
7779,22,9,2023-03-19 17:43:35.580000+00:00
7779,14,3,2023-03-19 17:45:03.657000+00:00
7779,1,2,2023-03-19 17:45:03.657000+00:00
7779,10,9,2023-03-19 17:45:17.766000+00:00
7779,22,10,2023-03-19 17:45:17.766000+00:00
7779,81,18,2023-03-19 17:45:18.500000+00:00
7779,4,17,2023-03-19 17:45:18.500000+00:00
7779,23,14,2023-03-19 17:48:09.684000+00:00
7779,2,13,2023-03-19 17:48:09.684000+00:00
7779,24,14,2023-03-19 17:48:17.481000+00:00
7779,23,15,2023-03-19 17:48:17.481000+00:00
7779,23,16,2023-03-19 17:48:28.450000+00:00
7779,21,15,2023-03-19 17:48:28.450000+00:00
7779,23,17,2023-03-19 17:48:34.496000+00:00
7779,4,16,2023-03-19 17:48:34.496000+00:00
7779,81,17,2023-03-19 17:48:41.246000+00:00
7779,23,18,2023-03-19 17:48:41.246000+00:00
7779,77,18,2023-03-19 17:48:43.824000+00:00
7779,23,19,2023-03-19 17:48:43.824000+00:00
7779,24,13,2023-03-19 18:06:02.259000+00:00
7779,2,14,2023-03-19 18:06:02.259000+00:00
7779,21,14,2023-03-19 18:12:08.627000+00:00
7779,2,15,2023-03-19 18:12:08.627000+00:00
7779,81,16,2023-03-19 18:16:52.013000+00:00
7779,4,17,2023-03-19 18:16:52.013000+00:00
7779,81,17,2023-03-19 18:17:12.122000+00:00
7779,4,16,2023-03-19 18:17:12.122000+00:00
7779,20,10,2023-03-19 18:18:12.667000+00:00
7779,22,11,2023-03-19 18:18:12.667000+00:00
7779,20,11,2023-03-19 18:18:19.886000+00:00
7779,22,10,2023-03-19 18:18:19.886000+00:00
7779,20,10,2023-03-19 18:18:29.511000+00:00
7779,22,11,2023-03-19 18:18:29.511000+00:00
7779,81,16,2023-03-19 18:21:56.320000+00:00
7779,4,17,2023-03-19 18:21:56.320000+00:00
7779,81,15,2023-03-19 18:25:04.801000+00:00
7779,2,16,2023-03-19 18:25:04.801000+00:00
7787,1,1,2023-04-02 04:01:07.899000+00:00
7787,63,2,2023-04-02 04:01:07.899000+00:00
7787,44,3,2023-04-02 04:01:07.899000+00:00
7787,14,4,2023-04-02 04:01:07.899000+00:00
7787,55,5,2023-04-02 04:01:07.899000+00:00
7787,18,6,2023-04-02 04:01:07.899000+00:00
7787,16,7,2023-04-02 04:01:07.899000+00:00
7787,23,8,2023-04-02 04:01:07.899000+00:00
7787,10,9,2023-04-02 04:01:07.899000+00:00
7787,27,10,2023-04-02 04:01:07.899000+00:00
7787,31,11,2023-04-02 04:01:07.899000+00:00
7787,22,12,2023-04-02 04:01:07.899000+00:00
7787,4,13,2023-04-02 04:01:07.899000+00:00
7787,20,14,2023-04-02 04:01:07.899000+00:00
7787,21,15,2023-04-02 04:01:07.899000+00:00
7787,81,16,2023-04-02 04:01:07.899000+00:00
7787,24,17,2023-04-02 04:01:07.899000+00:00
7787,2,18,2023-04-02 04:01:07.899000+00:00
7787,77,19,2023-04-02 04:01:07.899000+00:00
7787,11,20,2023-04-02 04:01:07.899000+00:00
7787,23,9,2023-04-02 05:03:28.996000+00:00
7787,10,8,2023-04-02 05:03:28.996000+00:00
7787,27,11,2023-04-02 05:03:28.996000+00:00
7787,31,10,2023-04-02 05:03:28.996000+00:00
7787,21,16,2023-04-02 05:03:29.496000+00:00
7787,81,15,2023-04-02 05:03:29.496000+00:00
7787,1,2,2023-04-02 05:03:32.793000+00:00
7787,63,1,2023-04-02 05:03:32.793000+00:00
7787,77,20,2023-04-02 05:03:34.824000+00:00
7787,11,19,2023-04-02 05:03:34.824000+00:00
7787,21,17,2023-04-02 05:03:36.231000+00:00
7787,24,16,2023-04-02 05:03:36.231000+00:00
7787,14,5,2023-04-02 05:03:37.418000+00:00
7787,55,4,2023-04-02 05:03:37.418000+00:00
7787,44,4,2023-04-02 05:03:40.621000+00:00
7787,55,3,2023-04-02 05:03:40.621000+00:00
7787,18,7,2023-04-02 05:03:41.106000+00:00
7787,16,6,2023-04-02 05:03:41.106000+00:00
7787,81,16,2023-04-02 05:03:43.418000+00:00
7787,24,15,2023-04-02 05:03:43.418000+00:00
7787,1,3,2023-04-02 05:03:44.684000+00:00
7787,44,2,2023-04-02 05:03:44.684000+00:00
7787,55,4,2023-04-02 05:03:44.684000+00:00
7787,18,8,2023-04-02 05:03:45.840000+00:00
7787,16,7,2023-04-02 05:03:45.840000+00:00
7787,23,6,2023-04-02 05:03:45.840000+00:00
7787,10,9,2023-04-02 05:03:45.840000+00:00
7787,18,7,2023-04-02 05:03:45.887000+00:00
7787,16,8,2023-04-02 05:03:45.887000+00:00
7787,16,9,2023-04-02 05:03:46.277000+00:00
7787,10,8,2023-04-02 05:03:46.277000+00:00
7787,16,10,2023-04-02 05:03:46.355000+00:00
7787,31,9,2023-04-02 05:03:46.355000+00:00
7787,16,11,2023-04-02 05:03:46.496000+00:00
7787,27,10,2023-04-02 05:03:46.496000+00:00
7787,16,12,2023-04-02 05:03:46.793000+00:00
7787,22,11,2023-04-02 05:03:46.793000+00:00
7787,16,13,2023-04-02 05:03:47.059000+00:00
7787,4,12,2023-04-02 05:03:47.059000+00:00
7787,16,14,2023-04-02 05:03:47.371000+00:00
7787,20,13,2023-04-02 05:03:47.371000+00:00
7787,16,15,2023-04-02 05:03:47.684000+00:00
7787,81,14,2023-04-02 05:03:47.684000+00:00
7787,24,16,2023-04-02 05:03:47.684000+00:00
7787,16,16,2023-04-02 05:03:47.699000+00:00
7787,81,15,2023-04-02 05:03:47.699000+00:00
7787,24,14,2023-04-02 05:03:47.699000+00:00
7787,16,17,2023-04-02 05:03:48.309000+00:00
7787,21,16,2023-04-02 05:03:48.309000+00:00
7787,16,18,2023-04-02 05:03:48.699000+00:00
7787,2,17,2023-04-02 05:03:48.699000+00:00
7787,16,19,2023-04-02 05:03:52.012000+00:00
7787,11,18,2023-04-02 05:03:52.012000+00:00
7787,81,14,2023-04-02 05:03:53.074000+00:00
7787,24,15,2023-04-02 05:03:53.074000+00:00
7787,16,20,2023-04-02 05:03:53.246000+00:00
7787,77,19,2023-04-02 05:03:53.246000+00:00
7787,21,17,2023-04-02 05:04:18.433000+00:00
7787,2,16,2023-04-02 05:04:18.433000+00:00
7787,21,16,2023-04-02 05:04:23.027000+00:00
7787,2,17,2023-04-02 05:04:23.027000+00:00
7787,27,9,2023-04-02 05:05:01.620000+00:00
7787,31,10,2023-04-02 05:05:01.620000+00:00
7787,31,11,2023-04-02 05:05:03.433000+00:00
7787,22,10,2023-04-02 05:05:03.433000+00:00
7787,31,12,2023-04-02 05:05:05.667000+00:00
7787,4,11,2023-04-02 05:05:05.667000+00:00
7787,31,13,2023-04-02 05:05:06.683000+00:00
7787,20,12,2023-04-02 05:05:06.683000+00:00
7787,31,14,2023-04-02 05:05:07.339000+00:00
7787,81,13,2023-04-02 05:05:07.339000+00:00
7787,31,15,2023-04-02 05:05:08.480000+00:00
7787,21,14,2023-04-02 05:05:08.480000+00:00
7787,24,16,2023-04-02 05:05:08.480000+00:00
7787,2,18,2023-04-02 05:07:23.431000+00:00
7787,77,17,2023-04-02 05:07:23.431000+00:00
7787,11,19,2023-04-02 05:07:23.431000+00:00
7787,2,19,2023-04-02 05:07:42.759000+00:00
7787,11,18,2023-04-02 05:07:42.759000+00:00
7787,77,18,2023-04-02 05:10:25.898000+00:00
7787,11,17,2023-04-02 05:10:25.898000+00:00
7787,24,17,2023-04-02 05:13:10.255000+00:00
7787,11,16,2023-04-02 05:13:10.255000+00:00
7787,18,6,2023-04-02 05:14:09.661000+00:00
7787,23,7,2023-04-02 05:14:09.661000+00:00
7787,23,8,2023-04-02 05:14:11.145000+00:00
7787,10,7,2023-04-02 05:14:11.145000+00:00
7787,23,9,2023-04-02 05:14:12.098000+00:00
7787,27,8,2023-04-02 05:14:12.098000+00:00
7787,23,10,2023-04-02 05:14:14.442000+00:00
7787,22,9,2023-04-02 05:14:14.442000+00:00
7787,23,11,2023-04-02 05:14:14.817000+00:00
7787,4,10,2023-04-02 05:14:14.817000+00:00
7787,23,12,2023-04-02 05:14:15.504000+00:00
7787,20,11,2023-04-02 05:14:15.504000+00:00
7787,23,13,2023-04-02 05:14:16.286000+00:00
7787,81,12,2023-04-02 05:14:16.286000+00:00
7787,23,14,2023-04-02 05:14:17.395000+00:00
7787,21,13,2023-04-02 05:14:17.395000+00:00
7787,23,15,2023-04-02 05:14:18.317000+00:00
7787,31,14,2023-04-02 05:14:18.317000+00:00
7787,23,16,2023-04-02 05:14:19.223000+00:00
7787,11,15,2023-04-02 05:14:19.223000+00:00
7787,23,17,2023-04-02 05:14:20.317000+00:00
7787,24,16,2023-04-02 05:14:20.317000+00:00
7787,23,18,2023-04-02 05:14:21.692000+00:00
7787,77,17,2023-04-02 05:14:21.692000+00:00
7787,23,19,2023-04-02 05:14:22.598000+00:00
7787,2,18,2023-04-02 05:14:22.598000+00:00
7787,63,2,2023-04-02 05:14:58.582000+00:00
7787,44,1,2023-04-02 05:14:58.582000+00:00
7787,1,2,2023-04-02 05:14:59.895000+00:00
7787,63,3,2023-04-02 05:14:59.895000+00:00
7787,63,4,2023-04-02 05:15:03.176000+00:00
7787,14,3,2023-04-02 05:15:03.176000+00:00
7787,55,5,2023-04-02 05:15:03.176000+00:00
7787,63,5,2023-04-02 05:15:08.691000+00:00
7787,55,6,2023-04-02 05:15:08.691000+00:00
7787,18,4,2023-04-02 05:15:08.691000+00:00
7787,63,6,2023-04-02 05:15:09.051000+00:00
7787,55,7,2023-04-02 05:15:09.051000+00:00
7787,10,5,2023-04-02 05:15:09.051000+00:00
7787,63,7,2023-04-02 05:15:11.676000+00:00
7787,55,8,2023-04-02 05:15:11.676000+00:00
7787,27,6,2023-04-02 05:15:11.676000+00:00
7787,63,8,2023-04-02 05:15:16.707000+00:00
7787,55,9,2023-04-02 05:15:16.707000+00:00
7787,22,7,2023-04-02 05:15:16.707000+00:00
7787,63,9,2023-04-02 05:15:17.738000+00:00
7787,55,10,2023-04-02 05:15:17.738000+00:00
7787,4,8,2023-04-02 05:15:17.738000+00:00
7787,63,10,2023-04-02 05:15:18.426000+00:00
7787,55,11,2023-04-02 05:15:18.426000+00:00
7787,20,12,2023-04-02 05:15:18.426000+00:00
7787,81,9,2023-04-02 05:15:18.426000+00:00
7787,63,7,2023-04-02 05:15:19.051000+00:00
7787,22,8,2023-04-02 05:15:19.051000+00:00
7787,4,9,2023-04-02 05:15:19.051000+00:00
7787,81,10,2023-04-02 05:15:19.051000+00:00
7787,55,12,2023-04-02 05:15:19.707000+00:00
7787,20,13,2023-04-02 05:15:19.707000+00:00
7787,21,11,2023-04-02 05:15:19.707000+00:00
7787,55,13,2023-04-02 05:15:20.129000+00:00
7787,31,12,2023-04-02 05:15:20.129000+00:00
7787,20,14,2023-04-02 05:15:20.129000+00:00
7787,55,14,2023-04-02 05:15:20.894000+00:00
7787,20,15,2023-04-02 05:15:20.894000+00:00
7787,11,13,2023-04-02 05:15:20.894000+00:00
7787,55,15,2023-04-02 05:15:21.910000+00:00
7787,20,16,2023-04-02 05:15:21.910000+00:00
7787,24,14,2023-04-02 05:15:21.910000+00:00
7787,55,8,2023-04-02 05:15:22.285000+00:00
7787,31,13,2023-04-02 05:15:22.285000+00:00
7787,22,9,2023-04-02 05:15:22.285000+00:00
7787,4,10,2023-04-02 05:15:22.285000+00:00
7787,21,12,2023-04-02 05:15:22.285000+00:00
7787,81,11,2023-04-02 05:15:22.285000+00:00
7787,24,15,2023-04-02 05:15:22.285000+00:00
7787,11,14,2023-04-02 05:15:22.285000+00:00
7787,20,17,2023-04-02 05:15:23.879000+00:00
7787,77,16,2023-04-02 05:15:23.879000+00:00
7787,20,18,2023-04-02 05:15:24.629000+00:00
7787,2,17,2023-04-02 05:15:24.629000+00:00
7787,55,9,2023-04-02 05:15:26.629000+00:00
7787,22,8,2023-04-02 05:15:26.629000+00:00
7787,55,10,2023-04-02 05:15:27.300000+00:00
7787,4,9,2023-04-02 05:15:27.300000+00:00
7787,55,11,2023-04-02 05:15:28.082000+00:00
7787,81,10,2023-04-02 05:15:28.082000+00:00
7787,31,14,2023-04-02 05:34:43.459000+00:00
7787,21,13,2023-04-02 05:34:43.459000+00:00
7787,24,12,2023-04-02 05:34:43.459000+00:00
7787,11,15,2023-04-02 05:34:43.459000+00:00
7787,21,12,2023-04-02 05:34:43.537000+00:00
7787,24,13,2023-04-02 05:34:43.537000+00:00
7787,2,15,2023-04-02 05:34:46.928000+00:00
7787,77,17,2023-04-02 05:34:46.928000+00:00
7787,11,16,2023-04-02 05:34:46.928000+00:00
7787,31,13,2023-04-02 05:35:00.646000+00:00
7787,24,14,2023-04-02 05:35:00.646000+00:00
7787,24,15,2023-04-02 05:35:02.021000+00:00
7787,2,16,2023-04-02 05:35:02.021000+00:00
7787,11,14,2023-04-02 05:35:02.021000+00:00
7787,2,17,2023-04-02 05:35:04.740000+00:00
7787,77,16,2023-04-02 05:35:04.740000+00:00
7787,31,14,2023-04-02 05:36:53.161000+00:00
7787,11,13,2023-04-02 05:36:53.161000+00:00
7787,2,16,2023-04-02 05:36:53.551000+00:00
7787,77,17,2023-04-02 05:36:53.551000+00:00
7787,18,5,2023-04-02 05:36:55.411000+00:00
7787,10,4,2023-04-02 05:36:55.411000+00:00
7787,63,6,2023-04-02 05:36:55.645000+00:00
7787,27,7,2023-04-02 05:36:55.645000+00:00
7787,55,10,2023-04-02 05:36:56.317000+00:00
7787,81,11,2023-04-02 05:36:56.317000+00:00
7787,31,13,2023-04-02 05:36:56.567000+00:00
7787,11,14,2023-04-02 05:36:56.567000+00:00
7787,24,14,2023-04-02 05:36:56.817000+00:00
7787,11,15,2023-04-02 05:36:56.817000+00:00
7787,22,9,2023-04-02 05:36:58.176000+00:00
7787,4,8,2023-04-02 05:36:58.176000+00:00
7787,31,12,2023-04-02 05:36:58.582000+00:00
7787,21,13,2023-04-02 05:36:58.582000+00:00
7787,63,5,2023-04-02 05:37:03.707000+00:00
7787,18,6,2023-04-02 05:37:03.707000+00:00
7787,2,15,2023-04-02 05:37:05.457000+00:00
7787,11,16,2023-04-02 05:37:05.457000+00:00
7787,20,16,2023-04-02 05:37:05.629000+00:00
7787,77,18,2023-04-02 05:37:05.629000+00:00
7787,11,17,2023-04-02 05:37:05.629000+00:00
7787,22,8,2023-04-02 05:37:11.598000+00:00
7787,4,9,2023-04-02 05:37:11.598000+00:00
7787,31,13,2023-04-02 05:37:12.379000+00:00
7787,21,12,2023-04-02 05:37:12.379000+00:00
7787,31,14,2023-04-02 05:37:16.918000+00:00
7787,21,13,2023-04-02 05:37:16.918000+00:00
7787,24,12,2023-04-02 05:37:16.918000+00:00
7787,31,13,2023-04-02 05:37:17.082000+00:00
7787,21,14,2023-04-02 05:37:17.082000+00:00
7787,31,14,2023-04-02 05:37:17.254000+00:00
7787,21,13,2023-04-02 05:37:17.254000+00:00
7787,31,13,2023-04-02 05:37:22.598000+00:00
7787,21,14,2023-04-02 05:37:22.598000+00:00
7787,20,14,2023-04-02 05:37:22.785000+00:00
7787,21,15,2023-04-02 05:37:22.785000+00:00
7787,2,16,2023-04-02 05:37:22.785000+00:00
7787,21,16,2023-04-02 05:37:22.926000+00:00
7787,2,15,2023-04-02 05:37:22.926000+00:00
7787,21,17,2023-04-02 05:37:23.379000+00:00
7787,11,16,2023-04-02 05:37:23.379000+00:00
7787,55,9,2023-04-02 05:38:43.269000+00:00
7787,4,10,2023-04-02 05:38:43.269000+00:00
7787,55,8,2023-04-02 05:40:07.268000+00:00
7787,22,9,2023-04-02 05:40:07.268000+00:00
7787,1,1,2023-04-02 05:40:27.908000+00:00
7787,44,2,2023-04-02 05:40:27.908000+00:00
7787,63,4,2023-04-02 05:42:09.766000+00:00
7787,10,5,2023-04-02 05:42:09.766000+00:00
7787,2,16,2023-04-02 05:42:22.579000+00:00
7787,11,15,2023-04-02 05:42:22.579000+00:00
7787,55,7,2023-04-02 05:42:53.094000+00:00
7787,27,8,2023-04-02 05:42:53.094000+00:00
7787,22,10,2023-04-02 05:43:23.187000+00:00
7787,4,9,2023-04-02 05:43:23.187000+00:00
7787,55,6,2023-04-02 05:44:15.827000+00:00
7787,18,7,2023-04-02 05:44:15.827000+00:00
7787,20,15,2023-04-02 05:44:53.796000+00:00
7787,11,14,2023-04-02 05:44:53.796000+00:00
7787,31,12,2023-04-02 05:46:13.998000+00:00
7787,24,13,2023-04-02 05:46:13.998000+00:00
7787,24,14,2023-04-02 05:46:28.591000+00:00
7787,11,13,2023-04-02 05:46:28.591000+00:00
7787,63,5,2023-04-02 05:47:48.075000+00:00
7787,10,4,2023-04-02 05:47:48.075000+00:00
7787,63,6,2023-04-02 05:47:57.903000+00:00
7787,55,5,2023-04-02 05:47:57.903000+00:00
7787,63,7,2023-04-02 05:48:00.543000+00:00
7787,18,6,2023-04-02 05:48:00.543000+00:00
7787,63,8,2023-04-02 05:48:07.325000+00:00
7787,27,7,2023-04-02 05:48:07.325000+00:00
7787,63,9,2023-04-02 05:48:09.278000+00:00
7787,4,8,2023-04-02 05:48:09.278000+00:00
7787,63,10,2023-04-02 05:48:11.887000+00:00
7787,22,9,2023-04-02 05:48:11.887000+00:00
7787,63,11,2023-04-02 05:48:12.465000+00:00
7787,81,10,2023-04-02 05:48:12.465000+00:00
7787,63,12,2023-04-02 05:48:12.965000+00:00
7787,31,11,2023-04-02 05:48:12.965000+00:00
7787,63,13,2023-04-02 05:48:13.590000+00:00
7787,11,12,2023-04-02 05:48:13.590000+00:00
7787,63,14,2023-04-02 05:48:15.043000+00:00
7787,24,13,2023-04-02 05:48:15.043000+00:00
7787,63,15,2023-04-02 05:48:15.762000+00:00
7787,20,14,2023-04-02 05:48:15.762000+00:00
7787,63,16,2023-04-02 05:48:19.184000+00:00
7787,2,15,2023-04-02 05:48:19.184000+00:00
7787,63,17,2023-04-02 05:48:19.590000+00:00
7787,21,16,2023-04-02 05:48:19.590000+00:00
7787,63,18,2023-04-02 05:48:19.981000+00:00
7787,77,17,2023-04-02 05:48:19.981000+00:00
7787,21,17,2023-04-02 05:48:26.574000+00:00
7787,77,16,2023-04-02 05:48:26.574000+00:00
7787,21,16,2023-04-02 05:52:45.587000+00:00
7787,77,17,2023-04-02 05:52:45.587000+00:00
7787,31,12,2023-04-02 05:53:51.758000+00:00
7787,11,11,2023-04-02 05:53:51.758000+00:00
7787,22,10,2023-04-02 05:54:01.352000+00:00
7787,81,9,2023-04-02 05:54:01.352000+00:00
7787,22,9,2023-04-02 05:54:01.367000+00:00
7787,81,10,2023-04-02 05:54:01.367000+00:00
7787,81,11,2023-04-02 05:55:15.554000+00:00
7787,11,10,2023-04-02 05:55:15.554000+00:00
7787,22,10,2023-04-02 05:56:34.319000+00:00
7787,11,9,2023-04-02 05:56:34.319000+00:00
7787,55,4,2023-04-02 05:58:41.239000+00:00
7787,10,5,2023-04-02 05:58:41.239000+00:00
7787,31,11,2023-04-02 06:00:50.050000+00:00
7787,81,12,2023-04-02 06:00:50.050000+00:00
7787,21,17,2023-04-02 06:01:50.471000+00:00
7787,77,16,2023-04-02 06:01:50.471000+00:00
7787,31,10,2023-04-02 06:02:08.893000+00:00
7787,22,11,2023-04-02 06:02:08.893000+00:00
7787,22,12,2023-04-02 06:04:55.922000+00:00
7787,81,11,2023-04-02 06:04:55.922000+00:00
7787,22,13,2023-04-02 06:12:32.761000+00:00
7787,24,12,2023-04-02 06:12:32.761000+00:00
7787,2,16,2023-04-02 06:12:58.526000+00:00
7787,77,15,2023-04-02 06:12:58.526000+00:00
7787,22,14,2023-04-02 06:13:22.698000+00:00
7787,20,13,2023-04-02 06:13:22.698000+00:00
7787,20,12,2023-04-02 06:14:54.931000+00:00
7787,24,13,2023-04-02 06:14:54.931000+00:00
7787,21,16,2023-04-02 06:15:33.165000+00:00
7787,2,17,2023-04-02 06:15:33.165000+00:00
7787,4,9,2023-04-02 06:23:51.331000+00:00
7787,11,8,2023-04-02 06:23:51.331000+00:00
7787,27,8,2023-04-02 06:25:25.596000+00:00
7787,11,7,2023-04-02 06:25:25.596000+00:00
7787,21,17,2023-04-02 06:28:10.141000+00:00
7787,2,16,2023-04-02 06:28:10.141000+00:00
7787,27,9,2023-04-02 06:35:07.027000+00:00
7787,4,8,2023-04-02 06:35:07.027000+00:00
7787,20,13,2023-04-02 06:37:31.228000+00:00
7787,24,12,2023-04-02 06:37:31.228000+00:00
7787,22,13,2023-04-02 06:37:38.884000+00:00
7787,20,14,2023-04-02 06:37:38.884000+00:00
7787,20,15,2023-04-02 06:37:55.915000+00:00
7787,77,14,2023-04-02 06:37:55.915000+00:00
7787,20,16,2023-04-02 06:38:21.696000+00:00
7787,2,15,2023-04-02 06:38:21.696000+00:00
7787,20,17,2023-04-02 06:38:31.071000+00:00
7787,21,16,2023-04-02 06:38:31.071000+00:00
7787,22,12,2023-04-02 07:00:04.291000+00:00
7787,24,13,2023-04-02 07:00:04.291000+00:00
7787,21,15,2023-04-02 07:00:04.838000+00:00
7787,2,16,2023-04-02 07:00:04.838000+00:00
7787,55,5,2023-04-02 07:00:06.572000+00:00
7787,10,4,2023-04-02 07:00:06.572000+00:00
7787,22,11,2023-04-02 07:00:07.650000+00:00
7787,81,12,2023-04-02 07:00:07.650000+00:00
7787,18,7,2023-04-02 07:00:08.869000+00:00
7787,11,6,2023-04-02 07:00:08.869000+00:00
7787,27,8,2023-04-02 07:00:09.103000+00:00
7787,4,9,2023-04-02 07:00:09.103000+00:00
7787,14,4,2023-04-02 07:00:15.056000+00:00
7787,55,6,2023-04-02 07:00:15.056000+00:00
7787,18,3,2023-04-02 07:00:15.056000+00:00
7787,10,5,2023-04-02 07:00:15.056000+00:00
7787,11,7,2023-04-02 07:00:15.056000+00:00
7787,14,5,2023-04-02 07:00:15.134000+00:00
7787,55,4,2023-04-02 07:00:15.134000+00:00
7787,10,6,2023-04-02 07:00:15.134000+00:00
7787,14,6,2023-04-02 07:00:15.478000+00:00
7787,10,7,2023-04-02 07:00:15.478000+00:00
7787,27,5,2023-04-02 07:00:15.478000+00:00
7787,11,8,2023-04-02 07:00:15.478000+00:00
7787,14,7,2023-04-02 07:00:15.619000+00:00
7787,10,8,2023-04-02 07:00:15.619000+00:00
7787,4,6,2023-04-02 07:00:15.619000+00:00
7787,11,9,2023-04-02 07:00:15.619000+00:00
7787,14,8,2023-04-02 07:00:15.853000+00:00
7787,10,9,2023-04-02 07:00:15.853000+00:00
7787,31,11,2023-04-02 07:00:15.853000+00:00
7787,22,7,2023-04-02 07:00:15.853000+00:00
7787,11,10,2023-04-02 07:00:15.853000+00:00
7787,14,9,2023-04-02 07:00:16.166000+00:00
7787,10,8,2023-04-02 07:00:16.166000+00:00
7787,14,10,2023-04-02 07:00:16.416000+00:00
7787,31,12,2023-04-02 07:00:16.416000+00:00
7787,81,9,2023-04-02 07:00:16.416000+00:00
7787,11,11,2023-04-02 07:00:16.416000+00:00
7787,14,11,2023-04-02 07:00:16.556000+00:00
7787,31,9,2023-04-02 07:00:16.556000+00:00
7787,81,10,2023-04-02 07:00:16.556000+00:00
7787,11,12,2023-04-02 07:00:16.556000+00:00
7787,14,12,2023-04-02 07:00:16.619000+00:00
7787,24,11,2023-04-02 07:00:16.619000+00:00
7787,11,13,2023-04-02 07:00:16.619000+00:00
7787,14,13,2023-04-02 07:00:17.478000+00:00
7787,77,12,2023-04-02 07:00:17.478000+00:00
7787,11,14,2023-04-02 07:00:17.478000+00:00
7787,14,14,2023-04-02 07:00:17.509000+00:00
7787,77,13,2023-04-02 07:00:17.509000+00:00
7787,11,12,2023-04-02 07:00:17.509000+00:00
7787,10,9,2023-04-02 07:00:20.291000+00:00
7787,31,10,2023-04-02 07:00:20.291000+00:00
7787,81,8,2023-04-02 07:00:20.291000+00:00
7787,10,10,2023-04-02 07:00:21.400000+00:00
7787,31,11,2023-04-02 07:00:21.400000+00:00
7787,24,9,2023-04-02 07:00:21.400000+00:00
7787,55,3,2023-04-02 07:00:22.056000+00:00
7787,18,4,2023-04-02 07:00:22.056000+00:00
7787,10,11,2023-04-02 07:00:23.447000+00:00
7787,31,12,2023-04-02 07:00:23.447000+00:00
7787,77,10,2023-04-02 07:00:23.447000+00:00
7787,11,13,2023-04-02 07:00:23.447000+00:00
7787,10,12,2023-04-02 07:00:23.525000+00:00
7787,31,13,2023-04-02 07:00:23.525000+00:00
7787,11,11,2023-04-02 07:00:23.525000+00:00
7787,14,12,2023-04-02 07:00:24.587000+00:00
7787,10,13,2023-04-02 07:00:24.587000+00:00
7787,31,14,2023-04-02 07:00:24.587000+00:00
7787,18,5,2023-04-02 07:00:26.853000+00:00
7787,27,4,2023-04-02 07:00:26.853000+00:00
7787,18,6,2023-04-02 07:00:27.025000+00:00
7787,22,5,2023-04-02 07:00:27.025000+00:00
7787,4,7,2023-04-02 07:00:27.025000+00:00
7787,18,7,2023-04-02 07:00:27.416000+00:00
7787,4,6,2023-04-02 07:00:27.416000+00:00
7787,18,8,2023-04-02 07:00:27.947000+00:00
7787,81,7,2023-04-02 07:00:27.947000+00:00
7787,18,9,2023-04-02 07:00:29.087000+00:00
7787,24,8,2023-04-02 07:00:29.087000+00:00
7787,18,10,2023-04-02 07:00:30.869000+00:00
7787,77,9,2023-04-02 07:00:30.869000+00:00
7787,18,11,2023-04-02 07:00:31.947000+00:00
7787,11,10,2023-04-02 07:00:31.947000+00:00
7787,14,11,2023-04-02 07:00:33.009000+00:00
7787,18,12,2023-04-02 07:00:33.009000+00:00
7787,14,3,2023-04-02 07:33:09.331000+00:00
7787,55,4,2023-04-02 07:33:09.331000+00:00
7787,27,5,2023-04-02 07:33:09.331000+00:00
7787,22,6,2023-04-02 07:33:09.331000+00:00
7787,4,7,2023-04-02 07:33:09.331000+00:00
7787,81,8,2023-04-02 07:33:09.331000+00:00
7787,24,9,2023-04-02 07:33:09.331000+00:00
7787,77,10,2023-04-02 07:33:09.331000+00:00
7787,11,11,2023-04-02 07:33:09.331000+00:00
7787,18,5,2023-04-02 07:33:13.362000+00:00
7787,27,6,2023-04-02 07:33:13.362000+00:00
7787,22,7,2023-04-02 07:33:13.362000+00:00
7787,4,8,2023-04-02 07:33:13.362000+00:00
7787,81,9,2023-04-02 07:33:13.362000+00:00
7787,24,10,2023-04-02 07:33:13.362000+00:00
7787,77,11,2023-04-02 07:33:13.362000+00:00
7787,11,12,2023-04-02 07:33:13.362000+00:00
7787,27,7,2023-04-02 07:33:17.424000+00:00
7787,22,8,2023-04-02 07:33:17.424000+00:00
7787,4,9,2023-04-02 07:33:17.424000+00:00
7787,81,10,2023-04-02 07:33:17.424000+00:00
7787,24,11,2023-04-02 07:33:17.424000+00:00
7787,77,12,2023-04-02 07:33:17.424000+00:00
7787,11,6,2023-04-02 07:33:17.424000+00:00
7787,27,8,2023-04-02 07:33:20.065000+00:00
7787,22,9,2023-04-02 07:33:20.065000+00:00
7787,4,7,2023-04-02 07:33:20.065000+00:00
7787,22,10,2023-04-02 07:33:24.518000+00:00
7787,81,9,2023-04-02 07:33:24.518000+00:00
7787,22,11,2023-04-02 07:33:25.580000+00:00
7787,24,10,2023-04-02 07:33:25.580000+00:00
7787,55,12,2023-04-02 07:36:10.157000+00:00
7787,18,4,2023-04-02 07:36:10.157000+00:00
7787,27,7,2023-04-02 07:36:10.157000+00:00
7787,22,10,2023-04-02 07:36:10.157000+00:00
7787,4,6,2023-04-02 07:36:10.157000+00:00
7787,81,8,2023-04-02 07:36:10.157000+00:00
7787,24,9,2023-04-02 07:36:10.157000+00:00
7787,77,11,2023-04-02 07:36:10.157000+00:00
7787,11,5,2023-04-02 07:36:10.157000+00:00
9069,16,1,2023-04-29 12:48:47.837000+00:00
9069,11,2,2023-04-29 12:48:47.837000+00:00
9069,1,3,2023-04-29 12:48:47.837000+00:00
9069,63,4,2023-04-29 12:48:47.837000+00:00
9069,55,5,2023-04-29 12:48:47.837000+00:00
9069,44,6,2023-04-29 12:48:47.837000+00:00
9069,23,7,2023-04-29 12:48:47.837000+00:00
9069,14,8,2023-04-29 12:48:47.837000+00:00
9069,18,9,2023-04-29 12:48:47.837000+00:00
9069,4,10,2023-04-29 12:48:47.837000+00:00
9069,81,11,2023-04-29 12:48:47.837000+00:00
9069,27,12,2023-04-29 12:48:47.837000+00:00
9069,20,13,2023-04-29 12:48:47.837000+00:00
9069,24,14,2023-04-29 12:48:47.837000+00:00
9069,77,15,2023-04-29 12:48:47.837000+00:00
9069,22,16,2023-04-29 12:48:47.837000+00:00
9069,10,17,2023-04-29 12:48:47.837000+00:00
9069,21,18,2023-04-29 12:48:47.837000+00:00
9069,31,19,2023-04-29 12:48:47.837000+00:00
9069,81,12,2023-04-29 13:34:13.539000+00:00
9069,27,11,2023-04-29 13:34:13.539000+00:00
9069,24,15,2023-04-29 13:34:13.930000+00:00
9069,77,14,2023-04-29 13:34:13.930000+00:00
9069,24,16,2023-04-29 13:34:14.399000+00:00
9069,22,17,2023-04-29 13:34:14.399000+00:00
9069,10,15,2023-04-29 13:34:14.399000+00:00
9069,22,18,2023-04-29 13:34:14.930000+00:00
9069,21,17,2023-04-29 13:34:14.930000+00:00
9069,23,8,2023-04-29 13:34:18.164000+00:00
9069,14,7,2023-04-29 13:34:18.164000+00:00
9069,18,10,2023-04-29 13:34:18.617000+00:00
9069,4,9,2023-04-29 13:34:18.617000+00:00
9069,20,14,2023-04-29 13:34:19.664000+00:00
9069,77,13,2023-04-29 13:34:19.664000+00:00
9069,1,4,2023-04-29 13:34:22.914000+00:00
9069,63,3,2023-04-29 13:34:22.914000+00:00
9069,24,15,2023-04-29 13:34:26.242000+00:00
9069,10,16,2023-04-29 13:34:26.242000+00:00
9069,20,13,2023-04-29 13:34:30.961000+00:00
9069,77,14,2023-04-29 13:34:30.961000+00:00
9069,1,5,2023-04-29 13:34:33.273000+00:00
9069,55,4,2023-04-29 13:34:33.273000+00:00
9069,1,4,2023-04-29 13:34:38.523000+00:00
9069,55,5,2023-04-29 13:34:38.523000+00:00
9069,81,11,2023-04-29 13:34:41.351000+00:00
9069,27,12,2023-04-29 13:34:41.351000+00:00
9069,22,19,2023-04-29 13:35:25.780000+00:00
9069,31,18,2023-04-29 13:35:25.780000+00:00
9069,1,3,2023-04-29 13:46:29.859000+00:00
9069,63,4,2023-04-29 13:46:29.859000+00:00
9069,44,7,2023-04-29 13:46:36.484000+00:00
9069,14,6,2023-04-29 13:46:36.484000+00:00
9069,18,9,2023-04-29 13:46:42.656000+00:00
9069,4,10,2023-04-29 13:46:42.656000+00:00
9069,18,10,2023-04-29 13:46:53.640000+00:00
9069,4,9,2023-04-29 13:46:53.640000+00:00
9069,18,9,2023-04-29 13:46:58.702000+00:00
9069,4,10,2023-04-29 13:46:58.702000+00:00
9069,16,2,2023-04-29 13:49:58.825000+00:00
9069,11,1,2023-04-29 13:49:58.825000+00:00
9069,4,11,2023-04-29 13:51:48.949000+00:00
9069,81,10,2023-04-29 13:51:48.949000+00:00
9069,4,12,2023-04-29 13:54:01.791000+00:00
9069,27,11,2023-04-29 13:54:01.791000+00:00
9069,4,13,2023-04-29 13:54:12.369000+00:00
9069,20,12,2023-04-29 13:54:12.369000+00:00
9069,4,14,2023-04-29 13:55:11.525000+00:00
9069,77,13,2023-04-29 13:55:11.525000+00:00
9069,4,15,2023-04-29 13:55:11.697000+00:00
9069,24,14,2023-04-29 13:55:11.697000+00:00
9069,4,16,2023-04-29 13:55:11.946000+00:00
9069,10,15,2023-04-29 13:55:11.946000+00:00
9069,24,13,2023-04-29 13:55:24.728000+00:00
9069,77,14,2023-04-29 13:55:24.728000+00:00
9069,77,15,2023-04-29 13:55:28.681000+00:00
9069,10,14,2023-04-29 13:55:28.681000+00:00
9069,4,17,2023-04-29 13:55:29.540000+00:00
9069,21,16,2023-04-29 13:55:29.540000+00:00
9069,4,18,2023-04-29 13:55:29.634000+00:00
9069,31,17,2023-04-29 13:55:29.634000+00:00
9069,21,17,2023-04-29 13:55:33.712000+00:00
9069,31,16,2023-04-29 13:55:33.712000+00:00
9069,27,12,2023-04-29 13:55:53.602000+00:00
9069,20,11,2023-04-29 13:55:53.602000+00:00
9069,23,9,2023-04-29 13:57:06.742000+00:00
9069,18,8,2023-04-29 13:57:06.742000+00:00
9069,21,16,2023-04-29 13:57:18.289000+00:00
9069,31,17,2023-04-29 13:57:18.289000+00:00
9069,27,13,2023-04-29 13:59:10.209000+00:00
9069,24,12,2023-04-29 13:59:10.209000+00:00
9069,27,14,2023-04-29 13:59:15.803000+00:00
9069,10,13,2023-04-29 13:59:15.803000+00:00
9069,4,17,2023-04-29 13:59:27.819000+00:00
9069,31,18,2023-04-29 13:59:27.819000+00:00
9069,77,16,2023-04-29 14:00:56.083000+00:00
9069,21,15,2023-04-29 14:00:56.083000+00:00
9069,27,15,2023-04-29 14:02:39.535000+00:00
9069,21,14,2023-04-29 14:02:39.535000+00:00
9070,16,1,2023-04-30 10:01:03.249000+00:00
9070,1,2,2023-04-30 10:01:03.249000+00:00
9070,11,3,2023-04-30 10:01:03.249000+00:00
9070,55,4,2023-04-30 10:01:03.249000+00:00
9070,44,5,2023-04-30 10:01:03.249000+00:00
9070,14,6,2023-04-30 10:01:03.249000+00:00
9070,4,7,2023-04-30 10:01:03.249000+00:00
9070,22,8,2023-04-30 10:01:03.249000+00:00
9070,18,9,2023-04-30 10:01:03.249000+00:00
9070,81,10,2023-04-30 10:01:03.249000+00:00
9070,63,11,2023-04-30 10:01:03.249000+00:00
9070,23,12,2023-04-30 10:01:03.249000+00:00
9070,77,13,2023-04-30 10:01:03.249000+00:00
9070,2,14,2023-04-30 10:01:03.249000+00:00
9070,24,15,2023-04-30 10:01:03.249000+00:00
9070,20,16,2023-04-30 10:01:03.249000+00:00
9070,10,17,2023-04-30 10:01:03.249000+00:00
9070,21,18,2023-04-30 10:01:03.249000+00:00
9070,31,19,2023-04-30 10:01:03.249000+00:00
9070,27,20,2023-04-30 10:01:03.249000+00:00
9070,22,9,2023-04-30 11:04:17.883000+00:00
9070,18,8,2023-04-30 11:04:17.883000+00:00
9070,22,10,2023-04-30 11:04:18.149000+00:00
9070,81,11,2023-04-30 11:04:18.149000+00:00
9070,63,9,2023-04-30 11:04:18.149000+00:00
9070,23,13,2023-04-30 11:04:18.664000+00:00
9070,77,12,2023-04-30 11:04:18.664000+00:00
9070,2,15,2023-04-30 11:04:18.852000+00:00
9070,24,16,2023-04-30 11:04:18.852000+00:00
9070,20,14,2023-04-30 11:04:18.852000+00:00
9070,23,12,2023-04-30 11:04:24.867000+00:00
9070,77,13,2023-04-30 11:04:24.867000+00:00
9070,77,14,2023-04-30 11:04:25.258000+00:00
9070,2,13,2023-04-30 11:04:25.258000+00:00
9070,20,15,2023-04-30 11:04:25.258000+00:00
9070,77,15,2023-04-30 11:04:25.414000+00:00
9070,20,14,2023-04-30 11:04:25.414000+00:00
9070,77,16,2023-04-30 11:04:25.633000+00:00
9070,24,17,2023-04-30 11:04:25.633000+00:00
9070,10,15,2023-04-30 11:04:25.633000+00:00
9070,77,17,2023-04-30 11:04:25.946000+00:00
9070,24,16,2023-04-30 11:04:25.946000+00:00
9070,4,8,2023-04-30 11:04:29.227000+00:00
9070,18,7,2023-04-30 11:04:29.227000+00:00
9070,77,18,2023-04-30 11:04:32.055000+00:00
9070,24,17,2023-04-30 11:04:32.055000+00:00
9070,21,16,2023-04-30 11:04:32.055000+00:00
9070,24,16,2023-04-30 11:04:37.461000+00:00
9070,21,17,2023-04-30 11:04:37.461000+00:00
9070,2,14,2023-04-30 11:04:47.570000+00:00
9070,20,13,2023-04-30 11:04:47.570000+00:00
9070,16,2,2023-04-30 11:09:29.331000+00:00
9070,1,1,2023-04-30 11:09:29.331000+00:00
9070,16,3,2023-04-30 11:13:09.561000+00:00
9070,11,2,2023-04-30 11:13:09.561000+00:00
9070,24,15,2023-04-30 11:13:21.702000+00:00
9070,10,16,2023-04-30 11:13:21.702000+00:00
9070,10,17,2023-04-30 11:13:22.014000+00:00
9070,21,16,2023-04-30 11:13:22.014000+00:00
9070,77,17,2023-04-30 11:13:23.045000+00:00
9070,10,18,2023-04-30 11:13:23.045000+00:00
9070,10,19,2023-04-30 11:13:23.514000+00:00
9070,31,18,2023-04-30 11:13:23.514000+00:00
9070,10,20,2023-04-30 11:13:28.873000+00:00
9070,27,19,2023-04-30 11:13:28.873000+00:00
9070,77,18,2023-04-30 11:15:12.621000+00:00
9070,31,17,2023-04-30 11:15:12.621000+00:00
9070,77,19,2023-04-30 11:15:13.481000+00:00
9070,27,18,2023-04-30 11:15:13.481000+00:00
9070,77,20,2023-04-30 11:15:33.496000+00:00
9070,10,19,2023-04-30 11:15:33.496000+00:00
9070,23,13,2023-04-30 11:16:56.510000+00:00
9070,20,12,2023-04-30 11:16:56.510000+00:00
9070,23,14,2023-04-30 11:16:58.463000+00:00
9070,2,13,2023-04-30 11:16:58.463000+00:00
9070,23,15,2023-04-30 11:17:04.447000+00:00
9070,24,14,2023-04-30 11:17:04.447000+00:00
9070,23,16,2023-04-30 11:17:04.932000+00:00
9070,21,15,2023-04-30 11:17:04.932000+00:00
9070,23,17,2023-04-30 11:17:05.557000+00:00
9070,31,16,2023-04-30 11:17:05.557000+00:00
9070,23,18,2023-04-30 11:17:06.463000+00:00
9070,27,17,2023-04-30 11:17:06.463000+00:00
9070,81,12,2023-04-30 11:18:45.539000+00:00
9070,23,18,2023-04-30 11:18:45.539000+00:00
9070,77,20,2023-04-30 11:18:45.539000+00:00
9070,2,13,2023-04-30 11:18:45.539000+00:00
9070,24,14,2023-04-30 11:18:45.539000+00:00
9070,20,11,2023-04-30 11:18:45.539000+00:00
9070,10,19,2023-04-30 11:18:45.539000+00:00
9070,21,15,2023-04-30 11:18:45.539000+00:00
9070,31,16,2023-04-30 11:18:45.539000+00:00
9070,27,17,2023-04-30 11:18:45.539000+00:00
9070,2,14,2023-04-30 11:18:49.321000+00:00
9070,24,13,2023-04-30 11:18:49.321000+00:00
9070,2,15,2023-04-30 11:18:49.836000+00:00
9070,21,14,2023-04-30 11:18:49.836000+00:00
9070,22,11,2023-04-30 11:18:49.914000+00:00
9070,20,10,2023-04-30 11:18:49.914000+00:00
9070,2,16,2023-04-30 11:18:50.399000+00:00
9070,31,15,2023-04-30 11:18:50.399000+00:00
9070,2,17,2023-04-30 11:18:50.727000+00:00
9070,27,16,2023-04-30 11:18:50.727000+00:00
9070,22,12,2023-04-30 11:18:53.774000+00:00
9070,81,13,2023-04-30 11:18:53.774000+00:00
9070,24,11,2023-04-30 11:18:53.774000+00:00
9070,22,13,2023-04-30 11:18:54.242000+00:00
9070,81,14,2023-04-30 11:18:54.242000+00:00
9070,21,12,2023-04-30 11:18:54.242000+00:00
9070,22,14,2023-04-30 11:18:54.695000+00:00
9070,81,15,2023-04-30 11:18:54.695000+00:00
9070,31,13,2023-04-30 11:18:54.695000+00:00
9070,22,15,2023-04-30 11:18:55.195000+00:00
9070,81,16,2023-04-30 11:18:55.195000+00:00
9070,27,14,2023-04-30 11:18:55.195000+00:00
9070,23,17,2023-04-30 11:19:09.961000+00:00
9070,2,18,2023-04-30 11:19:09.961000+00:00
9070,2,19,2023-04-30 11:19:10.383000+00:00
9070,10,18,2023-04-30 11:19:10.383000+00:00
9070,44,6,2023-04-30 11:20:21.335000+00:00
9070,14,5,2023-04-30 11:20:21.335000+00:00
9070,4,8,2023-04-30 11:20:21.335000+00:00
9070,22,15,2023-04-30 11:20:21.335000+00:00
9070,18,7,2023-04-30 11:20:21.335000+00:00
9070,81,16,2023-04-30 11:20:21.335000+00:00
9070,63,9,2023-04-30 11:20:21.335000+00:00
9070,23,17,2023-04-30 11:20:21.335000+00:00
9070,77,20,2023-04-30 11:20:21.335000+00:00
9070,2,19,2023-04-30 11:20:21.335000+00:00
9070,24,11,2023-04-30 11:20:21.335000+00:00
9070,20,10,2023-04-30 11:20:21.335000+00:00
9070,10,18,2023-04-30 11:20:21.335000+00:00
9070,21,12,2023-04-30 11:20:21.335000+00:00
9070,31,13,2023-04-30 11:20:21.335000+00:00
9070,27,14,2023-04-30 11:20:21.335000+00:00
9070,44,7,2023-04-30 11:20:22.210000+00:00
9070,18,6,2023-04-30 11:20:22.210000+00:00
9070,4,9,2023-04-30 11:20:25.616000+00:00
9070,22,15,2023-04-30 11:20:25.616000+00:00
9070,81,16,2023-04-30 11:20:25.616000+00:00
9070,63,8,2023-04-30 11:20:25.616000+00:00
9070,23,17,2023-04-30 11:20:25.616000+00:00
9070,77,20,2023-04-30 11:20:25.616000+00:00
9070,2,19,2023-04-30 11:20:25.616000+00:00
9070,24,11,2023-04-30 11:20:25.616000+00:00
9070,20,10,2023-04-30 11:20:25.616000+00:00
9070,10,18,2023-04-30 11:20:25.616000+00:00
9070,21,12,2023-04-30 11:20:25.616000+00:00
9070,31,13,2023-04-30 11:20:25.616000+00:00
9070,27,14,2023-04-30 11:20:25.616000+00:00
9070,44,8,2023-04-30 11:20:29.881000+00:00
9070,63,7,2023-04-30 11:20:29.881000+00:00
9070,44,9,2023-04-30 11:20:38.975000+00:00
9070,4,10,2023-04-30 11:20:38.975000+00:00
9070,20,8,2023-04-30 11:20:38.975000+00:00
9070,44,10,2023-04-30 11:20:43.131000+00:00
9070,4,11,2023-04-30 11:20:43.131000+00:00
9070,24,9,2023-04-30 11:20:43.131000+00:00
9070,44,11,2023-04-30 11:20:43.506000+00:00
9070,4,12,2023-04-30 11:20:43.506000+00:00
9070,21,10,2023-04-30 11:20:43.506000+00:00
9070,44,12,2023-04-30 11:20:43.897000+00:00
9070,4,13,2023-04-30 11:20:43.897000+00:00
9070,31,11,2023-04-30 11:20:43.897000+00:00
9070,4,14,2023-04-30 11:20:44.568000+00:00
9070,27,13,2023-04-30 11:20:44.568000+00:00
9070,44,13,2023-04-30 11:20:50.084000+00:00
9070,27,12,2023-04-30 11:20:50.084000+00:00
9070,24,8,2023-04-30 11:21:09.146000+00:00
9070,20,9,2023-04-30 11:21:09.146000+00:00
9070,20,10,2023-04-30 11:21:09.693000+00:00
9070,21,9,2023-04-30 11:21:09.693000+00:00
9070,20,11,2023-04-30 11:21:10.318000+00:00
9070,31,10,2023-04-30 11:21:10.318000+00:00
9070,20,12,2023-04-30 11:21:10.881000+00:00
9070,27,11,2023-04-30 11:21:10.881000+00:00
9070,44,12,2023-04-30 11:21:11.334000+00:00
9070,20,13,2023-04-30 11:21:11.334000+00:00
9070,21,10,2023-04-30 11:21:25.240000+00:00
9070,31,9,2023-04-30 11:21:25.240000+00:00
9070,21,11,2023-04-30 11:21:25.958000+00:00
9070,27,10,2023-04-30 11:21:25.958000+00:00
9070,44,11,2023-04-30 11:21:26.287000+00:00
9070,21,12,2023-04-30 11:21:26.287000+00:00
9070,20,12,2023-04-30 11:21:28.036000+00:00
9070,21,13,2023-04-30 11:21:28.036000+00:00
9070,4,13,2023-04-30 11:21:30.896000+00:00
9070,21,14,2023-04-30 11:21:30.896000+00:00
9070,22,14,2023-04-30 11:21:34.833000+00:00
9070,21,15,2023-04-30 11:21:34.833000+00:00
9070,81,15,2023-04-30 11:21:36.333000+00:00
9070,21,16,2023-04-30 11:21:36.333000+00:00
9070,23,16,2023-04-30 11:21:38.599000+00:00
9070,21,17,2023-04-30 11:21:38.599000+00:00
9070,10,17,2023-04-30 11:21:39.302000+00:00
9070,21,18,2023-04-30 11:21:39.302000+00:00
9070,2,18,2023-04-30 11:21:43.021000+00:00
9070,21,19,2023-04-30 11:21:43.021000+00:00
9070,77,19,2023-04-30 11:21:45.005000+00:00
9070,21,20,2023-04-30 11:21:45.005000+00:00
9070,1,2,2023-04-30 11:21:59.348000+00:00
9070,11,1,2023-04-30 11:21:59.348000+00:00
9070,16,2,2023-04-30 11:22:02.473000+00:00
9070,1,3,2023-04-30 11:22:02.473000+00:00
9070,1,4,2023-04-30 11:22:09.536000+00:00
9070,55,3,2023-04-30 11:22:09.536000+00:00
9070,1,5,2023-04-30 11:22:13.036000+00:00
9070,14,4,2023-04-30 11:22:13.036000+00:00
9070,1,6,2023-04-30 11:22:14.473000+00:00
9070,18,5,2023-04-30 11:22:14.473000+00:00
9070,1,7,2023-04-30 11:22:17.629000+00:00
9070,63,6,2023-04-30 11:22:17.629000+00:00
9070,4,12,2023-04-30 11:22:49.738000+00:00
9070,20,13,2023-04-30 11:22:49.738000+00:00
9070,22,13,2023-04-30 11:22:54.472000+00:00
9070,20,14,2023-04-30 11:22:54.472000+00:00
9070,81,14,2023-04-30 11:22:57.863000+00:00
9070,20,15,2023-04-30 11:22:57.863000+00:00
9070,23,15,2023-04-30 11:23:00.550000+00:00
9070,20,16,2023-04-30 11:23:00.550000+00:00
9070,20,17,2023-04-30 11:23:01.035000+00:00
9070,10,16,2023-04-30 11:23:01.035000+00:00
9070,18,6,2023-04-30 11:24:43.861000+00:00
9070,63,5,2023-04-30 11:24:43.861000+00:00
9070,1,3,2023-04-30 11:24:52.017000+00:00
9070,55,4,2023-04-30 11:24:52.017000+00:00
9070,14,5,2023-04-30 11:24:52.017000+00:00
9070,18,7,2023-04-30 11:24:52.017000+00:00
9070,63,6,2023-04-30 11:24:52.017000+00:00
9070,24,9,2023-04-30 11:25:09.345000+00:00
9070,31,8,2023-04-30 11:25:09.345000+00:00
9070,24,10,2023-04-30 11:25:10.986000+00:00
9070,27,9,2023-04-30 11:25:10.986000+00:00
9070,44,10,2023-04-30 11:25:11.407000+00:00
9070,24,11,2023-04-30 11:25:11.407000+00:00
9070,4,11,2023-04-30 11:25:16.595000+00:00
9070,24,12,2023-04-30 11:25:16.595000+00:00
9070,22,12,2023-04-30 11:25:23.454000+00:00
9070,24,13,2023-04-30 11:25:23.454000+00:00
9070,81,13,2023-04-30 11:25:30.470000+00:00
9070,24,14,2023-04-30 11:25:30.470000+00:00
9070,44,9,2023-04-30 11:30:10.824000+00:00
9070,27,10,2023-04-30 11:30:10.824000+00:00
9070,22,13,2023-04-30 11:30:11.230000+00:00
9070,81,12,2023-04-30 11:30:11.230000+00:00
9070,23,14,2023-04-30 11:30:17.605000+00:00
9070,24,15,2023-04-30 11:30:17.605000+00:00
9070,18,6,2023-04-30 11:30:21.121000+00:00
9070,63,7,2023-04-30 11:30:21.121000+00:00
9070,22,12,2023-04-30 11:30:22.683000+00:00
9070,81,13,2023-04-30 11:30:22.683000+00:00
9070,24,16,2023-04-30 11:30:23.292000+00:00
9070,10,15,2023-04-30 11:30:23.292000+00:00
9070,44,8,2023-04-30 11:30:27.652000+00:00
9070,31,9,2023-04-30 11:30:27.652000+00:00
9070,16,3,2023-04-30 11:30:30.042000+00:00
9070,1,2,2023-04-30 11:30:30.042000+00:00
9070,22,13,2023-04-30 11:30:33.855000+00:00
9070,81,12,2023-04-30 11:30:33.855000+00:00
9070,22,12,2023-04-30 11:30:39.198000+00:00
9070,81,13,2023-04-30 11:30:39.198000+00:00
9070,55,5,2023-04-30 11:30:40.948000+00:00
9070,14,4,2023-04-30 11:30:40.948000+00:00
9070,22,13,2023-04-30 11:30:44.636000+00:00
9070,81,12,2023-04-30 11:30:44.636000+00:00
9070,22,12,2023-04-30 11:30:47.854000+00:00
9070,81,13,2023-04-30 11:30:47.854000+00:00
9070,44,7,2023-04-30 11:32:00.291000+00:00
9070,63,8,2023-04-30 11:32:00.291000+00:00
9070,24,17,2023-04-30 11:35:42.318000+00:00
9070,20,16,2023-04-30 11:35:42.318000+00:00
9070,24,16,2023-04-30 11:35:48.458000+00:00
9070,20,17,2023-04-30 11:35:48.458000+00:00
9070,24,17,2023-04-30 11:39:18.986000+00:00
9070,20,16,2023-04-30 11:39:18.986000+00:00
9070,44,6,2023-04-30 11:40:47.734000+00:00
9070,18,7,2023-04-30 11:40:47.734000+00:00
9070,20,15,2023-04-30 11:48:13.695000+00:00
9070,10,16,2023-04-30 11:48:13.695000+00:00
9070,24,16,2023-04-30 11:48:21.945000+00:00
9070,10,17,2023-04-30 11:48:21.945000+00:00
9070,2,17,2023-04-30 11:48:22.929000+00:00
9070,10,18,2023-04-30 11:48:22.929000+00:00
9070,77,18,2023-04-30 11:48:24.288000+00:00
9070,10,19,2023-04-30 11:48:24.288000+00:00
9070,77,19,2023-04-30 12:04:39.240000+00:00
9070,10,18,2023-04-30 12:04:39.240000+00:00
9070,2,16,2023-04-30 12:11:40.685000+00:00
9070,24,17,2023-04-30 12:11:40.685000+00:00
9070,24,18,2023-04-30 12:11:41.466000+00:00
9070,10,17,2023-04-30 12:11:41.466000+00:00
9070,77,18,2023-04-30 12:12:11.606000+00:00
9070,24,19,2023-04-30 12:12:11.606000+00:00
9070,2,17,2023-04-30 12:22:28.627000+00:00
9070,10,16,2023-04-30 12:22:28.627000+00:00
9070,4,10,2023-04-30 12:23:54.547000+00:00
9070,27,11,2023-04-30 12:23:54.547000+00:00
9070,4,11,2023-04-30 12:23:54.719000+00:00
9070,27,10,2023-04-30 12:23:54.719000+00:00
9070,4,10,2023-04-30 12:26:29.560000+00:00
9070,27,11,2023-04-30 12:26:29.560000+00:00
9070,22,11,2023-04-30 12:29:18.588000+00:00
9070,27,12,2023-04-30 12:29:18.588000+00:00
9070,81,12,2023-04-30 12:31:11.289000+00:00
9070,27,13,2023-04-30 12:31:11.289000+00:00
9070,23,13,2023-04-30 12:32:52.521000+00:00
9070,27,14,2023-04-30 12:32:52.521000+00:00
9070,20,14,2023-04-30 12:33:00.709000+00:00
9070,27,15,2023-04-30 12:33:00.709000+00:00
9070,10,15,2023-04-30 12:34:45.832000+00:00
9070,27,16,2023-04-30 12:34:45.832000+00:00
9070,2,16,2023-04-30 12:34:57.957000+00:00
9070,27,17,2023-04-30 12:34:57.957000+00:00
9070,4,9,2023-04-30 12:36:19.893000+00:00
9070,31,10,2023-04-30 12:36:19.893000+00:00
9070,22,10,2023-04-30 12:36:28.346000+00:00
9070,31,11,2023-04-30 12:36:28.346000+00:00
9070,81,11,2023-04-30 12:36:31.002000+00:00
9070,31,12,2023-04-30 12:36:31.002000+00:00
9070,23,12,2023-04-30 12:36:32.861000+00:00
9070,31,13,2023-04-30 12:36:32.861000+00:00
9070,20,13,2023-04-30 12:36:34.064000+00:00
9070,31,14,2023-04-30 12:36:34.064000+00:00
9070,10,14,2023-04-30 12:36:35.611000+00:00
9070,31,15,2023-04-30 12:36:35.611000+00:00
9078,11,1,2023-05-07 18:31:07.678000+00:00
9078,14,2,2023-05-07 18:31:07.678000+00:00
9078,55,3,2023-05-07 18:31:07.678000+00:00
9078,20,4,2023-05-07 18:31:07.678000+00:00
9078,10,5,2023-05-07 18:31:07.678000+00:00
9078,63,6,2023-05-07 18:31:07.678000+00:00
9078,16,7,2023-05-07 18:31:07.678000+00:00
9078,31,8,2023-05-07 18:31:07.678000+00:00
9078,1,9,2023-05-07 18:31:07.678000+00:00
9078,77,10,2023-05-07 18:31:07.678000+00:00
9078,23,11,2023-05-07 18:31:07.678000+00:00
9078,27,12,2023-05-07 18:31:07.678000+00:00
9078,44,13,2023-05-07 18:31:07.678000+00:00
9078,24,14,2023-05-07 18:31:07.678000+00:00
9078,21,15,2023-05-07 18:31:07.678000+00:00
9078,4,16,2023-05-07 18:31:07.678000+00:00
9078,22,17,2023-05-07 18:31:07.678000+00:00
9078,18,18,2023-05-07 18:31:07.678000+00:00
9078,81,19,2023-05-07 18:31:07.678000+00:00
9078,2,20,2023-05-07 18:31:07.678000+00:00
9078,20,5,2023-05-07 19:33:55.745000+00:00
9078,10,4,2023-05-07 19:33:55.745000+00:00
9078,20,6,2023-05-07 19:33:55.886000+00:00
9078,63,5,2023-05-07 19:33:55.886000+00:00
9078,31,9,2023-05-07 19:33:56.526000+00:00
9078,1,10,2023-05-07 19:33:56.526000+00:00
9078,77,8,2023-05-07 19:33:56.526000+00:00
9078,27,13,2023-05-07 19:33:57.120000+00:00
9078,44,12,2023-05-07 19:33:57.120000+00:00
9078,24,15,2023-05-07 19:33:57.448000+00:00
9078,21,16,2023-05-07 19:33:57.448000+00:00
9078,4,14,2023-05-07 19:33:57.448000+00:00
9078,24,16,2023-05-07 19:33:57.667000+00:00
9078,21,15,2023-05-07 19:33:57.667000+00:00
9078,22,18,2023-05-07 19:33:57.885000+00:00
9078,18,19,2023-05-07 19:33:57.885000+00:00
9078,81,17,2023-05-07 19:33:57.885000+00:00
9078,22,19,2023-05-07 19:33:58.026000+00:00
9078,18,18,2023-05-07 19:33:58.026000+00:00
9078,23,12,2023-05-07 19:34:02.495000+00:00
9078,27,11,2023-05-07 19:34:02.495000+00:00
9078,44,13,2023-05-07 19:34:02.495000+00:00
9078,24,17,2023-05-07 19:34:03.229000+00:00
9078,21,16,2023-05-07 19:34:03.229000+00:00
9078,4,15,2023-05-07 19:34:03.229000+00:00
9078,81,14,2023-05-07 19:34:03.229000+00:00
9078,24,14,2023-05-07 19:34:03.245000+00:00
9078,21,17,2023-05-07 19:34:03.245000+00:00
9078,4,16,2023-05-07 19:34:03.245000+00:00
9078,81,15,2023-05-07 19:34:03.245000+00:00
9078,21,18,2023-05-07 19:34:03.635000+00:00
9078,4,17,2023-05-07 19:34:03.635000+00:00
9078,18,16,2023-05-07 19:34:03.635000+00:00
9078,21,19,2023-05-07 19:34:03.729000+00:00
9078,4,18,2023-05-07 19:34:03.729000+00:00
9078,22,17,2023-05-07 19:34:03.729000+00:00
9078,21,20,2023-05-07 19:34:03.807000+00:00
9078,4,19,2023-05-07 19:34:03.807000+00:00
9078,2,18,2023-05-07 19:34:03.807000+00:00
9078,23,11,2023-05-07 19:34:07.042000+00:00
9078,27,12,2023-05-07 19:34:07.042000+00:00
9078,24,15,2023-05-07 19:34:07.526000+00:00
9078,81,14,2023-05-07 19:34:07.526000+00:00
9078,44,14,2023-05-07 19:34:27.651000+00:00
9078,81,13,2023-05-07 19:34:27.651000+00:00
9078,4,18,2023-05-07 19:34:29.370000+00:00
9078,2,19,2023-05-07 19:34:29.370000+00:00
9078,4,19,2023-05-07 19:34:32.791000+00:00
9078,2,18,2023-05-07 19:34:32.791000+00:00
9078,23,12,2023-05-07 19:34:40.057000+00:00
9078,27,11,2023-05-07 19:34:40.057000+00:00
9078,44,13,2023-05-07 19:34:40.994000+00:00
9078,81,14,2023-05-07 19:34:40.994000+00:00
9078,20,7,2023-05-07 19:34:42.463000+00:00
9078,16,6,2023-05-07 19:34:42.463000+00:00
9078,31,10,2023-05-07 19:34:43.510000+00:00
9078,1,9,2023-05-07 19:34:43.510000+00:00
9078,22,16,2023-05-07 19:34:45.697000+00:00
9078,18,17,2023-05-07 19:34:45.697000+00:00
9078,44,14,2023-05-07 19:34:51.229000+00:00
9078,81,13,2023-05-07 19:34:51.229000+00:00
9078,22,17,2023-05-07 19:34:51.963000+00:00
9078,18,16,2023-05-07 19:34:51.963000+00:00
9078,44,13,2023-05-07 19:34:55.354000+00:00
9078,81,14,2023-05-07 19:34:55.354000+00:00
9078,22,16,2023-05-07 19:34:56.010000+00:00
9078,18,17,2023-05-07 19:34:56.010000+00:00
9078,24,16,2023-05-07 19:35:01.228000+00:00
9078,22,15,2023-05-07 19:35:01.228000+00:00
9078,24,15,2023-05-07 19:35:06.432000+00:00
9078,22,16,2023-05-07 19:35:06.432000+00:00
9078,24,16,2023-05-07 19:35:19.760000+00:00
9078,22,15,2023-05-07 19:35:19.760000+00:00
9078,1,8,2023-05-07 19:36:18.790000+00:00
9078,77,9,2023-05-07 19:36:18.790000+00:00
9078,4,18,2023-05-07 19:37:11.227000+00:00
9078,2,19,2023-05-07 19:37:11.227000+00:00
9078,21,19,2023-05-07 19:37:11.696000+00:00
9078,2,20,2023-05-07 19:37:11.696000+00:00
9078,20,6,2023-05-07 19:37:57.633000+00:00
9078,16,7,2023-05-07 19:37:57.633000+00:00
9078,24,15,2023-05-07 19:37:57.898000+00:00
9078,22,16,2023-05-07 19:37:57.898000+00:00
9078,24,16,2023-05-07 19:38:03.664000+00:00
9078,22,15,2023-05-07 19:38:03.664000+00:00
9078,20,7,2023-05-07 19:38:30.710000+00:00
9078,16,6,2023-05-07 19:38:30.710000+00:00
9078,20,7,2023-05-07 19:38:40.695000+00:00
9078,16,8,2023-05-07 19:38:40.695000+00:00
9078,1,6,2023-05-07 19:38:40.695000+00:00
9078,21,18,2023-05-07 19:40:20.491000+00:00
9078,4,19,2023-05-07 19:40:20.491000+00:00
9078,31,9,2023-05-07 19:41:01.709000+00:00
9078,77,10,2023-05-07 19:41:01.709000+00:00
9078,22,14,2023-05-07 19:41:50.677000+00:00
9078,81,15,2023-05-07 19:41:50.677000+00:00
9078,24,15,2023-05-07 19:41:51.115000+00:00
9078,81,16,2023-05-07 19:41:51.115000+00:00
9078,18,16,2023-05-07 19:41:51.755000+00:00
9078,81,17,2023-05-07 19:41:51.755000+00:00
9078,21,17,2023-05-07 19:41:54.833000+00:00
9078,81,18,2023-05-07 19:41:54.833000+00:00
9078,63,6,2023-05-07 19:46:15.002000+00:00
9078,1,5,2023-05-07 19:46:15.002000+00:00
9078,10,5,2023-05-07 19:47:47.970000+00:00
9078,1,4,2023-05-07 19:47:47.970000+00:00
9078,10,6,2023-05-07 19:48:05.141000+00:00
9078,63,5,2023-05-07 19:48:05.141000+00:00
9078,4,18,2023-05-07 19:53:16.216000+00:00
9078,81,19,2023-05-07 19:53:16.216000+00:00
9078,55,4,2023-05-07 19:54:51.840000+00:00
9078,1,3,2023-05-07 19:54:51.840000+00:00
9078,20,8,2023-05-07 19:55:47.105000+00:00
9078,16,7,2023-05-07 19:55:47.105000+00:00
9078,20,9,2023-05-07 19:55:48.043000+00:00
9078,31,8,2023-05-07 19:55:48.043000+00:00
9078,20,10,2023-05-07 19:55:49.933000+00:00
9078,77,9,2023-05-07 19:55:49.933000+00:00
9078,20,11,2023-05-07 19:55:50.699000+00:00
9078,27,10,2023-05-07 19:55:50.699000+00:00
9078,20,12,2023-05-07 19:55:51.636000+00:00
9078,23,11,2023-05-07 19:55:51.636000+00:00
9078,20,13,2023-05-07 19:55:54.996000+00:00
9078,44,12,2023-05-07 19:55:54.996000+00:00
9078,20,14,2023-05-07 19:55:55.667000+00:00
9078,22,13,2023-05-07 19:55:55.667000+00:00
9078,20,15,2023-05-07 19:55:56.542000+00:00
9078,24,14,2023-05-07 19:55:56.542000+00:00
9078,20,16,2023-05-07 19:55:58.214000+00:00
9078,18,15,2023-05-07 19:55:58.214000+00:00
9078,20,17,2023-05-07 19:56:03.558000+00:00
9078,21,16,2023-05-07 19:56:03.558000+00:00
9078,14,3,2023-05-07 19:56:24.058000+00:00
9078,1,2,2023-05-07 19:56:24.058000+00:00
9078,23,12,2023-05-07 19:56:40.417000+00:00
9078,44,11,2023-05-07 19:56:40.417000+00:00
9078,77,10,2023-05-07 19:56:44.776000+00:00
9078,27,9,2023-05-07 19:56:44.776000+00:00
9078,77,9,2023-05-07 19:57:17.760000+00:00
9078,27,10,2023-05-07 19:57:17.760000+00:00
9078,10,7,2023-05-07 19:57:20.526000+00:00
9078,16,6,2023-05-07 19:57:20.526000+00:00
9078,10,8,2023-05-07 19:57:21.245000+00:00
9078,31,7,2023-05-07 19:57:21.245000+00:00
9078,77,10,2023-05-07 19:57:25.213000+00:00
9078,27,9,2023-05-07 19:57:25.213000+00:00
9078,77,11,2023-05-07 19:57:25.588000+00:00
9078,44,10,2023-05-07 19:57:25.588000+00:00
9078,77,12,2023-05-07 19:57:26.057000+00:00
9078,23,11,2023-05-07 19:57:26.057000+00:00
9078,77,13,2023-05-07 19:57:26.541000+00:00
9078,22,12,2023-05-07 19:57:26.541000+00:00
9078,77,14,2023-05-07 19:57:27.432000+00:00
9078,24,13,2023-05-07 19:57:27.432000+00:00
9078,10,9,2023-05-07 19:57:27.995000+00:00
9078,27,8,2023-05-07 19:57:27.995000+00:00
9078,10,10,2023-05-07 19:57:28.323000+00:00
9078,44,9,2023-05-07 19:57:28.323000+00:00
9078,77,15,2023-05-07 19:57:28.729000+00:00
9078,18,14,2023-05-07 19:57:28.729000+00:00
9078,10,11,2023-05-07 19:57:28.823000+00:00
9078,23,10,2023-05-07 19:57:28.823000+00:00
9078,10,12,2023-05-07 19:57:29.307000+00:00
9078,22,11,2023-05-07 19:57:29.307000+00:00
9078,10,13,2023-05-07 19:57:30.229000+00:00
9078,24,12,2023-05-07 19:57:30.229000+00:00
9078,10,14,2023-05-07 19:57:31.604000+00:00
9078,18,13,2023-05-07 19:57:31.604000+00:00
9078,20,16,2023-05-07 19:57:39.104000+00:00
9078,21,17,2023-05-07 19:57:39.104000+00:00
9078,20,15,2023-05-07 19:57:42.072000+00:00
9078,77,16,2023-05-07 19:57:42.072000+00:00
9078,21,18,2023-05-07 19:57:49.494000+00:00
9078,4,17,2023-05-07 19:57:49.494000+00:00
9078,21,19,2023-05-07 19:57:51.479000+00:00
9078,81,18,2023-05-07 19:57:51.479000+00:00
9078,16,7,2023-05-07 20:00:27.680000+00:00
9078,31,6,2023-05-07 20:00:27.680000+00:00
9078,63,6,2023-05-07 20:00:30.555000+00:00
9078,31,5,2023-05-07 20:00:30.555000+00:00
9078,63,7,2023-05-07 20:00:34.774000+00:00
9078,16,8,2023-05-07 20:00:34.774000+00:00
9078,27,6,2023-05-07 20:00:34.774000+00:00
9078,63,8,2023-05-07 20:00:34.883000+00:00
9078,16,9,2023-05-07 20:00:34.883000+00:00
9078,44,7,2023-05-07 20:00:34.883000+00:00
9078,63,9,2023-05-07 20:00:36.555000+00:00
9078,16,10,2023-05-07 20:00:36.555000+00:00
9078,23,8,2023-05-07 20:00:36.555000+00:00
9078,63,10,2023-05-07 20:00:37.430000+00:00
9078,16,11,2023-05-07 20:00:37.430000+00:00
9078,22,9,2023-05-07 20:00:37.430000+00:00
9078,63,11,2023-05-07 20:00:37.789000+00:00
9078,16,12,2023-05-07 20:00:37.789000+00:00
9078,24,10,2023-05-07 20:00:37.789000+00:00
9078,63,12,2023-05-07 20:00:38.367000+00:00
9078,16,13,2023-05-07 20:00:38.367000+00:00
9078,18,11,2023-05-07 20:00:38.367000+00:00
9078,10,13,2023-05-07 20:00:45.508000+00:00
9078,16,14,2023-05-07 20:00:45.508000+00:00
9078,20,14,2023-05-07 20:00:46.805000+00:00
9078,16,15,2023-05-07 20:00:46.805000+00:00
9078,55,5,2023-05-07 20:02:03.601000+00:00
9078,31,4,2023-05-07 20:02:03.601000+00:00
9078,55,6,2023-05-07 20:02:08.569000+00:00
9078,27,5,2023-05-07 20:02:08.569000+00:00
9078,55,7,2023-05-07 20:02:08.882000+00:00
9078,44,6,2023-05-07 20:02:08.882000+00:00
9078,24,11,2023-05-07 20:02:18.288000+00:00
9078,18,10,2023-05-07 20:02:18.288000+00:00
9078,55,6,2023-05-07 20:03:48.959000+00:00
9078,44,7,2023-05-07 20:03:48.959000+00:00
9078,11,2,2023-05-07 20:04:49.818000+00:00
9078,1,1,2023-05-07 20:04:49.818000+00:00
9078,11,3,2023-05-07 20:04:53.474000+00:00
9078,14,2,2023-05-07 20:04:53.474000+00:00
9078,63,11,2023-05-07 20:05:03.646000+00:00
9078,24,12,2023-05-07 20:05:03.646000+00:00
9078,11,4,2023-05-07 20:05:09.646000+00:00
9078,31,3,2023-05-07 20:05:09.646000+00:00
9078,55,5,2023-05-07 20:05:21.177000+00:00
9078,27,6,2023-05-07 20:05:21.177000+00:00
9078,23,9,2023-05-07 20:06:41.941000+00:00
9078,22,8,2023-05-07 20:06:41.941000+00:00
9078,11,3,2023-05-07 20:07:28.097000+00:00
9078,31,4,2023-05-07 20:07:28.097000+00:00
9078,10,12,2023-05-07 20:07:37.394000+00:00
9078,24,13,2023-05-07 20:07:37.394000+00:00
9078,23,10,2023-05-07 20:08:23.612000+00:00
9078,18,9,2023-05-07 20:08:23.612000+00:00
9078,63,10,2023-05-07 20:08:24.018000+00:00
9078,23,11,2023-05-07 20:08:24.018000+00:00
9078,10,11,2023-05-07 20:08:25.721000+00:00
9078,23,12,2023-05-07 20:08:25.721000+00:00
9078,23,13,2023-05-07 20:08:26.690000+00:00
9078,24,12,2023-05-07 20:08:26.690000+00:00
9078,20,13,2023-05-07 20:08:27.596000+00:00
9078,23,14,2023-05-07 20:08:27.596000+00:00
9078,16,14,2023-05-07 20:08:34.753000+00:00
9078,23,15,2023-05-07 20:08:34.753000+00:00
9078,77,15,2023-05-07 20:08:39.768000+00:00
9078,23,16,2023-05-07 20:08:39.768000+00:00
9078,23,17,2023-05-07 20:08:42.268000+00:00
9078,4,16,2023-05-07 20:08:42.268000+00:00
9078,27,7,2023-05-07 20:09:07.174000+00:00
9078,44,6,2023-05-07 20:09:07.174000+00:00
9078,63,9,2023-05-07 20:09:59.564000+00:00
9078,18,10,2023-05-07 20:09:59.564000+00:00
9078,11,2,2023-05-07 20:11:18.454000+00:00
9078,14,3,2023-05-07 20:11:18.454000+00:00
9078,20,12,2023-05-07 20:11:20.798000+00:00
9078,24,13,2023-05-07 20:11:20.798000+00:00
9078,14,4,2023-05-07 20:11:22.548000+00:00
9078,31,3,2023-05-07 20:11:22.548000+00:00
9078,14,5,2023-05-07 20:11:24.469000+00:00
9078,55,4,2023-05-07 20:11:24.469000+00:00
9078,10,10,2023-05-07 20:12:18.719000+00:00
9078,18,11,2023-05-07 20:12:18.719000+00:00
9078,63,8,2023-05-07 20:13:49.327000+00:00
9078,22,9,2023-05-07 20:13:49.327000+00:00
9078,14,4,2023-05-07 20:15:14.561000+00:00
9078,55,5,2023-05-07 20:15:14.561000+00:00
9078,16,13,2023-05-07 20:15:30.498000+00:00
9078,24,14,2023-05-07 20:15:30.498000+00:00
9078,23,16,2023-05-07 20:15:40.857000+00:00
9078,4,17,2023-05-07 20:15:40.857000+00:00
9078,63,7,2023-05-07 20:16:54.763000+00:00
9078,27,8,2023-05-07 20:16:54.763000+00:00
9078,14,3,2023-05-07 20:18:16.012000+00:00
9078,31,4,2023-05-07 20:18:16.012000+00:00
9078,55,4,2023-05-07 20:19:53.307000+00:00
9078,31,5,2023-05-07 20:19:53.307000+00:00
9078,21,18,2023-05-07 20:20:32.760000+00:00
9078,81,19,2023-05-07 20:20:32.760000+00:00
9078,77,14,2023-05-07 20:22:32.274000+00:00
9078,24,15,2023-05-07 20:22:32.274000+00:00
9078,23,15,2023-05-07 20:22:38.087000+00:00
9078,24,16,2023-05-07 20:22:38.087000+00:00
9078,24,17,2023-05-07 20:22:41.274000+00:00
9078,4,16,2023-05-07 20:22:41.274000+00:00
9078,63,6,2023-05-07 20:23:08.180000+00:00
9078,44,7,2023-05-07 20:23:08.180000+00:00
9078,27,9,2023-05-07 20:24:23.586000+00:00
9078,22,8,2023-05-07 20:24:23.586000+00:00
9078,55,5,2023-05-07 20:24:28.898000+00:00
9078,31,4,2023-05-07 20:24:28.898000+00:00
9078,10,11,2023-05-07 20:24:41.929000+00:00
9078,18,10,2023-05-07 20:24:41.929000+00:00
9078,10,10,2023-05-07 20:24:48.226000+00:00
9078,18,11,2023-05-07 20:24:48.226000+00:00
9078,10,9,2023-05-07 20:25:27.429000+00:00
9078,27,10,2023-05-07 20:25:27.429000+00:00
9078,27,11,2023-05-07 20:25:27.929000+00:00
9078,18,10,2023-05-07 20:25:27.929000+00:00
9078,20,11,2023-05-07 20:25:28.397000+00:00
9078,27,12,2023-05-07 20:25:28.397000+00:00
9078,16,12,2023-05-07 20:25:28.960000+00:00
9078,27,13,2023-05-07 20:25:28.960000+00:00
9078,77,13,2023-05-07 20:25:40.272000+00:00
9078,27,14,2023-05-07 20:25:40.272000+00:00
9078,23,14,2023-05-07 20:25:42.944000+00:00
9078,27,15,2023-05-07 20:25:42.944000+00:00
9078,27,16,2023-05-07 20:25:46.913000+00:00
9078,4,15,2023-05-07 20:25:46.913000+00:00
9078,55,4,2023-05-07 20:26:10.913000+00:00
9078,31,5,2023-05-07 20:26:10.913000+00:00
9078,63,5,2023-05-07 20:28:32.911000+00:00
9078,31,6,2023-05-07 20:28:32.911000+00:00
9078,20,12,2023-05-07 20:30:00.222000+00:00
9078,16,11,2023-05-07 20:30:00.222000+00:00
9078,10,8,2023-05-07 20:30:04.363000+00:00
9078,22,9,2023-05-07 20:30:04.363000+00:00
9078,22,10,2023-05-07 20:30:05.722000+00:00
9078,18,9,2023-05-07 20:30:05.722000+00:00
9078,16,10,2023-05-07 20:30:09.988000+00:00
9078,22,11,2023-05-07 20:30:09.988000+00:00
9078,20,11,2023-05-07 20:30:10.097000+00:00
9078,22,12,2023-05-07 20:30:10.097000+00:00
9078,20,10,2023-05-07 20:30:16.925000+00:00
9078,16,11,2023-05-07 20:30:16.925000+00:00
9078,77,12,2023-05-07 20:30:17.722000+00:00
9078,22,13,2023-05-07 20:30:17.722000+00:00
9078,23,13,2023-05-07 20:30:19.941000+00:00
9078,22,14,2023-05-07 20:30:19.941000+00:00
9078,27,15,2023-05-07 20:30:24.957000+00:00
9078,4,16,2023-05-07 20:30:24.957000+00:00
9078,55,5,2023-05-07 20:30:43.206000+00:00
9078,63,4,2023-05-07 20:30:43.206000+00:00
9078,27,14,2023-05-07 20:31:09.597000+00:00
9078,22,15,2023-05-07 20:31:09.597000+00:00
9078,27,15,2023-05-07 20:31:15.222000+00:00
9078,22,14,2023-05-07 20:31:15.222000+00:00
9078,10,7,2023-05-07 20:31:39.612000+00:00
9078,44,8,2023-05-07 20:31:39.612000+00:00
9078,44,9,2023-05-07 20:31:41.081000+00:00
9078,18,8,2023-05-07 20:31:41.081000+00:00
9078,20,9,2023-05-07 20:31:43.534000+00:00
9078,44,10,2023-05-07 20:31:43.534000+00:00
9078,16,10,2023-05-07 20:31:43.581000+00:00
9078,44,11,2023-05-07 20:31:43.581000+00:00
9078,20,10,2023-05-07 20:31:50.143000+00:00
9078,16,9,2023-05-07 20:31:50.143000+00:00
9078,77,11,2023-05-07 20:31:50.206000+00:00
9078,44,12,2023-05-07 20:31:50.206000+00:00
9078,23,12,2023-05-07 20:31:52.237000+00:00
9078,44,13,2023-05-07 20:31:52.237000+00:00
9078,23,13,2023-05-07 20:32:37.564000+00:00
9078,44,12,2023-05-07 20:32:37.564000+00:00
9078,10,6,2023-05-07 20:34:44.188000+00:00
9078,31,7,2023-05-07 20:34:44.188000+00:00
9078,31,8,2023-05-07 20:34:45.782000+00:00
9078,18,7,2023-05-07 20:34:45.782000+00:00
9078,16,8,2023-05-07 20:34:48.360000+00:00
9078,31,9,2023-05-07 20:34:48.360000+00:00
9078,77,12,2023-05-07 20:34:48.672000+00:00
9078,44,11,2023-05-07 20:34:48.672000+00:00
9078,20,9,2023-05-07 20:34:49.688000+00:00
9078,31,10,2023-05-07 20:34:49.688000+00:00
9078,31,11,2023-05-07 20:34:55.579000+00:00
9078,44,10,2023-05-07 20:34:55.579000+00:00
9078,31,12,2023-05-07 20:34:55.657000+00:00
9078,77,11,2023-05-07 20:34:55.657000+00:00
9078,31,11,2023-05-07 20:35:02.391000+00:00
9078,77,12,2023-05-07 20:35:02.391000+00:00
9078,16,7,2023-05-07 20:39:21.247000+00:00
9078,18,8,2023-05-07 20:39:21.247000+00:00
9078,20,8,2023-05-07 20:39:27.669000+00:00
9078,18,9,2023-05-07 20:39:27.669000+00:00
9078,44,9,2023-05-07 20:39:30.404000+00:00
9078,18,10,2023-05-07 20:39:30.404000+00:00
9078,31,10,2023-05-07 20:39:31.529000+00:00
9078,18,11,2023-05-07 20:39:31.529000+00:00
9078,77,11,2023-05-07 20:39:34.779000+00:00
9078,18,12,2023-05-07 20:39:34.779000+00:00
9078,23,12,2023-05-07 20:39:35.997000+00:00
9078,18,13,2023-05-07 20:39:35.997000+00:00
9078,22,13,2023-05-07 20:39:36.607000+00:00
9078,18,14,2023-05-07 20:39:36.607000+00:00
9078,27,14,2023-05-07 20:39:38.341000+00:00
9078,18,15,2023-05-07 20:39:38.341000+00:00
9078,11,1,2023-05-07 20:43:20.604000+00:00
9078,1,2,2023-05-07 20:43:20.604000+00:00
9078,20,9,2023-05-07 20:44:45.744000+00:00
9078,44,8,2023-05-07 20:44:45.744000+00:00
9078,11,2,2023-05-07 20:46:09.837000+00:00
9078,1,1,2023-05-07 20:46:09.837000+00:00
9078,11,1,2023-05-07 20:46:09.899000+00:00
9078,1,2,2023-05-07 20:46:09.899000+00:00
9078,20,10,2023-05-07 20:46:22.586000+00:00
9078,31,9,2023-05-07 20:46:22.586000+00:00
9078,11,2,2023-05-07 20:46:23.930000+00:00
9078,1,1,2023-05-07 20:46:23.930000+00:00
9078,23,13,2023-05-07 20:47:07.914000+00:00
9078,22,12,2023-05-07 20:47:07.914000+00:00
9078,27,15,2023-05-07 20:47:09.211000+00:00
9078,18,14,2023-05-07 20:47:09.211000+00:00
9078,24,16,2023-05-07 20:48:11.741000+00:00
9078,4,17,2023-05-07 20:48:11.741000+00:00
9078,23,14,2023-05-07 20:48:57.538000+00:00
9078,18,13,2023-05-07 20:48:57.538000+00:00
9078,77,12,2023-05-07 20:51:39.411000+00:00
9078,22,11,2023-05-07 20:51:39.411000+00:00
9078,77,13,2023-05-07 20:53:16.894000+00:00
9078,18,12,2023-05-07 20:53:16.894000+00:00
9078,10,7,2023-05-07 20:54:48.800000+00:00
9078,16,6,2023-05-07 20:54:48.800000+00:00
9078,10,8,2023-05-07 20:55:28.252000+00:00
9078,44,7,2023-05-07 20:55:28.252000+00:00
9078,16,7,2023-05-07 20:56:59.532000+00:00
9078,44,6,2023-05-07 20:56:59.532000+00:00
9094,1,1,2023-05-28 12:01:06.820000+00:00
9094,14,2,2023-05-28 12:01:06.820000+00:00
9094,31,3,2023-05-28 12:01:06.820000+00:00
9094,55,4,2023-05-28 12:01:06.820000+00:00
9094,44,5,2023-05-28 12:01:06.820000+00:00
9094,16,6,2023-05-28 12:01:06.820000+00:00
9094,10,7,2023-05-28 12:01:06.820000+00:00
9094,63,8,2023-05-28 12:01:06.820000+00:00
9094,22,9,2023-05-28 12:01:06.820000+00:00
9094,4,10,2023-05-28 12:01:06.820000+00:00
9094,81,11,2023-05-28 12:01:06.820000+00:00
9094,21,12,2023-05-28 12:01:06.820000+00:00
9094,23,13,2023-05-28 12:01:06.820000+00:00
9094,18,14,2023-05-28 12:01:06.820000+00:00
9094,77,15,2023-05-28 12:01:06.820000+00:00
9094,2,16,2023-05-28 12:01:06.820000+00:00
9094,20,17,2023-05-28 12:01:06.820000+00:00
9094,27,18,2023-05-28 12:01:06.820000+00:00
9094,24,19,2023-05-28 12:01:06.820000+00:00
9094,11,20,2023-05-28 12:01:06.820000+00:00
9094,81,12,2023-05-28 13:03:19.895000+00:00
9094,21,11,2023-05-28 13:03:19.895000+00:00
9094,77,16,2023-05-28 13:03:20.676000+00:00
9094,2,15,2023-05-28 13:03:20.676000+00:00
9094,24,20,2023-05-28 13:03:21.613000+00:00
9094,11,19,2023-05-28 13:03:21.613000+00:00
9094,81,11,2023-05-28 13:03:27.207000+00:00
9094,21,12,2023-05-28 13:03:27.207000+00:00
9094,20,18,2023-05-28 13:03:28.426000+00:00
9094,27,17,2023-05-28 13:03:28.426000+00:00
9094,77,17,2023-05-28 13:03:33.816000+00:00
9094,27,16,2023-05-28 13:03:33.816000+00:00
9094,24,19,2023-05-28 13:03:36.707000+00:00
9094,11,20,2023-05-28 13:03:36.707000+00:00
9094,2,16,2023-05-28 13:03:43.347000+00:00
9094,27,15,2023-05-28 13:03:43.347000+00:00
9094,77,16,2023-05-28 13:03:43.738000+00:00
9094,2,17,2023-05-28 13:03:43.738000+00:00
9094,11,19,2023-05-28 13:03:45.222000+00:00
9094,24,20,2023-05-28 13:03:45.222000+00:00
9094,20,19,2023-05-28 13:03:51.863000+00:00
9094,24,18,2023-05-28 13:03:51.863000+00:00
9094,11,20,2023-05-28 13:03:51.863000+00:00
9094,18,15,2023-05-28 13:03:53.129000+00:00
9094,27,14,2023-05-28 13:03:53.129000+00:00
9094,20,18,2023-05-28 13:03:59.550000+00:00
9094,24,19,2023-05-28 13:03:59.550000+00:00
9094,18,16,2023-05-28 13:04:09.738000+00:00
9094,77,15,2023-05-28 13:04:09.738000+00:00
9094,18,17,2023-05-28 13:04:10.347000+00:00
9094,2,16,2023-05-28 13:04:10.347000+00:00
9094,18,18,2023-05-28 13:04:10.956000+00:00
9094,20,17,2023-05-28 13:04:10.956000+00:00
9094,77,14,2023-05-28 13:04:37.409000+00:00
9094,27,15,2023-05-28 13:04:37.409000+00:00
9094,2,15,2023-05-28 13:04:38.143000+00:00
9094,27,16,2023-05-28 13:04:38.143000+00:00
9094,20,16,2023-05-28 13:04:38.878000+00:00
9094,27,17,2023-05-28 13:04:38.878000+00:00
9094,18,17,2023-05-28 13:04:40.065000+00:00
9094,27,18,2023-05-28 13:04:40.065000+00:00
9094,27,19,2023-05-28 13:05:02.409000+00:00
9094,24,20,2023-05-28 13:05:02.409000+00:00
9094,11,18,2023-05-28 13:05:02.409000+00:00
9094,27,20,2023-05-28 13:05:02.987000+00:00
9094,24,19,2023-05-28 13:05:02.987000+00:00
9094,2,16,2023-05-28 13:25:09.278000+00:00
9094,20,15,2023-05-28 13:25:09.278000+00:00
9094,18,16,2023-05-28 13:25:55.746000+00:00
9094,2,17,2023-05-28 13:25:55.746000+00:00
9094,2,18,2023-05-28 13:26:01.027000+00:00
9094,11,17,2023-05-28 13:26:01.027000+00:00
9094,23,14,2023-05-28 13:26:29.839000+00:00
9094,77,13,2023-05-28 13:26:29.839000+00:00
9094,23,15,2023-05-28 13:27:16.619000+00:00
9094,20,14,2023-05-28 13:27:16.619000+00:00
9094,23,16,2023-05-28 13:27:18.088000+00:00
9094,18,15,2023-05-28 13:27:18.088000+00:00
9094,23,17,2023-05-28 13:27:19.135000+00:00
9094,11,16,2023-05-28 13:27:19.135000+00:00
9094,23,18,2023-05-28 13:27:22.963000+00:00
9094,2,17,2023-05-28 13:27:22.963000+00:00
9094,23,19,2023-05-28 13:27:23.260000+00:00
9094,24,18,2023-05-28 13:27:23.260000+00:00
9094,23,20,2023-05-28 13:27:23.932000+00:00
9094,27,19,2023-05-28 13:27:23.932000+00:00
9094,27,18,2023-05-28 13:27:36.025000+00:00
9094,24,19,2023-05-28 13:27:36.025000+00:00
9094,2,18,2023-05-28 13:28:16.649000+00:00
9094,27,17,2023-05-28 13:28:16.649000+00:00
9094,2,19,2023-05-28 13:30:06.116000+00:00
9094,24,18,2023-05-28 13:30:06.116000+00:00
9094,23,19,2023-05-28 13:30:14.429000+00:00
9094,2,20,2023-05-28 13:30:14.429000+00:00
9094,16,5,2023-05-28 13:43:39.196000+00:00
9094,44,6,2023-05-28 13:43:39.196000+00:00
9094,44,7,2023-05-28 13:43:41.117000+00:00
9094,10,6,2023-05-28 13:43:41.117000+00:00
9094,44,8,2023-05-28 13:43:43.102000+00:00
9094,63,7,2023-05-28 13:43:43.102000+00:00
9094,18,16,2023-05-28 13:43:59.336000+00:00
9094,11,15,2023-05-28 13:43:59.336000+00:00
9094,31,4,2023-05-28 13:44:51.882000+00:00
9094,55,3,2023-05-28 13:44:51.882000+00:00
9094,31,5,2023-05-28 13:44:56.491000+00:00
9094,16,4,2023-05-28 13:44:56.491000+00:00
9094,31,6,2023-05-28 13:44:58.475000+00:00
9094,10,5,2023-05-28 13:44:58.475000+00:00
9094,31,7,2023-05-28 13:45:00.507000+00:00
9094,63,6,2023-05-28 13:45:00.507000+00:00
9094,55,4,2023-05-28 13:46:13.662000+00:00
9094,16,3,2023-05-28 13:46:13.662000+00:00
9094,55,5,2023-05-28 13:46:15.943000+00:00
9094,10,4,2023-05-28 13:46:15.943000+00:00
9094,55,6,2023-05-28 13:46:18.021000+00:00
9094,63,5,2023-05-28 13:46:18.021000+00:00
9094,31,6,2023-05-28 13:46:26.489000+00:00
9094,55,7,2023-05-28 13:46:26.489000+00:00
9094,55,8,2023-05-28 13:46:29.161000+00:00
9094,44,7,2023-05-28 13:46:29.161000+00:00
9094,31,7,2023-05-28 13:46:29.193000+00:00
9094,55,6,2023-05-28 13:46:29.193000+00:00
9094,44,8,2023-05-28 13:46:29.193000+00:00
9094,31,6,2023-05-28 13:46:35.411000+00:00
9094,55,7,2023-05-28 13:46:35.411000+00:00
9094,18,15,2023-05-28 13:46:43.692000+00:00
9094,11,16,2023-05-28 13:46:43.692000+00:00
9094,18,16,2023-05-28 13:46:43.708000+00:00
9094,11,15,2023-05-28 13:46:43.708000+00:00
9094,18,15,2023-05-28 13:46:46.489000+00:00
9094,11,16,2023-05-28 13:46:46.489000+00:00
9094,27,16,2023-05-28 13:48:30.362000+00:00
9094,11,17,2023-05-28 13:48:30.362000+00:00
9094,24,17,2023-05-28 13:48:31.128000+00:00
9094,11,18,2023-05-28 13:48:31.128000+00:00
9094,23,18,2023-05-28 13:48:31.565000+00:00
9094,11,19,2023-05-28 13:48:31.565000+00:00
9094,2,19,2023-05-28 13:48:57.190000+00:00
9094,11,20,2023-05-28 13:48:57.190000+00:00
9094,2,20,2023-05-28 13:48:58.737000+00:00
9094,11,19,2023-05-28 13:48:58.737000+00:00
9094,16,4,2023-05-28 14:00:29.349000+00:00
9094,10,3,2023-05-28 14:00:29.349000+00:00
9094,16,5,2023-05-28 14:00:30.490000+00:00
9094,63,4,2023-05-28 14:00:30.490000+00:00
9094,31,5,2023-05-28 14:00:33.818000+00:00
9094,16,6,2023-05-28 14:00:33.818000+00:00
9094,55,6,2023-05-28 14:00:36.693000+00:00
9094,16,7,2023-05-28 14:00:36.693000+00:00
9094,44,7,2023-05-28 14:00:38.084000+00:00
9094,16,8,2023-05-28 14:00:38.084000+00:00
9094,10,4,2023-05-28 14:04:22.126000+00:00
9094,63,3,2023-05-28 14:04:22.126000+00:00
9094,31,4,2023-05-28 14:04:24.845000+00:00
9094,10,5,2023-05-28 14:04:24.845000+00:00
9094,55,5,2023-05-28 14:04:27.829000+00:00
9094,10,6,2023-05-28 14:04:27.829000+00:00
9094,44,6,2023-05-28 14:04:30.033000+00:00
9094,10,7,2023-05-28 14:04:30.033000+00:00
9094,16,7,2023-05-28 14:04:37.157000+00:00
9094,10,8,2023-05-28 14:04:37.157000+00:00
9094,16,8,2023-05-28 14:04:40.157000+00:00
9094,10,7,2023-05-28 14:04:40.157000+00:00
9094,16,7,2023-05-28 14:04:46.064000+00:00
9094,10,8,2023-05-28 14:04:46.064000+00:00
9094,4,11,2023-05-28 14:08:58.575000+00:00
9094,81,10,2023-05-28 14:08:58.575000+00:00
9094,23,17,2023-05-28 14:10:31.432000+00:00
9094,24,18,2023-05-28 14:10:31.432000+00:00
9094,31,5,2023-05-28 14:10:32.510000+00:00
9094,55,4,2023-05-28 14:10:32.510000+00:00
9094,23,18,2023-05-28 14:10:39.417000+00:00
9094,24,17,2023-05-28 14:10:39.417000+00:00
9094,31,4,2023-05-28 14:10:39.807000+00:00
9094,55,5,2023-05-28 14:10:39.807000+00:00
9094,77,14,2023-05-28 14:10:53.979000+00:00
9094,20,13,2023-05-28 14:10:53.979000+00:00
9094,18,16,2023-05-28 14:11:00.151000+00:00
9094,77,15,2023-05-28 14:11:00.151000+00:00
9094,27,14,2023-05-28 14:11:00.151000+00:00
9094,18,17,2023-05-28 14:11:04.604000+00:00
9094,77,16,2023-05-28 14:11:04.604000+00:00
9094,24,15,2023-05-28 14:11:04.604000+00:00
9094,23,16,2023-05-28 14:11:04.900000+00:00
9094,18,18,2023-05-28 14:11:04.900000+00:00
9094,77,17,2023-05-28 14:11:04.900000+00:00
9094,18,19,2023-05-28 14:11:05.760000+00:00
9094,77,18,2023-05-28 14:11:05.760000+00:00
9094,11,17,2023-05-28 14:11:05.760000+00:00
9094,23,17,2023-05-28 14:12:43.899000+00:00
9094,24,16,2023-05-28 14:12:43.899000+00:00
9094,11,15,2023-05-28 14:12:43.899000+00:00
9094,23,18,2023-05-28 14:12:44.930000+00:00
9094,77,16,2023-05-28 14:12:44.930000+00:00
9094,24,17,2023-05-28 14:12:44.930000+00:00
9094,23,19,2023-05-28 14:12:45.617000+00:00
9094,18,17,2023-05-28 14:12:45.617000+00:00
9094,24,18,2023-05-28 14:12:45.617000+00:00
9094,77,15,2023-05-28 14:13:25.617000+00:00
9094,11,16,2023-05-28 14:13:25.617000+00:00
9094,22,10,2023-05-28 14:13:28.820000+00:00
9094,81,9,2023-05-28 14:13:28.820000+00:00
9094,18,16,2023-05-28 14:13:34.913000+00:00
9094,11,17,2023-05-28 14:13:34.913000+00:00
9094,22,11,2023-05-28 14:13:38.085000+00:00
9094,4,10,2023-05-28 14:13:38.085000+00:00
9094,21,13,2023-05-28 14:14:03.475000+00:00
9094,20,12,2023-05-28 14:14:03.475000+00:00
9094,31,5,2023-05-28 14:14:10.960000+00:00
9094,55,3,2023-05-28 14:14:10.960000+00:00
9094,63,4,2023-05-28 14:14:10.960000+00:00
9094,31,6,2023-05-28 14:14:15.616000+00:00
9094,44,7,2023-05-28 14:14:15.616000+00:00
9094,16,4,2023-05-28 14:14:15.616000+00:00
9094,63,5,2023-05-28 14:14:15.616000+00:00
9094,24,17,2023-05-28 14:14:33.522000+00:00
9094,11,18,2023-05-28 14:14:33.522000+00:00
9094,23,18,2023-05-28 14:14:36.865000+00:00
9094,11,19,2023-05-28 14:14:36.865000+00:00
9094,55,4,2023-05-28 14:14:54.365000+00:00
9094,16,3,2023-05-28 14:14:54.365000+00:00
9094,31,5,2023-05-28 14:15:06.724000+00:00
9094,63,6,2023-05-28 14:15:06.724000+00:00
9094,18,17,2023-05-28 14:15:10.052000+00:00
9094,24,16,2023-05-28 14:15:10.052000+00:00
9094,44,6,2023-05-28 14:15:10.787000+00:00
9094,63,7,2023-05-28 14:15:10.787000+00:00
9094,23,17,2023-05-28 14:15:14.349000+00:00
9094,18,18,2023-05-28 14:15:14.349000+00:00
9094,77,14,2023-05-28 14:15:16.208000+00:00
9094,27,15,2023-05-28 14:15:16.208000+00:00
9094,18,19,2023-05-28 14:15:19.974000+00:00
9094,11,18,2023-05-28 14:15:19.974000+00:00
9094,22,9,2023-05-28 14:15:29.193000+00:00
9094,4,11,2023-05-28 14:15:29.193000+00:00
9094,81,10,2023-05-28 14:15:29.193000+00:00
9094,4,12,2023-05-28 14:15:53.161000+00:00
9094,20,11,2023-05-28 14:15:53.161000+00:00
9094,4,11,2023-05-28 14:15:53.864000+00:00
9094,20,12,2023-05-28 14:15:53.864000+00:00
9094,31,3,2023-05-28 14:16:09.645000+00:00
9094,55,5,2023-05-28 14:16:09.645000+00:00
9094,16,4,2023-05-28 14:16:09.645000+00:00
9094,21,14,2023-05-28 14:16:10.864000+00:00
9094,77,13,2023-05-28 14:16:10.864000+00:00
9094,55,6,2023-05-28 14:16:11.207000+00:00
9094,44,4,2023-05-28 14:16:11.207000+00:00
9094,16,5,2023-05-28 14:16:11.207000+00:00
9094,27,16,2023-05-28 14:16:14.004000+00:00
9094,24,15,2023-05-28 14:16:14.004000+00:00
9094,18,20,2023-05-28 14:16:14.504000+00:00
9094,2,19,2023-05-28 14:16:14.504000+00:00
9094,23,16,2023-05-28 14:16:14.926000+00:00
9094,27,17,2023-05-28 14:16:14.926000+00:00
9094,55,7,2023-05-28 14:16:19.942000+00:00
9094,16,6,2023-05-28 14:16:19.942000+00:00
9094,63,5,2023-05-28 14:16:19.942000+00:00
9094,27,18,2023-05-28 14:16:21.504000+00:00
9094,11,17,2023-05-28 14:16:21.504000+00:00
9094,55,8,2023-05-28 14:16:26.988000+00:00
9094,16,7,2023-05-28 14:16:26.988000+00:00
9094,10,6,2023-05-28 14:16:26.988000+00:00
9094,77,12,2023-05-28 14:16:28.363000+00:00
9094,20,13,2023-05-28 14:16:28.363000+00:00
9094,16,6,2023-05-28 14:16:28.551000+00:00
9094,10,7,2023-05-28 14:16:28.551000+00:00
9094,21,13,2023-05-28 14:16:28.926000+00:00
9094,20,14,2023-05-28 14:16:28.926000+00:00
9094,20,15,2023-05-28 14:18:04.221000+00:00
9094,24,14,2023-05-28 14:18:04.221000+00:00
9094,23,15,2023-05-28 14:18:04.659000+00:00
9094,20,16,2023-05-28 14:18:04.659000+00:00
9094,20,17,2023-05-28 14:18:13.455000+00:00
9094,11,16,2023-05-28 14:18:13.455000+00:00
9094,20,18,2023-05-28 14:19:10.517000+00:00
9094,27,17,2023-05-28 14:19:10.517000+00:00
9094,2,18,2023-05-28 14:20:19.687000+00:00
9094,20,19,2023-05-28 14:20:19.687000+00:00
9094,27,16,2023-05-28 14:21:42.108000+00:00
9094,11,17,2023-05-28 14:21:42.108000+00:00
9094,4,10,2023-05-28 14:22:30.451000+00:00
9094,81,11,2023-05-28 14:22:30.451000+00:00
9094,27,17,2023-05-28 14:25:19.401000+00:00
9094,11,16,2023-05-28 14:25:19.401000+00:00
9094,22,10,2023-05-28 14:36:01.030000+00:00
9094,4,9,2023-05-28 14:36:01.030000+00:00
9094,22,11,2023-05-28 14:37:38.559000+00:00
9094,81,10,2023-05-28 14:37:38.559000+00:00
9094,22,12,2023-05-28 14:38:07.824000+00:00
9094,77,11,2023-05-28 14:38:07.824000+00:00
9094,22,13,2023-05-28 14:38:29.762000+00:00
9094,21,12,2023-05-28 14:38:29.762000+00:00
9094,22,14,2023-05-28 14:39:56.932000+00:00
9094,24,13,2023-05-28 14:39:56.932000+00:00
9094,22,15,2023-05-28 14:39:57.166000+00:00
9094,23,14,2023-05-28 14:39:57.166000+00:00
9094,27,16,2023-05-28 14:43:21.053000+00:00
9094,11,17,2023-05-28 14:43:21.053000+00:00
9094,27,17,2023-05-28 14:52:59.543000+00:00
9094,11,16,2023-05-28 14:52:59.543000+00:00
9102,1,1,2023-06-04 12:01:08.286000+00:00
9102,55,2,2023-06-04 12:01:08.286000+00:00
9102,4,3,2023-06-04 12:01:08.286000+00:00
9102,44,4,2023-06-04 12:01:08.286000+00:00
9102,18,5,2023-06-04 12:01:08.286000+00:00
9102,31,6,2023-06-04 12:01:08.286000+00:00
9102,27,7,2023-06-04 12:01:08.286000+00:00
9102,14,8,2023-06-04 12:01:08.286000+00:00
9102,81,9,2023-06-04 12:01:08.286000+00:00
9102,10,10,2023-06-04 12:01:08.286000+00:00
9102,11,11,2023-06-04 12:01:08.286000+00:00
9102,63,12,2023-06-04 12:01:08.286000+00:00
9102,24,13,2023-06-04 12:01:08.286000+00:00
9102,21,14,2023-06-04 12:01:08.286000+00:00
9102,22,15,2023-06-04 12:01:08.286000+00:00
9102,77,16,2023-06-04 12:01:08.286000+00:00
9102,20,17,2023-06-04 12:01:08.286000+00:00
9102,23,18,2023-06-04 12:01:08.286000+00:00
9102,16,19,2023-06-04 12:01:08.286000+00:00
9102,2,20,2023-06-04 12:01:08.286000+00:00
9102,27,8,2023-06-04 13:03:26.812000+00:00
9102,14,7,2023-06-04 13:03:26.812000+00:00
9102,10,11,2023-06-04 13:03:26.891000+00:00
9102,11,12,2023-06-04 13:03:26.891000+00:00
9102,63,10,2023-06-04 13:03:26.891000+00:00
9102,77,17,2023-06-04 13:03:27.281000+00:00
9102,20,16,2023-06-04 13:03:27.281000+00:00
9102,77,18,2023-06-04 13:03:27.500000+00:00
9102,23,17,2023-06-04 13:03:27.500000+00:00
9102,1,2,2023-06-04 13:03:28.672000+00:00
9102,55,1,2023-06-04 13:03:28.672000+00:00
9102,4,4,2023-06-04 13:03:28.953000+00:00
9102,44,3,2023-06-04 13:03:28.953000+00:00
9102,27,9,2023-06-04 13:03:29.703000+00:00
9102,81,8,2023-06-04 13:03:29.703000+00:00
9102,20,17,2023-06-04 13:03:30.406000+00:00
9102,23,16,2023-06-04 13:03:30.406000+00:00
9102,16,20,2023-06-04 13:03:32.703000+00:00
9102,2,19,2023-06-04 13:03:32.703000+00:00
9102,1,1,2023-06-04 13:03:34.047000+00:00
9102,55,2,2023-06-04 13:03:34.047000+00:00
9102,27,10,2023-06-04 13:03:35.203000+00:00
9102,81,9,2023-06-04 13:03:35.203000+00:00
9102,63,8,2023-06-04 13:03:35.203000+00:00
9102,27,9,2023-06-04 13:03:35.453000+00:00
9102,81,10,2023-06-04 13:03:35.453000+00:00
9102,10,12,2023-06-04 13:03:35.922000+00:00
9102,11,13,2023-06-04 13:03:35.922000+00:00
9102,24,11,2023-06-04 13:03:35.922000+00:00
9102,10,13,2023-06-04 13:03:36.047000+00:00
9102,11,12,2023-06-04 13:03:36.047000+00:00
9102,10,14,2023-06-04 13:03:36.281000+00:00
9102,21,15,2023-06-04 13:03:36.281000+00:00
9102,22,13,2023-06-04 13:03:36.281000+00:00
9102,10,12,2023-06-04 13:03:36.297000+00:00
9102,11,13,2023-06-04 13:03:36.297000+00:00
9102,22,14,2023-06-04 13:03:36.297000+00:00
9102,20,16,2023-06-04 13:03:36.625000+00:00
9102,23,17,2023-06-04 13:03:36.625000+00:00
9102,4,5,2023-06-04 13:03:38.062000+00:00
9102,18,4,2023-06-04 13:03:38.062000+00:00
9102,27,8,2023-06-04 13:03:38.593000+00:00
9102,63,9,2023-06-04 13:03:38.593000+00:00
9102,10,13,2023-06-04 13:03:39.500000+00:00
9102,11,12,2023-06-04 13:03:39.500000+00:00
9102,10,14,2023-06-04 13:03:39.547000+00:00
9102,22,13,2023-06-04 13:03:39.547000+00:00
9102,81,11,2023-06-04 13:03:42.953000+00:00
9102,24,10,2023-06-04 13:03:42.953000+00:00
9102,21,16,2023-06-04 13:03:44.031000+00:00
9102,20,15,2023-06-04 13:03:44.031000+00:00
9102,4,6,2023-06-04 13:03:49.015000+00:00
9102,31,5,2023-06-04 13:03:49.015000+00:00
9102,81,10,2023-06-04 13:03:50.265000+00:00
9102,24,11,2023-06-04 13:03:50.265000+00:00
9102,27,9,2023-06-04 13:03:55.578000+00:00
9102,63,8,2023-06-04 13:03:55.578000+00:00
9102,81,11,2023-06-04 13:03:55.999000+00:00
9102,24,10,2023-06-04 13:03:55.999000+00:00
9102,21,17,2023-06-04 13:03:57.546000+00:00
9102,77,16,2023-06-04 13:03:57.546000+00:00
9102,23,18,2023-06-04 13:03:57.546000+00:00
9102,44,4,2023-06-04 13:03:59.531000+00:00
9102,18,3,2023-06-04 13:03:59.531000+00:00
9102,10,15,2023-06-04 13:04:02.843000+00:00
9102,20,14,2023-06-04 13:04:02.843000+00:00
9102,21,16,2023-06-04 13:04:03.421000+00:00
9102,77,17,2023-06-04 13:04:03.421000+00:00
9102,77,18,2023-06-04 13:04:03.734000+00:00
9102,23,17,2023-06-04 13:04:03.734000+00:00
9102,4,7,2023-06-04 13:04:41.061000+00:00
9102,14,6,2023-06-04 13:04:41.061000+00:00
9102,4,8,2023-06-04 13:04:41.483000+00:00
9102,63,7,2023-06-04 13:04:41.483000+00:00
9102,4,9,2023-06-04 13:04:42.124000+00:00
9102,27,8,2023-06-04 13:04:42.124000+00:00
9102,4,10,2023-06-04 13:04:42.499000+00:00
9102,24,9,2023-06-04 13:04:42.499000+00:00
9102,4,11,2023-06-04 13:04:42.999000+00:00
9102,81,10,2023-06-04 13:04:42.999000+00:00
9102,4,12,2023-06-04 13:04:43.280000+00:00
9102,11,11,2023-06-04 13:04:43.280000+00:00
9102,4,13,2023-06-04 13:04:43.795000+00:00
9102,22,12,2023-06-04 13:04:43.795000+00:00
9102,4,14,2023-06-04 13:04:44.108000+00:00
9102,20,13,2023-06-04 13:04:44.108000+00:00
9102,4,15,2023-06-04 13:04:44.452000+00:00
9102,10,14,2023-06-04 13:04:44.452000+00:00
9102,4,16,2023-06-04 13:04:44.733000+00:00
9102,21,15,2023-06-04 13:04:44.733000+00:00
9102,4,17,2023-06-04 13:04:45.217000+00:00
9102,23,16,2023-06-04 13:04:45.217000+00:00
9102,4,18,2023-06-04 13:04:45.545000+00:00
9102,77,17,2023-06-04 13:04:45.545000+00:00
9102,4,19,2023-06-04 13:04:47.233000+00:00
9102,2,18,2023-06-04 13:04:47.233000+00:00
9102,4,14,2023-06-04 13:04:47.592000+00:00
9102,10,15,2023-06-04 13:04:47.592000+00:00
9102,21,16,2023-06-04 13:04:47.592000+00:00
9102,77,18,2023-06-04 13:04:47.592000+00:00
9102,23,17,2023-06-04 13:04:47.592000+00:00
9102,2,19,2023-06-04 13:04:47.592000+00:00
9102,4,15,2023-06-04 13:04:51.561000+00:00
9102,10,14,2023-06-04 13:04:51.561000+00:00
9102,4,16,2023-06-04 13:04:51.733000+00:00
9102,21,15,2023-06-04 13:04:51.733000+00:00
9102,4,17,2023-06-04 13:04:52.202000+00:00
9102,23,16,2023-06-04 13:04:52.202000+00:00
9102,4,18,2023-06-04 13:04:52.623000+00:00
9102,77,17,2023-06-04 13:04:52.623000+00:00
9102,4,19,2023-06-04 13:04:54.311000+00:00
9102,2,18,2023-06-04 13:04:54.311000+00:00
9102,81,11,2023-06-04 13:04:55.686000+00:00
9102,11,10,2023-06-04 13:04:55.686000+00:00
9102,4,20,2023-06-04 13:04:55.748000+00:00
9102,16,19,2023-06-04 13:04:55.748000+00:00
9102,81,12,2023-06-04 13:06:18.638000+00:00
9102,22,11,2023-06-04 13:06:18.638000+00:00
9102,16,18,2023-06-04 13:07:49.651000+00:00
9102,2,19,2023-06-04 13:07:49.651000+00:00
9102,27,9,2023-06-04 13:08:57.182000+00:00
9102,24,8,2023-06-04 13:08:57.182000+00:00
9102,77,18,2023-06-04 13:10:18.977000+00:00
9102,16,17,2023-06-04 13:10:18.977000+00:00
9102,77,19,2023-06-04 13:10:20.524000+00:00
9102,2,18,2023-06-04 13:10:20.524000+00:00
9102,27,10,2023-06-04 13:10:21.836000+00:00
9102,11,9,2023-06-04 13:10:21.836000+00:00
9102,14,7,2023-06-04 13:11:40.413000+00:00
9102,63,6,2023-06-04 13:11:40.413000+00:00
9102,23,17,2023-06-04 13:11:48.507000+00:00
9102,16,16,2023-06-04 13:11:48.507000+00:00
9102,27,11,2023-06-04 13:11:49.475000+00:00
9102,22,10,2023-06-04 13:11:49.475000+00:00
9102,44,3,2023-06-04 13:12:56.755000+00:00
9102,18,4,2023-06-04 13:12:56.755000+00:00
9102,27,12,2023-06-04 13:13:07.099000+00:00
9102,81,11,2023-06-04 13:13:07.099000+00:00
9102,27,13,2023-06-04 13:14:21.754000+00:00
9102,20,12,2023-06-04 13:14:21.754000+00:00
9102,27,14,2023-06-04 13:14:22.160000+00:00
9102,10,13,2023-06-04 13:14:22.160000+00:00
9102,27,15,2023-06-04 13:14:22.582000+00:00
9102,21,14,2023-06-04 13:14:22.582000+00:00
9102,27,16,2023-06-04 13:14:23.363000+00:00
9102,16,15,2023-06-04 13:14:23.363000+00:00
9102,27,17,2023-06-04 13:14:24.785000+00:00
9102,23,16,2023-06-04 13:14:24.785000+00:00
9102,11,8,2023-06-04 13:14:29.941000+00:00
9102,24,9,2023-06-04 13:14:29.941000+00:00
9102,27,18,2023-06-04 13:14:30.379000+00:00
9102,2,17,2023-06-04 13:14:30.379000+00:00
9102,27,19,2023-06-04 13:14:52.378000+00:00
9102,77,18,2023-06-04 13:14:52.378000+00:00
9102,24,10,2023-06-04 13:15:39.518000+00:00
9102,22,9,2023-06-04 13:15:39.518000+00:00
9102,81,10,2023-06-04 13:15:41.831000+00:00
9102,24,11,2023-06-04 13:15:41.831000+00:00
9102,21,15,2023-06-04 13:15:45.112000+00:00
9102,16,14,2023-06-04 13:15:45.112000+00:00
9102,24,12,2023-06-04 13:15:47.034000+00:00
9102,20,11,2023-06-04 13:15:47.034000+00:00
9102,21,16,2023-06-04 13:15:47.237000+00:00
9102,23,15,2023-06-04 13:15:47.237000+00:00
9102,10,12,2023-06-04 13:15:47.315000+00:00
9102,24,13,2023-06-04 13:15:47.315000+00:00
9102,24,14,2023-06-04 13:15:48.705000+00:00
9102,16,13,2023-06-04 13:15:48.705000+00:00
9102,24,15,2023-06-04 13:15:51.033000+00:00
9102,23,14,2023-06-04 13:15:51.033000+00:00
9102,10,11,2023-06-04 13:15:52.690000+00:00
9102,20,12,2023-06-04 13:15:52.690000+00:00
9102,24,16,2023-06-04 13:15:52.737000+00:00
9102,21,17,2023-06-04 13:15:52.737000+00:00
9102,2,15,2023-06-04 13:15:52.737000+00:00
9102,21,18,2023-06-04 13:16:07.143000+00:00
9102,77,17,2023-06-04 13:16:07.143000+00:00
9102,27,18,2023-06-04 13:16:07.221000+00:00
9102,21,19,2023-06-04 13:16:07.221000+00:00
9102,27,17,2023-06-04 13:16:10.111000+00:00
9102,77,18,2023-06-04 13:16:10.111000+00:00
9102,81,9,2023-06-04 13:17:03.220000+00:00
9102,22,10,2023-06-04 13:17:03.220000+00:00
9102,20,13,2023-06-04 13:17:07.001000+00:00
9102,16,12,2023-06-04 13:17:07.001000+00:00
9102,10,10,2023-06-04 13:17:08.891000+00:00
9102,22,11,2023-06-04 13:17:08.891000+00:00
9102,31,6,2023-06-04 13:17:09.423000+00:00
9102,63,5,2023-06-04 13:17:09.423000+00:00
9102,20,14,2023-06-04 13:17:09.735000+00:00
9102,23,13,2023-06-04 13:17:09.735000+00:00
9102,22,12,2023-06-04 13:17:10.563000+00:00
9102,16,11,2023-06-04 13:17:10.563000+00:00
9102,22,13,2023-06-04 13:17:13.501000+00:00
9102,23,12,2023-06-04 13:17:13.501000+00:00
9102,22,14,2023-06-04 13:17:15.266000+00:00
9102,20,15,2023-06-04 13:17:15.266000+00:00
9102,2,13,2023-06-04 13:17:15.266000+00:00
9102,24,15,2023-06-04 13:17:26.969000+00:00
9102,20,16,2023-06-04 13:17:26.969000+00:00
9102,27,16,2023-06-04 13:17:27.313000+00:00
9102,20,17,2023-06-04 13:17:27.313000+00:00
9102,27,15,2023-06-04 13:17:32.516000+00:00
9102,24,16,2023-06-04 13:17:32.516000+00:00
9102,77,17,2023-06-04 13:17:32.875000+00:00
9102,20,18,2023-06-04 13:17:32.875000+00:00
9102,27,14,2023-06-04 13:17:37.391000+00:00
9102,22,15,2023-06-04 13:17:37.391000+00:00
9102,21,18,2023-06-04 13:17:42.703000+00:00
9102,20,19,2023-06-04 13:17:42.703000+00:00
9102,24,15,2023-06-04 13:17:44.500000+00:00
9102,22,16,2023-06-04 13:17:44.500000+00:00
9102,21,19,2023-06-04 13:18:55.827000+00:00
9102,20,18,2023-06-04 13:18:55.827000+00:00
9102,31,7,2023-06-04 13:21:01.950000+00:00
9102,14,6,2023-06-04 13:21:01.950000+00:00
9102,31,8,2023-06-04 13:21:03.294000+00:00
9102,11,7,2023-06-04 13:21:03.294000+00:00
9102,31,9,2023-06-04 13:21:10.606000+00:00
9102,81,8,2023-06-04 13:21:10.606000+00:00
9102,31,10,2023-06-04 13:21:12.278000+00:00
9102,10,9,2023-06-04 13:21:12.278000+00:00
9102,31,11,2023-06-04 13:21:14.825000+00:00
9102,16,10,2023-06-04 13:21:14.825000+00:00
9102,31,12,2023-06-04 13:21:20.059000+00:00
9102,23,11,2023-06-04 13:21:20.059000+00:00
9102,31,13,2023-06-04 13:21:21.856000+00:00
9102,2,12,2023-06-04 13:21:21.856000+00:00
9102,77,18,2023-06-04 13:21:38.840000+00:00
9102,20,17,2023-06-04 13:21:38.840000+00:00
9102,24,16,2023-06-04 13:21:41.965000+00:00
9102,22,15,2023-06-04 13:21:41.965000+00:00
9102,24,15,2023-06-04 13:21:45.621000+00:00
9102,22,16,2023-06-04 13:21:45.621000+00:00
9102,24,16,2023-06-04 13:21:52.402000+00:00
9102,22,15,2023-06-04 13:21:52.402000+00:00
9102,18,5,2023-06-04 13:22:19.355000+00:00
9102,63,4,2023-06-04 13:22:19.355000+00:00
9102,18,6,2023-06-04 13:22:26.683000+00:00
9102,14,5,2023-06-04 13:22:26.683000+00:00
9102,18,7,2023-06-04 13:22:28.417000+00:00
9102,11,6,2023-06-04 13:22:28.417000+00:00
9102,18,8,2023-06-04 13:22:31.886000+00:00
9102,81,7,2023-06-04 13:22:31.886000+00:00
9102,18,9,2023-06-04 13:22:33.589000+00:00
9102,10,8,2023-06-04 13:22:33.589000+00:00
9102,18,10,2023-06-04 13:22:36.557000+00:00
9102,16,9,2023-06-04 13:22:36.557000+00:00
9102,18,11,2023-06-04 13:22:45.292000+00:00
9102,23,10,2023-06-04 13:22:45.292000+00:00
9102,18,12,2023-06-04 13:22:47.151000+00:00
9102,2,11,2023-06-04 13:22:47.151000+00:00
9102,27,15,2023-06-04 13:22:52.604000+00:00
9102,22,14,2023-06-04 13:22:52.604000+00:00
9102,21,18,2023-06-04 13:23:01.166000+00:00
9102,77,19,2023-06-04 13:23:01.166000+00:00
9102,55,3,2023-06-04 13:23:33.306000+00:00
9102,44,2,2023-06-04 13:23:33.306000+00:00
9102,55,4,2023-06-04 13:23:43.869000+00:00
9102,63,3,2023-06-04 13:23:43.869000+00:00
9102,18,11,2023-06-04 13:23:45.291000+00:00
9102,2,12,2023-06-04 13:23:45.291000+00:00
9102,55,5,2023-06-04 13:23:47.775000+00:00
9102,14,4,2023-06-04 13:23:47.775000+00:00
9102,55,6,2023-06-04 13:23:49.697000+00:00
9102,11,5,2023-06-04 13:23:49.697000+00:00
9102,55,7,2023-06-04 13:23:53.259000+00:00
9102,81,6,2023-06-04 13:23:53.259000+00:00
9102,55,8,2023-06-04 13:23:54.947000+00:00
9102,10,7,2023-06-04 13:23:54.947000+00:00
9102,55,9,2023-06-04 13:24:01.134000+00:00
9102,16,8,2023-06-04 13:24:01.134000+00:00
9102,27,16,2023-06-04 13:24:21.821000+00:00
9102,24,15,2023-06-04 13:24:21.821000+00:00
9102,55,8,2023-06-04 13:24:51.102000+00:00
9102,16,9,2023-06-04 13:24:51.102000+00:00
9102,31,12,2023-06-04 13:25:08.367000+00:00
9102,2,13,2023-06-04 13:25:08.367000+00:00
9102,18,10,2023-06-04 13:25:14.320000+00:00
9102,23,11,2023-06-04 13:25:14.320000+00:00
9102,4,20,2023-06-04 13:25:25.289000+00:00
9102,31,11,2023-06-04 13:25:25.289000+00:00
9102,27,16,2023-06-04 13:25:25.289000+00:00
9102,24,15,2023-06-04 13:25:25.289000+00:00
9102,21,18,2023-06-04 13:25:25.289000+00:00
9102,22,14,2023-06-04 13:25:25.289000+00:00
9102,77,19,2023-06-04 13:25:25.289000+00:00
9102,20,17,2023-06-04 13:25:25.289000+00:00
9102,23,12,2023-06-04 13:25:25.289000+00:00
9102,2,13,2023-06-04 13:25:25.289000+00:00
9102,23,13,2023-06-04 13:25:26.179000+00:00
9102,2,12,2023-06-04 13:25:26.179000+00:00
9102,22,13,2023-06-04 13:25:26.648000+00:00
9102,23,14,2023-06-04 13:25:26.648000+00:00
9102,18,9,2023-06-04 13:25:26.758000+00:00
9102,16,10,2023-06-04 13:25:26.758000+00:00
9102,31,10,2023-06-04 13:25:29.039000+00:00
9102,16,11,2023-06-04 13:25:29.039000+00:00
9102,16,12,2023-06-04 13:25:29.851000+00:00
9102,2,11,2023-06-04 13:25:29.851000+00:00
9102,22,12,2023-06-04 13:25:30.226000+00:00
9102,16,13,2023-06-04 13:25:30.226000+00:00
9102,24,13,2023-06-04 13:25:32.632000+00:00
9102,23,15,2023-06-04 13:25:32.632000+00:00
9102,16,14,2023-06-04 13:25:32.632000+00:00
9102,27,14,2023-06-04 13:25:34.507000+00:00
9102,23,16,2023-06-04 13:25:34.507000+00:00
9102,16,15,2023-06-04 13:25:34.507000+00:00
9102,20,15,2023-06-04 13:25:36.773000+00:00
9102,23,17,2023-06-04 13:25:36.773000+00:00
9102,16,16,2023-06-04 13:25:36.773000+00:00
9102,21,16,2023-06-04 13:25:37.851000+00:00
9102,23,18,2023-06-04 13:25:37.851000+00:00
9102,16,17,2023-06-04 13:25:37.851000+00:00
9102,77,18,2023-06-04 13:25:40.539000+00:00
9102,23,19,2023-06-04 13:25:40.539000+00:00
9102,4,19,2023-06-04 13:25:43.304000+00:00
9102,23,20,2023-06-04 13:25:43.304000+00:00
9102,77,17,2023-06-04 13:25:43.695000+00:00
9102,16,18,2023-06-04 13:25:43.695000+00:00
9102,22,11,2023-06-04 13:26:09.600000+00:00
9102,2,12,2023-06-04 13:26:09.600000+00:00
9102,81,7,2023-06-04 13:26:34.272000+00:00
9102,10,6,2023-06-04 13:26:34.272000+00:00
9102,55,7,2023-06-04 13:26:35.866000+00:00
9102,81,8,2023-06-04 13:26:35.866000+00:00
9102,18,8,2023-06-04 13:26:46.975000+00:00
9102,81,9,2023-06-04 13:26:46.975000+00:00
9102,31,9,2023-06-04 13:26:49.584000+00:00
9102,81,10,2023-06-04 13:26:49.584000+00:00
9102,24,12,2023-06-04 13:26:49.600000+00:00
9102,2,13,2023-06-04 13:26:49.600000+00:00
9102,81,11,2023-06-04 13:26:51.490000+00:00
9102,22,10,2023-06-04 13:26:51.490000+00:00
9102,27,13,2023-06-04 13:26:52.225000+00:00
9102,2,14,2023-06-04 13:26:52.225000+00:00
9102,81,12,2023-06-04 13:26:53.287000+00:00
9102,24,11,2023-06-04 13:26:53.287000+00:00
9102,20,14,2023-06-04 13:26:57.959000+00:00
9102,2,15,2023-06-04 13:26:57.959000+00:00
9102,21,15,2023-06-04 13:26:58.600000+00:00
9102,2,16,2023-06-04 13:26:58.600000+00:00
9102,27,12,2023-06-04 13:26:58.990000+00:00
9102,81,13,2023-06-04 13:26:58.990000+00:00
9102,81,14,2023-06-04 13:27:00.990000+00:00
9102,20,13,2023-06-04 13:27:00.990000+00:00
9102,77,16,2023-06-04 13:27:02.303000+00:00
9102,2,17,2023-06-04 13:27:02.303000+00:00
9102,81,15,2023-06-04 13:27:03.818000+00:00
9102,21,14,2023-06-04 13:27:03.818000+00:00
9102,16,17,2023-06-04 13:27:04.256000+00:00
9102,2,18,2023-06-04 13:27:04.256000+00:00
9102,4,18,2023-06-04 13:27:05.834000+00:00
9102,2,19,2023-06-04 13:27:05.834000+00:00
9102,23,19,2023-06-04 13:27:16.537000+00:00
9102,2,20,2023-06-04 13:27:16.537000+00:00
9102,55,6,2023-06-04 13:28:02.302000+00:00
9102,10,7,2023-06-04 13:28:02.302000+00:00
9102,81,14,2023-06-04 13:28:25.082000+00:00
9102,21,15,2023-06-04 13:28:25.082000+00:00
9102,14,5,2023-06-04 13:29:10.050000+00:00
9102,11,4,2023-06-04 13:29:10.050000+00:00
9102,55,5,2023-06-04 13:29:19.441000+00:00
9102,14,6,2023-06-04 13:29:19.441000+00:00
9102,81,13,2023-06-04 13:29:19.472000+00:00
9102,20,14,2023-06-04 13:29:19.472000+00:00
9102,18,6,2023-06-04 13:29:27.706000+00:00
9102,14,7,2023-06-04 13:29:27.706000+00:00
9102,10,8,2023-06-04 13:29:27.706000+00:00
9102,31,7,2023-06-04 13:29:30.363000+00:00
9102,14,8,2023-06-04 13:29:30.363000+00:00
9102,10,9,2023-06-04 13:29:30.363000+00:00
9102,14,9,2023-06-04 13:29:31.878000+00:00
9102,10,10,2023-06-04 13:29:31.878000+00:00
9102,22,8,2023-06-04 13:29:31.878000+00:00
9102,10,11,2023-06-04 13:29:34.487000+00:00
9102,24,10,2023-06-04 13:29:34.487000+00:00
9102,27,11,2023-06-04 13:29:38.503000+00:00
9102,10,12,2023-06-04 13:29:38.503000+00:00
9102,81,12,2023-06-04 13:29:39.987000+00:00
9102,10,13,2023-06-04 13:29:39.987000+00:00
9102,14,10,2023-06-04 13:29:40.175000+00:00
9102,24,9,2023-06-04 13:29:40.175000+00:00
9102,10,14,2023-06-04 13:29:40.581000+00:00
9102,20,13,2023-06-04 13:29:40.581000+00:00
9102,10,15,2023-06-04 13:29:41.331000+00:00
9102,21,14,2023-06-04 13:29:41.331000+00:00
9102,77,17,2023-06-04 13:29:48.409000+00:00
9102,16,16,2023-06-04 13:29:48.409000+00:00
9102,10,16,2023-06-04 13:29:55.690000+00:00
9102,16,15,2023-06-04 13:29:55.690000+00:00
9102,14,9,2023-06-04 13:30:57.955000+00:00
9102,24,10,2023-06-04 13:30:57.955000+00:00
9102,27,12,2023-06-04 13:31:02.720000+00:00
9102,81,11,2023-06-04 13:31:02.720000+00:00
9102,10,15,2023-06-04 13:31:11.204000+00:00
9102,16,16,2023-06-04 13:31:11.204000+00:00
9102,10,14,2023-06-04 13:33:56.498000+00:00
9102,21,15,2023-06-04 13:33:56.498000+00:00
9102,4,19,2023-06-04 13:33:57.795000+00:00
9102,23,18,2023-06-04 13:33:57.795000+00:00
9102,4,20,2023-06-04 13:34:00.670000+00:00
9102,2,19,2023-06-04 13:34:00.670000+00:00
9102,10,13,2023-06-04 13:35:10.372000+00:00
9102,20,14,2023-06-04 13:35:10.372000+00:00
9102,44,3,2023-06-04 13:35:50.090000+00:00
9102,63,2,2023-06-04 13:35:50.090000+00:00
9102,44,4,2023-06-04 13:35:56.434000+00:00
9102,11,3,2023-06-04 13:35:56.434000+00:00
9102,55,4,2023-06-04 13:36:04.152000+00:00
9102,44,5,2023-06-04 13:36:04.152000+00:00
9102,21,14,2023-06-04 13:36:26.043000+00:00
9102,20,15,2023-06-04 13:36:26.043000+00:00
9102,20,16,2023-06-04 13:36:26.699000+00:00
9102,16,15,2023-06-04 13:36:26.699000+00:00
9102,77,16,2023-06-04 13:36:35.605000+00:00
9102,20,17,2023-06-04 13:36:35.605000+00:00
9102,20,18,2023-06-04 13:36:40.027000+00:00
9102,23,17,2023-06-04 13:36:40.027000+00:00
9102,20,19,2023-06-04 13:36:42.292000+00:00
9102,2,18,2023-06-04 13:36:42.292000+00:00
9102,11,2,2023-06-04 13:37:17.620000+00:00
9102,63,3,2023-06-04 13:37:17.620000+00:00
9102,55,3,2023-06-04 13:37:21.745000+00:00
9102,63,4,2023-06-04 13:37:21.745000+00:00
9102,44,4,2023-06-04 13:37:24.166000+00:00
9102,63,5,2023-06-04 13:37:24.166000+00:00
9102,18,5,2023-06-04 13:37:33.869000+00:00
9102,63,6,2023-06-04 13:37:33.869000+00:00
9102,21,15,2023-06-04 13:37:55.807000+00:00
9102,16,14,2023-06-04 13:37:55.807000+00:00
9102,27,13,2023-06-04 13:39:03.883000+00:00
9102,10,12,2023-06-04 13:39:03.883000+00:00
9102,27,14,2023-06-04 13:39:07.227000+00:00
9102,16,13,2023-06-04 13:39:07.227000+00:00
9102,27,15,2023-06-04 13:39:12.336000+00:00
9102,21,14,2023-06-04 13:39:12.336000+00:00
9102,27,16,2023-06-04 13:39:17.946000+00:00
9102,77,15,2023-06-04 13:39:17.946000+00:00
9102,27,17,2023-06-04 13:39:22.180000+00:00
9102,23,16,2023-06-04 13:39:22.180000+00:00
9102,2,17,2023-06-04 13:39:24.352000+00:00
9102,27,18,2023-06-04 13:39:24.352000+00:00
9102,55,2,2023-06-04 13:39:58.648000+00:00
9102,11,3,2023-06-04 13:39:58.648000+00:00
9102,44,3,2023-06-04 13:39:59.195000+00:00
9102,11,4,2023-06-04 13:39:59.195000+00:00
9102,55,3,2023-06-04 13:40:08.054000+00:00
9102,44,2,2023-06-04 13:40:08.054000+00:00
9102,18,4,2023-06-04 13:40:11.820000+00:00
9102,11,5,2023-06-04 13:40:11.820000+00:00
9102,11,6,2023-06-04 13:40:11.835000+00:00
9102,63,5,2023-06-04 13:40:11.835000+00:00
9102,18,5,2023-06-04 13:40:14.726000+00:00
9102,63,4,2023-06-04 13:40:14.726000+00:00
9102,31,6,2023-06-04 13:40:15.351000+00:00
9102,11,7,2023-06-04 13:40:15.351000+00:00
9102,11,8,2023-06-04 13:40:16.163000+00:00
9102,22,7,2023-06-04 13:40:16.163000+00:00
9102,14,8,2023-06-04 13:40:22.476000+00:00
9102,11,9,2023-06-04 13:40:22.476000+00:00
9102,14,9,2023-06-04 13:44:23.878000+00:00
9102,11,8,2023-06-04 13:44:23.878000+00:00
9102,27,17,2023-06-04 13:44:50.799000+00:00
9102,2,18,2023-06-04 13:44:50.799000+00:00
9102,27,16,2023-06-04 13:46:17.094000+00:00
9102,23,17,2023-06-04 13:46:17.094000+00:00
9102,11,7,2023-06-04 13:47:09.593000+00:00
9102,22,8,2023-06-04 13:47:09.593000+00:00
9102,31,7,2023-06-04 13:48:23.811000+00:00
9102,11,6,2023-06-04 13:48:23.811000+00:00
9102,27,15,2023-06-04 13:48:51.514000+00:00
9102,77,16,2023-06-04 13:48:51.514000+00:00
9102,18,6,2023-06-04 13:49:33.935000+00:00
9102,11,5,2023-06-04 13:49:33.935000+00:00
9102,18,7,2023-06-04 13:49:35.966000+00:00
9102,31,6,2023-06-04 13:49:35.966000+00:00
9102,55,4,2023-06-04 13:49:36.450000+00:00
9102,63,3,2023-06-04 13:49:36.450000+00:00
9102,14,8,2023-06-04 13:49:39.747000+00:00
9102,22,9,2023-06-04 13:49:39.747000+00:00
9102,18,8,2023-06-04 13:49:43.481000+00:00
9102,14,7,2023-06-04 13:49:43.481000+00:00
9102,18,9,2023-06-04 13:49:47.700000+00:00
9102,24,8,2023-06-04 13:49:47.700000+00:00
9102,22,10,2023-06-04 13:49:47.700000+00:00
9102,18,10,2023-06-04 13:49:49.216000+00:00
9102,81,9,2023-06-04 13:49:49.216000+00:00
9102,22,11,2023-06-04 13:49:49.216000+00:00
9102,18,11,2023-06-04 13:49:49.841000+00:00
9102,10,10,2023-06-04 13:49:49.841000+00:00
9102,22,12,2023-06-04 13:49:49.841000+00:00
9102,18,12,2023-06-04 13:49:53.637000+00:00
9102,22,13,2023-06-04 13:49:53.637000+00:00
9102,16,11,2023-06-04 13:49:53.637000+00:00
9102,18,13,2023-06-04 13:49:57.622000+00:00
9102,21,12,2023-06-04 13:49:57.622000+00:00
9102,22,14,2023-06-04 13:49:57.622000+00:00
9102,20,18,2023-06-04 13:50:18.949000+00:00
9102,2,19,2023-06-04 13:50:18.949000+00:00
9102,31,7,2023-06-04 13:51:00.183000+00:00
9102,14,6,2023-06-04 13:51:00.183000+00:00
9102,31,8,2023-06-04 13:51:08.105000+00:00
9102,24,7,2023-06-04 13:51:08.105000+00:00
9102,31,9,2023-06-04 13:51:09.683000+00:00
9102,81,8,2023-06-04 13:51:09.683000+00:00
9102,31,10,2023-06-04 13:51:10.964000+00:00
9102,10,9,2023-06-04 13:51:10.964000+00:00
9102,31,11,2023-06-04 13:51:14.042000+00:00
9102,16,10,2023-06-04 13:51:14.042000+00:00
9102,31,12,2023-06-04 13:51:18.402000+00:00
9102,21,11,2023-06-04 13:51:18.402000+00:00
9102,18,12,2023-06-04 13:51:21.480000+00:00
9102,31,13,2023-06-04 13:51:21.480000+00:00
9102,31,14,2023-06-04 13:51:26.792000+00:00
9102,22,13,2023-06-04 13:51:26.792000+00:00
9102,81,7,2023-06-04 13:52:26.775000+00:00
9102,24,8,2023-06-04 13:52:26.775000+00:00
9102,10,8,2023-06-04 13:52:28.088000+00:00
9102,24,9,2023-06-04 13:52:28.088000+00:00
9102,24,10,2023-06-04 13:52:34.588000+00:00
9102,16,9,2023-06-04 13:52:34.588000+00:00
9102,24,11,2023-06-04 13:52:39.166000+00:00
9102,21,10,2023-06-04 13:52:39.166000+00:00
9102,18,11,2023-06-04 13:52:41.197000+00:00
9102,24,12,2023-06-04 13:52:41.197000+00:00
9102,24,13,2023-06-04 13:52:42.806000+00:00
9102,22,12,2023-06-04 13:52:42.806000+00:00
9102,31,13,2023-06-04 13:52:44.853000+00:00
9102,24,14,2023-06-04 13:52:44.853000+00:00
9102,27,14,2023-06-04 13:52:46.369000+00:00
9102,24,15,2023-06-04 13:52:46.369000+00:00
9102,4,19,2023-06-04 13:52:55.056000+00:00
9102,2,20,2023-06-04 13:52:55.056000+00:00
9102,20,17,2023-06-04 13:54:12.492000+00:00
9102,23,18,2023-06-04 13:54:12.492000+00:00
9102,4,18,2023-06-04 13:54:15.523000+00:00
9102,23,19,2023-06-04 13:54:15.523000+00:00
9102,18,10,2023-06-04 13:55:17.397000+00:00
9102,21,11,2023-06-04 13:55:17.397000+00:00
9102,21,12,2023-06-04 13:55:19.444000+00:00
9102,22,11,2023-06-04 13:55:19.444000+00:00
9102,31,12,2023-06-04 13:55:19.725000+00:00
9102,21,13,2023-06-04 13:55:19.725000+00:00
9102,31,11,2023-06-04 13:55:26.163000+00:00
9102,22,12,2023-06-04 13:55:26.163000+00:00
9102,27,13,2023-06-04 13:55:26.460000+00:00
9102,21,14,2023-06-04 13:55:26.460000+00:00
9102,24,14,2023-06-04 13:55:31.022000+00:00
9102,21,15,2023-06-04 13:55:31.022000+00:00
9102,21,16,2023-06-04 13:55:37.475000+00:00
9102,77,15,2023-06-04 13:55:37.475000+00:00
9102,21,17,2023-06-04 13:55:37.584000+00:00
9102,20,16,2023-06-04 13:55:37.584000+00:00
9102,77,16,2023-06-04 13:55:40.459000+00:00
9102,20,15,2023-06-04 13:55:40.459000+00:00
9102,4,17,2023-06-04 13:55:44.522000+00:00
9102,21,18,2023-06-04 13:55:44.522000+00:00
9102,10,9,2023-06-04 13:56:32.490000+00:00
9102,16,8,2023-06-04 13:56:32.490000+00:00
9102,81,8,2023-06-04 13:56:36.271000+00:00
9102,16,7,2023-06-04 13:56:36.271000+00:00
9102,18,8,2023-06-04 13:56:40.349000+00:00
9102,81,9,2023-06-04 13:56:40.349000+00:00
9102,10,10,2023-06-04 13:56:40.349000+00:00
9102,31,9,2023-06-04 13:56:42.771000+00:00
9102,81,10,2023-06-04 13:56:42.771000+00:00
9102,10,11,2023-06-04 13:56:42.771000+00:00
9102,81,11,2023-06-04 13:56:43.974000+00:00
9102,10,12,2023-06-04 13:56:43.974000+00:00
9102,22,10,2023-06-04 13:56:43.974000+00:00
9102,27,11,2023-06-04 13:56:46.771000+00:00
9102,81,12,2023-06-04 13:56:46.771000+00:00
9102,10,13,2023-06-04 13:56:46.771000+00:00
9102,81,13,2023-06-04 13:56:50.005000+00:00
9102,10,14,2023-06-04 13:56:50.005000+00:00
9102,24,12,2023-06-04 13:56:50.005000+00:00
9102,4,16,2023-06-04 13:56:58.114000+00:00
9102,77,17,2023-06-04 13:56:58.114000+00:00
9102,21,17,2023-06-04 13:56:58.958000+00:00
9102,77,18,2023-06-04 13:56:58.958000+00:00
9102,77,19,2023-06-04 13:57:18.489000+00:00
9102,23,18,2023-06-04 13:57:18.489000+00:00
9102,77,20,2023-06-04 13:57:21.301000+00:00
9102,2,19,2023-06-04 13:57:21.301000+00:00
9102,4,17,2023-06-04 13:58:24.800000+00:00
9102,21,16,2023-06-04 13:58:24.800000+00:00
9102,55,5,2023-06-04 13:58:48.518000+00:00
9102,11,4,2023-06-04 13:58:48.518000+00:00
9102,55,6,2023-06-04 13:59:04.096000+00:00
9102,14,5,2023-06-04 13:59:04.096000+00:00
9102,18,7,2023-06-04 13:59:15.799000+00:00
9102,16,8,2023-06-04 13:59:15.799000+00:00
9102,31,8,2023-06-04 13:59:22.268000+00:00
9102,16,9,2023-06-04 13:59:22.268000+00:00
9102,22,9,2023-06-04 13:59:23.565000+00:00
9102,16,10,2023-06-04 13:59:23.565000+00:00
9102,27,10,2023-06-04 13:59:26.846000+00:00
9102,16,11,2023-06-04 13:59:26.846000+00:00
9102,24,11,2023-06-04 13:59:28.174000+00:00
9102,16,12,2023-06-04 13:59:28.174000+00:00
9102,81,12,2023-06-04 13:59:33.455000+00:00
9102,16,13,2023-06-04 13:59:33.455000+00:00
9102,10,13,2023-06-04 13:59:35.283000+00:00
9102,16,14,2023-06-04 13:59:35.283000+00:00
9102,21,15,2023-06-04 13:59:43.408000+00:00
9102,20,16,2023-06-04 13:59:43.408000+00:00
9102,27,11,2023-06-04 14:00:49.844000+00:00
9102,24,10,2023-06-04 14:00:49.844000+00:00
9102,4,16,2023-06-04 14:00:59.735000+00:00
9102,20,17,2023-06-04 14:00:59.735000+00:00
9102,20,18,2023-06-04 14:01:17.078000+00:00
9102,23,17,2023-06-04 14:01:17.078000+00:00
9102,20,19,2023-06-04 14:01:19.781000+00:00
9102,2,18,2023-06-04 14:01:19.781000+00:00
9102,27,12,2023-06-04 14:02:07.452000+00:00
9102,81,11,2023-06-04 14:02:07.452000+00:00
9102,27,13,2023-06-04 14:02:12.515000+00:00
9102,10,12,2023-06-04 14:02:12.515000+00:00
9102,27,14,2023-06-04 14:02:17.983000+00:00
9102,16,13,2023-06-04 14:02:17.983000+00:00
9102,27,15,2023-06-04 14:02:20.140000+00:00
9102,21,14,2023-06-04 14:02:20.140000+00:00
9102,4,15,2023-06-04 14:02:23.093000+00:00
9102,27,16,2023-06-04 14:02:23.093000+00:00
9102,55,5,2023-06-04 14:03:11.592000+00:00
9102,14,6,2023-06-04 14:03:11.592000+00:00
9102,18,6,2023-06-04 14:03:18.779000+00:00
9102,14,7,2023-06-04 14:03:18.779000+00:00
9102,31,7,2023-06-04 14:03:21.514000+00:00
9102,14,8,2023-06-04 14:03:21.514000+00:00
9102,14,9,2023-06-04 14:03:22.889000+00:00
9102,22,8,2023-06-04 14:03:22.889000+00:00
9102,14,10,2023-06-04 14:03:28.717000+00:00
9102,24,9,2023-06-04 14:03:28.717000+00:00
9102,11,3,2023-06-04 14:04:09.325000+00:00
9102,63,4,2023-06-04 14:04:09.325000+00:00
9102,14,9,2023-06-04 14:07:26.181000+00:00
9102,24,10,2023-06-04 14:07:26.181000+00:00
9102,81,12,2023-06-04 14:07:33.634000+00:00
9102,10,11,2023-06-04 14:07:33.634000+00:00
9102,20,18,2023-06-04 14:08:04.024000+00:00
9102,2,19,2023-06-04 14:08:04.024000+00:00
9102,14,8,2023-06-04 14:08:44.414000+00:00
9102,22,9,2023-06-04 14:08:44.414000+00:00
9102,11,4,2023-06-04 14:10:54.959000+00:00
9102,63,3,2023-06-04 14:10:54.959000+00:00
9102,55,4,2023-06-04 14:11:03.818000+00:00
9102,11,5,2023-06-04 14:11:03.818000+00:00
9102,31,8,2023-06-04 14:11:21.442000+00:00
9102,14,7,2023-06-04 14:11:21.442000+00:00
9102,81,13,2023-06-04 14:11:35.458000+00:00
9102,16,12,2023-06-04 14:11:35.458000+00:00
9102,4,16,2023-06-04 14:11:46.692000+00:00
9102,27,15,2023-06-04 14:11:46.692000+00:00
9102,4,17,2023-06-04 14:11:54.286000+00:00
9102,23,16,2023-06-04 14:11:54.286000+00:00
9102,4,18,2023-06-04 14:11:56.082000+00:00
9102,20,17,2023-06-04 14:11:56.082000+00:00
9102,4,19,2023-06-04 14:11:59.520000+00:00
9102,2,18,2023-06-04 14:11:59.520000+00:00
9102,4,20,2023-06-04 14:12:10.160000+00:00
9102,77,19,2023-06-04 14:12:10.160000+00:00
9102,55,5,2023-06-04 14:13:46.440000+00:00
9102,11,4,2023-06-04 14:13:46.440000+00:00
9102,4,19,2023-06-04 14:14:43.158000+00:00
9102,77,20,2023-06-04 14:14:43.158000+00:00
9102,4,18,2023-06-04 14:17:22.123000+00:00
9102,2,19,2023-06-04 14:17:22.123000+00:00
9102,24,9,2023-06-04 14:18:07.638000+00:00
9102,22,10,2023-06-04 14:18:07.638000+00:00
9102,24,10,2023-06-04 14:18:10.732000+00:00
9102,22,9,2023-06-04 14:18:10.732000+00:00
9102,4,17,2023-06-04 14:23:56.569000+00:00
9102,20,18,2023-06-04 14:23:56.569000+00:00
9102,4,18,2023-06-04 14:24:01.851000+00:00
9102,20,17,2023-06-04 14:24:01.851000+00:00
9102,77,19,2023-06-04 14:25:30.943000+00:00
9102,2,20,2023-06-04 14:25:30.943000+00:00
9102,4,17,2023-06-04 14:29:15.501000+00:00
9102,20,18,2023-06-04 14:29:15.501000+00:00
9102,10,10,2023-06-04 14:32:39.888000+00:00
9102,24,9,2023-06-04 14:32:39.888000+00:00
9102,22,12,2023-06-04 14:32:39.888000+00:00
9102,16,11,2023-06-04 14:32:39.888000+00:00
9110,1,1,2023-06-18 17:01:08.190000+00:00
9110,14,2,2023-06-18 17:01:08.190000+00:00
9110,44,3,2023-06-18 17:01:08.190000+00:00
9110,63,4,2023-06-18 17:01:08.190000+00:00
9110,27,5,2023-06-18 17:01:08.190000+00:00
9110,31,6,2023-06-18 17:01:08.190000+00:00
9110,4,7,2023-06-18 17:01:08.190000+00:00
9110,81,8,2023-06-18 17:01:08.190000+00:00
9110,23,9,2023-06-18 17:01:08.190000+00:00
9110,16,10,2023-06-18 17:01:08.190000+00:00
9110,55,11,2023-06-18 17:01:08.190000+00:00
9110,11,12,2023-06-18 17:01:08.190000+00:00
9110,20,13,2023-06-18 17:01:08.190000+00:00
9110,77,14,2023-06-18 17:01:08.190000+00:00
9110,10,15,2023-06-18 17:01:08.190000+00:00
9110,18,16,2023-06-18 17:01:08.190000+00:00
9110,21,17,2023-06-18 17:01:08.190000+00:00
9110,2,18,2023-06-18 17:01:08.190000+00:00
9110,22,19,2023-06-18 17:01:08.190000+00:00
9110,24,20,2023-06-18 17:01:08.190000+00:00
9110,14,3,2023-06-18 18:03:21.264000+00:00
9110,44,2,2023-06-18 18:03:21.264000+00:00
9110,14,4,2023-06-18 18:03:21.639000+00:00
9110,63,3,2023-06-18 18:03:21.639000+00:00
9110,14,3,2023-06-18 18:03:21.671000+00:00
9110,63,4,2023-06-18 18:03:21.671000+00:00
9110,27,6,2023-06-18 18:03:22.093000+00:00
9110,31,5,2023-06-18 18:03:22.093000+00:00
9110,4,8,2023-06-18 18:03:22.686000+00:00
9110,81,7,2023-06-18 18:03:22.686000+00:00
9110,23,10,2023-06-18 18:03:23.202000+00:00
9110,16,9,2023-06-18 18:03:23.202000+00:00
9110,55,12,2023-06-18 18:03:23.671000+00:00
9110,11,11,2023-06-18 18:03:23.671000+00:00
9110,55,13,2023-06-18 18:03:23.733000+00:00
9110,20,12,2023-06-18 18:03:23.733000+00:00
9110,77,16,2023-06-18 18:03:24.171000+00:00
9110,10,15,2023-06-18 18:03:24.171000+00:00
9110,18,14,2023-06-18 18:03:24.171000+00:00
9110,55,12,2023-06-18 18:03:27.217000+00:00
9110,20,13,2023-06-18 18:03:27.217000+00:00
9110,10,14,2023-06-18 18:03:33.717000+00:00
9110,18,15,2023-06-18 18:03:33.717000+00:00
9110,55,11,2023-06-18 18:03:56.670000+00:00
9110,11,12,2023-06-18 18:03:56.670000+00:00
9110,2,19,2023-06-18 18:03:59.201000+00:00
9110,22,18,2023-06-18 18:03:59.201000+00:00
9110,55,12,2023-06-18 18:04:00.639000+00:00
9110,11,11,2023-06-18 18:04:00.639000+00:00
9110,2,18,2023-06-18 18:04:25.904000+00:00
9110,22,19,2023-06-18 18:04:25.904000+00:00
9110,55,11,2023-06-18 18:04:27.966000+00:00
9110,11,12,2023-06-18 18:04:27.966000+00:00
9110,11,13,2023-06-18 18:04:28.482000+00:00
9110,20,12,2023-06-18 18:04:28.482000+00:00
9110,11,12,2023-06-18 18:04:31.357000+00:00
9110,20,13,2023-06-18 18:04:31.357000+00:00
9110,22,20,2023-06-18 18:04:34.482000+00:00
9110,24,19,2023-06-18 18:04:34.482000+00:00
9110,20,14,2023-06-18 18:04:36.997000+00:00
9110,10,13,2023-06-18 18:04:36.997000+00:00
9110,20,15,2023-06-18 18:04:37.435000+00:00
9110,18,14,2023-06-18 18:04:37.435000+00:00
9110,27,7,2023-06-18 18:11:15.069000+00:00
9110,81,6,2023-06-18 18:11:15.069000+00:00
9110,2,19,2023-06-18 18:11:44.099000+00:00
9110,24,18,2023-06-18 18:11:44.099000+00:00
9110,2,20,2023-06-18 18:11:56.537000+00:00
9110,22,19,2023-06-18 18:11:56.537000+00:00
9110,10,14,2023-06-18 18:16:22.219000+00:00
9110,18,13,2023-06-18 18:16:22.219000+00:00
9110,10,13,2023-06-18 18:16:33.969000+00:00
9110,18,14,2023-06-18 18:16:33.969000+00:00
9110,10,14,2023-06-18 18:16:41.953000+00:00
9110,18,13,2023-06-18 18:16:41.953000+00:00
9110,20,14,2023-06-18 18:16:42.547000+00:00
9110,10,15,2023-06-18 18:16:42.547000+00:00
9110,77,15,2023-06-18 18:16:43.110000+00:00
9110,10,16,2023-06-18 18:16:43.110000+00:00
9110,10,17,2023-06-18 18:16:43.781000+00:00
9110,21,16,2023-06-18 18:16:43.781000+00:00
9110,10,18,2023-06-18 18:16:46.719000+00:00
9110,24,17,2023-06-18 18:16:46.719000+00:00
9110,10,19,2023-06-18 18:16:57.562000+00:00
9110,22,18,2023-06-18 18:16:57.562000+00:00
9110,27,8,2023-06-18 18:17:57.624000+00:00
9110,4,7,2023-06-18 18:17:57.624000+00:00
9110,27,9,2023-06-18 18:17:57.733000+00:00
9110,16,8,2023-06-18 18:17:57.733000+00:00
9110,27,10,2023-06-18 18:17:58.608000+00:00
9110,23,9,2023-06-18 18:17:58.608000+00:00
9110,27,11,2023-06-18 18:17:59.155000+00:00
9110,55,10,2023-06-18 18:17:59.155000+00:00
9110,27,12,2023-06-18 18:17:59.671000+00:00
9110,11,11,2023-06-18 18:17:59.671000+00:00
9110,27,13,2023-06-18 18:18:01.124000+00:00
9110,20,12,2023-06-18 18:18:01.124000+00:00
9110,18,14,2023-06-18 18:18:01.124000+00:00
9110,27,14,2023-06-18 18:18:01.843000+00:00
9110,77,13,2023-06-18 18:18:01.843000+00:00
9110,18,15,2023-06-18 18:18:01.843000+00:00
9110,27,15,2023-06-18 18:18:05.280000+00:00
9110,18,16,2023-06-18 18:18:05.280000+00:00
9110,21,17,2023-06-18 18:18:05.280000+00:00
9110,24,14,2023-06-18 18:18:05.280000+00:00
9110,18,17,2023-06-18 18:18:15.592000+00:00
9110,21,18,2023-06-18 18:18:15.592000+00:00
9110,22,16,2023-06-18 18:18:15.592000+00:00
9110,27,16,2023-06-18 18:18:23.295000+00:00
9110,22,15,2023-06-18 18:18:23.295000+00:00
9110,63,5,2023-06-18 18:18:38.404000+00:00
9110,31,4,2023-06-18 18:18:38.404000+00:00
9110,63,6,2023-06-18 18:18:49.482000+00:00
9110,81,5,2023-06-18 18:18:49.482000+00:00
9110,63,7,2023-06-18 18:18:52.342000+00:00
9110,4,6,2023-06-18 18:18:52.342000+00:00
9110,63,8,2023-06-18 18:18:53.060000+00:00
9110,16,7,2023-06-18 18:18:53.060000+00:00
9110,63,9,2023-06-18 18:18:55.060000+00:00
9110,23,8,2023-06-18 18:18:55.060000+00:00
9110,63,10,2023-06-18 18:18:56.967000+00:00
9110,55,9,2023-06-18 18:18:56.967000+00:00
9110,63,11,2023-06-18 18:18:58.076000+00:00
9110,11,10,2023-06-18 18:18:58.076000+00:00
9110,63,12,2023-06-18 18:19:11.341000+00:00
9110,20,11,2023-06-18 18:19:11.341000+00:00
9110,63,13,2023-06-18 18:19:12.435000+00:00
9110,77,12,2023-06-18 18:19:12.435000+00:00
9110,63,14,2023-06-18 18:19:18.232000+00:00
9110,24,13,2023-06-18 18:19:18.232000+00:00
9110,31,5,2023-06-18 18:19:31.435000+00:00
9110,4,7,2023-06-18 18:19:31.435000+00:00
9110,81,6,2023-06-18 18:19:31.435000+00:00
9110,16,4,2023-06-18 18:19:31.435000+00:00
9110,63,14,2023-06-18 18:19:32.950000+00:00
9110,27,16,2023-06-18 18:19:32.950000+00:00
9110,31,6,2023-06-18 18:19:32.950000+00:00
9110,4,8,2023-06-18 18:19:32.950000+00:00
9110,81,7,2023-06-18 18:19:32.950000+00:00
9110,55,5,2023-06-18 18:19:32.950000+00:00
9110,11,10,2023-06-18 18:19:32.950000+00:00
9110,20,11,2023-06-18 18:19:32.950000+00:00
9110,77,12,2023-06-18 18:19:32.950000+00:00
9110,10,19,2023-06-18 18:19:32.950000+00:00
9110,18,17,2023-06-18 18:19:32.950000+00:00
9110,21,18,2023-06-18 18:19:32.950000+00:00
9110,2,20,2023-06-18 18:19:32.950000+00:00
9110,22,15,2023-06-18 18:19:32.950000+00:00
9110,24,13,2023-06-18 18:19:32.950000+00:00
9110,23,9,2023-06-18 18:19:32.950000+00:00
9110,31,7,2023-06-18 18:19:33.716000+00:00
9110,4,9,2023-06-18 18:19:33.716000+00:00
9110,81,8,2023-06-18 18:19:33.716000+00:00
9110,23,10,2023-06-18 18:19:33.716000+00:00
9110,11,6,2023-06-18 18:19:33.716000+00:00
9110,31,8,2023-06-18 18:19:35.403000+00:00
9110,4,10,2023-06-18 18:19:35.403000+00:00
9110,81,9,2023-06-18 18:19:35.403000+00:00
9110,23,11,2023-06-18 18:19:35.403000+00:00
9110,20,7,2023-06-18 18:19:35.403000+00:00
9110,4,11,2023-06-18 18:19:37.028000+00:00
9110,81,10,2023-06-18 18:19:37.028000+00:00
9110,23,12,2023-06-18 18:19:37.028000+00:00
9110,77,9,2023-06-18 18:19:37.028000+00:00
9110,63,15,2023-06-18 18:19:38.685000+00:00
9110,22,14,2023-06-18 18:19:38.685000+00:00
9110,63,16,2023-06-18 18:19:40.310000+00:00
9110,27,15,2023-06-18 18:19:40.310000+00:00
9110,31,7,2023-06-18 18:19:45.388000+00:00
9110,20,8,2023-06-18 18:19:45.388000+00:00
9110,63,17,2023-06-18 18:19:48.091000+00:00
9110,18,16,2023-06-18 18:19:48.091000+00:00
9110,31,8,2023-06-18 18:19:49.747000+00:00
9110,20,7,2023-06-18 18:19:49.747000+00:00
9110,31,9,2023-06-18 18:19:50.684000+00:00
9110,77,8,2023-06-18 18:19:50.684000+00:00
9110,22,13,2023-06-18 18:20:03.465000+00:00
9110,24,14,2023-06-18 18:20:03.465000+00:00
9110,63,18,2023-06-18 18:20:04.668000+00:00
9110,21,17,2023-06-18 18:20:04.668000+00:00
9110,63,19,2023-06-18 18:20:06.278000+00:00
9110,10,18,2023-06-18 18:20:06.278000+00:00
9110,4,10,2023-06-18 18:28:55.425000+00:00
9110,81,11,2023-06-18 18:28:55.425000+00:00
9110,31,8,2023-06-18 18:31:48.969000+00:00
9110,77,9,2023-06-18 18:31:48.969000+00:00
9110,81,12,2023-06-18 18:31:58.406000+00:00
9110,23,11,2023-06-18 18:31:58.406000+00:00
9110,31,7,2023-06-18 18:32:43.343000+00:00
9110,20,8,2023-06-18 18:32:43.343000+00:00
9110,20,9,2023-06-18 18:33:03.420000+00:00
9110,77,8,2023-06-18 18:33:03.420000+00:00
9110,4,9,2023-06-18 18:33:24.123000+00:00
9110,20,10,2023-06-18 18:33:24.123000+00:00
9110,14,2,2023-06-18 18:35:31.668000+00:00
9110,44,3,2023-06-18 18:35:31.668000+00:00
9110,23,10,2023-06-18 18:35:45.355000+00:00
9110,20,11,2023-06-18 18:35:45.355000+00:00
9110,23,11,2023-06-18 18:35:53.886000+00:00
9110,20,10,2023-06-18 18:35:53.886000+00:00
9110,81,11,2023-06-18 18:35:54.230000+00:00
9110,23,12,2023-06-18 18:35:54.230000+00:00
9110,81,10,2023-06-18 18:38:30.899000+00:00
9110,20,11,2023-06-18 18:38:30.899000+00:00
9110,27,16,2023-06-18 18:42:21.098000+00:00
9110,18,15,2023-06-18 18:42:21.098000+00:00
9110,27,15,2023-06-18 18:42:29.176000+00:00
9110,18,16,2023-06-18 18:42:29.176000+00:00
9110,18,17,2023-06-18 18:42:30.113000+00:00
9110,21,16,2023-06-18 18:42:30.113000+00:00
9110,10,17,2023-06-18 18:42:30.457000+00:00
9110,18,18,2023-06-18 18:42:30.457000+00:00
9110,63,18,2023-06-18 18:42:31.364000+00:00
9110,18,19,2023-06-18 18:42:31.364000+00:00
9110,23,11,2023-06-18 18:43:45.690000+00:00
9110,20,12,2023-06-18 18:43:45.690000+00:00
9110,27,16,2023-06-18 18:47:43.858000+00:00
9110,21,15,2023-06-18 18:47:43.858000+00:00
9110,27,17,2023-06-18 18:47:44.358000+00:00
9110,10,16,2023-06-18 18:47:44.358000+00:00
9110,63,17,2023-06-18 18:47:45.155000+00:00
9110,27,18,2023-06-18 18:47:45.155000+00:00
9110,27,19,2023-06-18 18:47:58.873000+00:00
9110,18,18,2023-06-18 18:47:58.873000+00:00
9110,21,14,2023-06-18 18:49:02.357000+00:00
9110,24,15,2023-06-18 18:49:02.357000+00:00
9110,10,15,2023-06-18 18:49:02.497000+00:00
9110,24,16,2023-06-18 18:49:02.497000+00:00
9110,63,16,2023-06-18 18:49:03.482000+00:00
9110,24,17,2023-06-18 18:49:03.482000+00:00
9110,18,17,2023-06-18 18:49:16.200000+00:00
9110,24,18,2023-06-18 18:49:16.200000+00:00
9110,27,18,2023-06-18 18:49:19.825000+00:00
9110,24,19,2023-06-18 18:49:19.825000+00:00
9110,63,15,2023-06-18 18:50:21.433000+00:00
9110,10,16,2023-06-18 18:50:21.433000+00:00
9110,10,17,2023-06-18 18:50:33.308000+00:00
9110,18,16,2023-06-18 18:50:33.308000+00:00
9110,27,17,2023-06-18 18:50:37.105000+00:00
9110,10,18,2023-06-18 18:50:37.105000+00:00
9110,20,13,2023-06-18 18:51:29.354000+00:00
9110,22,12,2023-06-18 18:51:29.354000+00:00
9110,20,12,2023-06-18 18:51:38.651000+00:00
9110,22,13,2023-06-18 18:51:38.651000+00:00
9110,21,13,2023-06-18 18:51:38.791000+00:00
9110,22,14,2023-06-18 18:51:38.791000+00:00
9110,63,14,2023-06-18 18:51:39.307000+00:00
9110,22,15,2023-06-18 18:51:39.307000+00:00
9110,63,12,2023-06-18 18:51:47.401000+00:00
9110,20,13,2023-06-18 18:51:47.401000+00:00
9110,21,14,2023-06-18 18:51:47.401000+00:00
9110,18,15,2023-06-18 18:51:50.385000+00:00
9110,22,16,2023-06-18 18:51:50.385000+00:00
9110,27,16,2023-06-18 18:51:54.791000+00:00
9110,22,17,2023-06-18 18:51:54.791000+00:00
9110,10,17,2023-06-18 18:52:06.181000+00:00
9110,22,18,2023-06-18 18:52:06.181000+00:00
9110,20,14,2023-06-18 18:52:08.916000+00:00
9110,18,13,2023-06-18 18:52:08.916000+00:00
9110,21,15,2023-06-18 18:52:08.916000+00:00
9110,27,14,2023-06-18 18:52:13.603000+00:00
9110,20,15,2023-06-18 18:52:13.603000+00:00
9110,21,16,2023-06-18 18:52:13.603000+00:00
9110,20,16,2023-06-18 18:52:17.056000+00:00
9110,10,15,2023-06-18 18:52:17.056000+00:00
9110,21,17,2023-06-18 18:52:17.056000+00:00
9110,20,17,2023-06-18 18:52:19.259000+00:00
9110,21,18,2023-06-18 18:52:19.259000+00:00
9110,22,16,2023-06-18 18:52:19.259000+00:00
9110,20,18,2023-06-18 18:52:19.744000+00:00
9110,21,19,2023-06-18 18:52:19.744000+00:00
9110,24,17,2023-06-18 18:52:19.744000+00:00
9110,4,10,2023-06-18 18:52:51.571000+00:00
9110,81,9,2023-06-18 18:52:51.571000+00:00
9110,4,11,2023-06-18 18:52:52.884000+00:00
9110,23,10,2023-06-18 18:52:52.884000+00:00
9110,63,11,2023-06-18 18:52:57.618000+00:00
9110,4,12,2023-06-18 18:52:57.618000+00:00
9110,20,19,2023-06-18 18:54:06.289000+00:00
9110,21,18,2023-06-18 18:54:06.289000+00:00
9110,31,8,2023-06-18 18:54:10.179000+00:00
9110,81,7,2023-06-18 18:54:10.179000+00:00
9110,77,9,2023-06-18 18:54:10.179000+00:00
9110,31,9,2023-06-18 18:54:10.882000+00:00
9110,23,8,2023-06-18 18:54:10.882000+00:00
9110,77,10,2023-06-18 18:54:10.882000+00:00
9110,63,9,2023-06-18 18:54:15.273000+00:00
9110,31,10,2023-06-18 18:54:15.273000+00:00
9110,77,11,2023-06-18 18:54:15.273000+00:00
9110,81,8,2023-06-18 18:55:29.037000+00:00
9110,23,7,2023-06-18 18:55:29.037000+00:00
9110,63,8,2023-06-18 18:55:32.834000+00:00
9110,81,9,2023-06-18 18:55:32.834000+00:00
9110,23,6,2023-06-18 18:55:36.646000+00:00
9110,11,7,2023-06-18 18:55:36.646000+00:00
9110,31,9,2023-06-18 18:55:39.990000+00:00
9110,81,10,2023-06-18 18:55:39.990000+00:00
9110,81,11,2023-06-18 18:55:41.240000+00:00
9110,77,10,2023-06-18 18:55:41.240000+00:00
9110,4,11,2023-06-18 18:55:41.850000+00:00
9110,81,12,2023-06-18 18:55:41.850000+00:00
9110,81,13,2023-06-18 18:55:43.709000+00:00
9110,18,12,2023-06-18 18:55:43.709000+00:00
9110,23,7,2023-06-18 18:57:52.800000+00:00
9110,11,6,2023-06-18 18:57:52.800000+00:00
9110,27,15,2023-06-18 19:03:22.982000+00:00
9110,10,14,2023-06-18 19:03:22.982000+00:00
9110,20,18,2023-06-18 19:05:38.183000+00:00
9110,21,19,2023-06-18 19:05:38.183000+00:00
9110,27,16,2023-06-18 19:09:55.616000+00:00
9110,22,15,2023-06-18 19:09:55.616000+00:00
9110,63,9,2023-06-18 19:17:06.577000+00:00
9110,31,8,2023-06-18 19:17:06.577000+00:00
9110,63,10,2023-06-18 19:17:07.374000+00:00
9110,77,9,2023-06-18 19:17:07.374000+00:00
9110,63,11,2023-06-18 19:17:07.921000+00:00
9110,4,10,2023-06-18 19:17:07.921000+00:00
9110,63,12,2023-06-18 19:17:17.577000+00:00
9110,18,11,2023-06-18 19:17:17.577000+00:00
9110,63,13,2023-06-18 19:17:38.608000+00:00
9110,81,12,2023-06-18 19:17:38.608000+00:00
9110,63,14,2023-06-18 19:17:40.842000+00:00
9110,10,13,2023-06-18 19:17:40.842000+00:00
9110,63,15,2023-06-18 19:17:44.811000+00:00
9110,22,14,2023-06-18 19:17:44.811000+00:00
9110,63,16,2023-06-18 19:17:51.701000+00:00
9110,27,15,2023-06-18 19:17:51.701000+00:00
9110,63,17,2023-06-18 19:17:54.748000+00:00
9110,24,16,2023-06-18 19:17:54.748000+00:00
9110,63,18,2023-06-18 19:19:03.387000+00:00
9110,20,17,2023-06-18 19:19:03.387000+00:00
9110,63,19,2023-06-18 19:19:03.903000+00:00
9110,21,18,2023-06-18 19:19:03.903000+00:00
9110,4,9,2023-06-18 19:28:42.002000+00:00
9110,77,10,2023-06-18 19:28:42.002000+00:00
9110,31,9,2023-06-18 19:37:53.633000+00:00
9110,4,8,2023-06-18 19:37:53.633000+00:00
9110,31,8,2023-06-18 19:38:05.774000+00:00
9110,4,9,2023-06-18 19:38:05.774000+00:00
9110,77,11,2023-06-18 19:38:08.477000+00:00
9110,18,10,2023-06-18 19:38:08.477000+00:00
9110,4,13,2023-06-18 19:38:20.070000+00:00
9110,81,11,2023-06-18 19:38:20.070000+00:00
9110,77,10,2023-06-18 19:38:20.070000+00:00
9110,10,12,2023-06-18 19:38:20.070000+00:00
9110,18,9,2023-06-18 19:38:20.070000+00:00
9117,1,1,2023-07-01 13:51:23.163000+00:00
9117,11,2,2023-07-01 13:51:23.163000+00:00
9117,4,3,2023-07-01 13:51:23.163000+00:00
9117,27,4,2023-07-01 13:51:23.163000+00:00
9117,55,5,2023-07-01 13:51:23.163000+00:00
9117,14,6,2023-07-01 13:51:23.163000+00:00
9117,18,7,2023-07-01 13:51:23.163000+00:00
9117,31,8,2023-07-01 13:51:23.163000+00:00
9117,16,9,2023-07-01 13:51:23.163000+00:00
9117,20,10,2023-07-01 13:51:23.163000+00:00
9117,23,11,2023-07-01 13:51:23.163000+00:00
9117,10,12,2023-07-01 13:51:23.163000+00:00
9117,22,13,2023-07-01 13:51:23.163000+00:00
9117,21,14,2023-07-01 13:51:23.163000+00:00
9117,63,15,2023-07-01 13:51:23.163000+00:00
9117,24,16,2023-07-01 13:51:23.163000+00:00
9117,81,17,2023-07-01 13:51:23.163000+00:00
9117,44,18,2023-07-01 13:51:23.163000+00:00
9117,77,19,2023-07-01 13:51:23.163000+00:00
9117,2,20,2023-07-01 13:51:23.163000+00:00
9117,1,2,2023-07-01 14:33:11.995000+00:00
9117,11,1,2023-07-01 14:33:11.995000+00:00
9117,16,10,2023-07-01 14:33:13.635000+00:00
9117,20,11,2023-07-01 14:33:13.635000+00:00
9117,23,9,2023-07-01 14:33:13.635000+00:00
9117,20,12,2023-07-01 14:33:14.073000+00:00
9117,10,13,2023-07-01 14:33:14.073000+00:00
9117,22,14,2023-07-01 14:33:14.073000+00:00
9117,21,15,2023-07-01 14:33:14.073000+00:00
9117,63,11,2023-07-01 14:33:14.073000+00:00
9117,10,14,2023-07-01 14:33:14.448000+00:00
9117,22,13,2023-07-01 14:33:14.448000+00:00
9117,10,15,2023-07-01 14:33:14.620000+00:00
9117,21,16,2023-07-01 14:33:14.620000+00:00
9117,24,17,2023-07-01 14:33:14.620000+00:00
9117,81,18,2023-07-01 14:33:14.620000+00:00
9117,44,14,2023-07-01 14:33:14.620000+00:00
9117,21,17,2023-07-01 14:33:14.995000+00:00
9117,24,18,2023-07-01 14:33:14.995000+00:00
9117,81,16,2023-07-01 14:33:14.995000+00:00
9117,77,20,2023-07-01 14:33:16.073000+00:00
9117,2,19,2023-07-01 14:33:16.073000+00:00
9117,31,9,2023-07-01 14:33:19.167000+00:00
9117,23,8,2023-07-01 14:33:19.167000+00:00
9117,21,16,2023-07-01 14:33:21.714000+00:00
9117,81,17,2023-07-01 14:33:21.714000+00:00
9117,22,14,2023-07-01 14:33:24.385000+00:00
9117,44,13,2023-07-01 14:33:24.385000+00:00
9117,27,5,2023-07-01 14:33:29.964000+00:00
9117,55,6,2023-07-01 14:33:29.964000+00:00
9117,14,4,2023-07-01 14:33:29.964000+00:00
9117,22,13,2023-07-01 14:33:32.729000+00:00
9117,44,14,2023-07-01 14:33:32.729000+00:00
9117,1,1,2023-07-01 14:33:36.448000+00:00
9117,11,2,2023-07-01 14:33:36.448000+00:00
9117,4,4,2023-07-01 14:33:37.010000+00:00
9117,27,3,2023-07-01 14:33:37.010000+00:00
9117,14,5,2023-07-01 14:33:37.010000+00:00
9117,4,5,2023-07-01 14:33:37.244000+00:00
9117,55,4,2023-07-01 14:33:37.244000+00:00
9117,14,6,2023-07-01 14:33:37.244000+00:00
9117,4,7,2023-07-01 14:33:37.666000+00:00
9117,14,6,2023-07-01 14:33:37.666000+00:00
9117,18,5,2023-07-01 14:33:37.666000+00:00
9117,20,11,2023-07-01 14:33:39.057000+00:00
9117,63,12,2023-07-01 14:33:39.057000+00:00
9117,10,16,2023-07-01 14:33:40.885000+00:00
9117,21,15,2023-07-01 14:33:40.885000+00:00
9117,24,17,2023-07-01 14:33:41.229000+00:00
9117,81,18,2023-07-01 14:33:41.229000+00:00
9117,4,8,2023-07-01 14:33:42.885000+00:00
9117,14,7,2023-07-01 14:33:42.885000+00:00
9117,23,6,2023-07-01 14:33:42.885000+00:00
9117,4,9,2023-07-01 14:33:43.104000+00:00
9117,31,8,2023-07-01 14:33:43.104000+00:00
9117,22,14,2023-07-01 14:33:44.885000+00:00
9117,44,13,2023-07-01 14:33:44.885000+00:00
9117,14,8,2023-07-01 14:33:45.119000+00:00
9117,31,7,2023-07-01 14:33:45.119000+00:00
9117,10,15,2023-07-01 14:33:45.901000+00:00
9117,21,16,2023-07-01 14:33:45.901000+00:00
9117,81,19,2023-07-01 14:33:46.619000+00:00
9117,2,18,2023-07-01 14:33:46.619000+00:00
9117,11,3,2023-07-01 14:33:52.885000+00:00
9117,27,2,2023-07-01 14:33:52.885000+00:00
9117,14,6,2023-07-01 14:33:54.213000+00:00
9117,31,8,2023-07-01 14:33:54.213000+00:00
9117,23,7,2023-07-01 14:33:54.213000+00:00
9117,4,10,2023-07-01 14:33:59.369000+00:00
9117,16,9,2023-07-01 14:33:59.369000+00:00
9117,24,18,2023-07-01 14:34:03.135000+00:00
9117,81,17,2023-07-01 14:34:03.135000+00:00
9117,2,19,2023-07-01 14:34:03.135000+00:00
9117,4,11,2023-07-01 14:34:18.057000+00:00
9117,20,10,2023-07-01 14:34:18.057000+00:00
9117,4,10,2023-07-01 14:34:20.885000+00:00
9117,20,11,2023-07-01 14:34:20.885000+00:00
9117,10,16,2023-07-01 14:34:59.509000+00:00
9117,21,15,2023-07-01 14:34:59.509000+00:00
9117,10,15,2023-07-01 14:35:06.087000+00:00
9117,21,16,2023-07-01 14:35:06.087000+00:00
9117,24,19,2023-07-01 14:35:08.947000+00:00
9117,2,18,2023-07-01 14:35:08.947000+00:00
9117,20,12,2023-07-01 14:35:09.197000+00:00
9117,63,11,2023-07-01 14:35:09.197000+00:00
9117,24,18,2023-07-01 14:35:16.150000+00:00
9117,2,19,2023-07-01 14:35:16.150000+00:00
9117,24,19,2023-07-01 14:35:16.165000+00:00
9117,2,18,2023-07-01 14:35:16.165000+00:00
9117,24,18,2023-07-01 14:35:25.134000+00:00
9117,2,19,2023-07-01 14:35:25.134000+00:00
9117,24,19,2023-07-01 14:35:36.009000+00:00
9117,2,18,2023-07-01 14:35:36.009000+00:00
9117,20,11,2023-07-01 14:35:41.509000+00:00
9117,63,12,2023-07-01 14:35:41.509000+00:00
9117,31,9,2023-07-01 14:39:20.647000+00:00
9117,16,8,2023-07-01 14:39:20.647000+00:00
9117,31,8,2023-07-01 14:39:26.475000+00:00
9117,16,9,2023-07-01 14:39:26.475000+00:00
9117,4,9,2023-07-01 14:40:39.193000+00:00
9117,16,10,2023-07-01 14:40:39.193000+00:00
9117,4,10,2023-07-01 14:40:45.397000+00:00
9117,16,9,2023-07-01 14:40:45.397000+00:00
9117,20,12,2023-07-01 14:44:31.128000+00:00
9117,63,11,2023-07-01 14:44:31.128000+00:00
9117,20,13,2023-07-01 14:45:25.440000+00:00
9117,44,12,2023-07-01 14:45:25.440000+00:00
9117,20,12,2023-07-01 14:45:49.565000+00:00
9117,44,13,2023-07-01 14:45:49.565000+00:00
9117,20,13,2023-07-01 14:45:53.799000+00:00
9117,44,12,2023-07-01 14:45:53.799000+00:00
9117,11,2,2023-07-01 14:48:11.329000+00:00
9117,27,3,2023-07-01 14:48:11.329000+00:00
9117,4,9,2023-07-01 14:48:25.094000+00:00
9117,16,10,2023-07-01 14:48:25.094000+00:00
9117,4,10,2023-07-01 14:48:31.094000+00:00
9117,16,9,2023-07-01 14:48:31.094000+00:00
9117,27,4,2023-07-01 14:49:14.234000+00:00
9117,55,3,2023-07-01 14:49:14.234000+00:00
9117,21,17,2023-07-01 14:49:36.031000+00:00
9117,81,16,2023-07-01 14:49:36.031000+00:00
9117,21,18,2023-07-01 14:50:54.671000+00:00
9117,2,17,2023-07-01 14:50:54.671000+00:00
9117,31,9,2023-07-01 14:50:58.421000+00:00
9117,16,8,2023-07-01 14:50:58.421000+00:00
9117,31,8,2023-07-01 14:51:04.295000+00:00
9117,16,9,2023-07-01 14:51:04.295000+00:00
9117,4,9,2023-07-01 14:52:45.341000+00:00
9117,16,10,2023-07-01 14:52:45.341000+00:00
9117,63,12,2023-07-01 14:52:46.701000+00:00
9117,44,11,2023-07-01 14:52:46.701000+00:00
9117,20,12,2023-07-01 14:52:55.997000+00:00
9117,63,13,2023-07-01 14:52:55.997000+00:00
9117,22,13,2023-07-01 14:52:59.138000+00:00
9117,63,14,2023-07-01 14:52:59.138000+00:00
9117,10,14,2023-07-01 14:53:01.575000+00:00
9117,63,15,2023-07-01 14:53:01.575000+00:00
9117,63,16,2023-07-01 14:53:02.888000+00:00
9117,81,15,2023-07-01 14:53:02.888000+00:00
9117,63,17,2023-07-01 14:53:04.404000+00:00
9117,2,16,2023-07-01 14:53:04.404000+00:00
9117,21,17,2023-07-01 14:53:06.279000+00:00
9117,63,18,2023-07-01 14:53:06.279000+00:00
9117,63,19,2023-07-01 14:53:07.575000+00:00
9117,24,18,2023-07-01 14:53:07.575000+00:00
9117,63,20,2023-07-01 14:53:15.732000+00:00
9117,77,19,2023-07-01 14:53:15.732000+00:00
9117,27,5,2023-07-01 14:54:09.387000+00:00
9117,18,4,2023-07-01 14:54:09.387000+00:00
9117,81,16,2023-07-01 14:54:18.090000+00:00
9117,2,15,2023-07-01 14:54:18.090000+00:00
9117,21,16,2023-07-01 14:54:23.559000+00:00
9117,81,17,2023-07-01 14:54:23.559000+00:00
9117,24,17,2023-07-01 14:54:25.293000+00:00
9117,81,18,2023-07-01 14:54:25.293000+00:00
9117,81,19,2023-07-01 14:54:26.496000+00:00
9117,77,18,2023-07-01 14:54:26.496000+00:00
9117,63,19,2023-07-01 14:54:33.153000+00:00
9117,81,20,2023-07-01 14:54:33.153000+00:00
9117,27,6,2023-07-01 14:55:08.965000+00:00
9117,14,5,2023-07-01 14:55:08.965000+00:00
9117,27,7,2023-07-01 14:55:19.277000+00:00
9117,23,6,2023-07-01 14:55:19.277000+00:00
9117,27,8,2023-07-01 14:55:20.261000+00:00
9117,31,7,2023-07-01 14:55:20.261000+00:00
9117,4,8,2023-07-01 14:55:20.793000+00:00
9117,27,9,2023-07-01 14:55:20.793000+00:00
9117,27,10,2023-07-01 14:55:21.324000+00:00
9117,16,9,2023-07-01 14:55:21.324000+00:00
9117,20,13,2023-07-01 14:55:29.214000+00:00
9117,22,12,2023-07-01 14:55:29.214000+00:00
9117,22,11,2023-07-01 14:55:32.793000+00:00
9117,44,12,2023-07-01 14:55:32.793000+00:00
9117,20,14,2023-07-01 14:55:34.886000+00:00
9117,10,12,2023-07-01 14:55:34.886000+00:00
9117,44,13,2023-07-01 14:55:34.886000+00:00
9117,27,11,2023-07-01 14:55:39.230000+00:00
9117,22,10,2023-07-01 14:55:39.230000+00:00
9117,21,17,2023-07-01 14:55:40.667000+00:00
9117,24,18,2023-07-01 14:55:40.667000+00:00
9117,77,16,2023-07-01 14:55:40.667000+00:00
9117,27,12,2023-07-01 14:55:41.511000+00:00
9117,10,11,2023-07-01 14:55:41.511000+00:00
9117,20,15,2023-07-01 14:55:44.058000+00:00
9117,77,14,2023-07-01 14:55:44.058000+00:00
9117,2,16,2023-07-01 14:55:44.058000+00:00
9117,20,16,2023-07-01 14:55:48.277000+00:00
9117,21,18,2023-07-01 14:55:48.277000+00:00
9117,63,15,2023-07-01 14:55:48.277000+00:00
9117,24,19,2023-07-01 14:55:48.277000+00:00
9117,2,17,2023-07-01 14:55:48.277000+00:00
9117,44,14,2023-07-01 14:55:50.620000+00:00
9117,77,13,2023-07-01 14:55:50.620000+00:00
9117,21,19,2023-07-01 14:55:58.667000+00:00
9117,24,20,2023-07-01 14:55:58.667000+00:00
9117,81,17,2023-07-01 14:55:58.667000+00:00
9117,2,18,2023-07-01 14:55:58.667000+00:00
9117,63,14,2023-07-01 14:56:15.136000+00:00
9117,44,15,2023-07-01 14:56:15.136000+00:00
9117,31,6,2023-07-01 14:56:32.761000+00:00
9117,23,7,2023-07-01 14:56:32.761000+00:00
9117,4,7,2023-07-01 14:56:33.339000+00:00
9117,23,8,2023-07-01 14:56:33.339000+00:00
9117,20,17,2023-07-01 14:56:40.667000+00:00
9117,81,16,2023-07-01 14:56:40.667000+00:00
9117,10,10,2023-07-01 14:56:47.870000+00:00
9117,22,11,2023-07-01 14:56:47.870000+00:00
9117,16,10,2023-07-01 14:56:51.479000+00:00
9117,23,9,2023-07-01 14:56:51.479000+00:00
9117,10,8,2023-07-01 14:56:51.479000+00:00
9117,27,9,2023-07-01 14:56:53.245000+00:00
9117,16,11,2023-07-01 14:56:53.245000+00:00
9117,23,10,2023-07-01 14:56:53.245000+00:00
9117,22,12,2023-07-01 14:56:53.245000+00:00
9117,22,13,2023-07-01 14:57:01.323000+00:00
9117,63,12,2023-07-01 14:57:01.323000+00:00
9117,77,14,2023-07-01 14:57:01.323000+00:00
9117,22,14,2023-07-01 14:57:01.401000+00:00
9117,77,13,2023-07-01 14:57:01.401000+00:00
9117,22,15,2023-07-01 14:57:03.854000+00:00
9117,44,14,2023-07-01 14:57:03.854000+00:00
9117,16,12,2023-07-01 14:57:06.823000+00:00
9117,23,11,2023-07-01 14:57:06.823000+00:00
9117,63,10,2023-07-01 14:57:06.823000+00:00
9117,16,13,2023-07-01 14:57:08.120000+00:00
9117,77,12,2023-07-01 14:57:08.120000+00:00
9117,23,12,2023-07-01 14:57:11.229000+00:00
9117,77,11,2023-07-01 14:57:11.229000+00:00
9117,22,16,2023-07-01 14:57:17.854000+00:00
9117,81,15,2023-07-01 14:57:17.854000+00:00
9117,16,14,2023-07-01 14:57:31.510000+00:00
9117,44,13,2023-07-01 14:57:31.510000+00:00
9117,20,16,2023-07-01 14:57:44.572000+00:00
9117,22,17,2023-07-01 14:57:44.572000+00:00
9117,27,8,2023-07-01 14:58:07.557000+00:00
9117,10,9,2023-07-01 14:58:07.557000+00:00
9117,23,13,2023-07-01 14:58:42.822000+00:00
9117,44,12,2023-07-01 14:58:42.822000+00:00
9117,44,11,2023-07-01 14:58:47.525000+00:00
9117,77,12,2023-07-01 14:58:47.525000+00:00
9117,23,12,2023-07-01 14:58:47.619000+00:00
9117,77,13,2023-07-01 14:58:47.619000+00:00
9117,23,11,2023-07-01 14:58:49.650000+00:00
9117,44,12,2023-07-01 14:58:49.650000+00:00
9117,16,13,2023-07-01 14:59:09.853000+00:00
9117,77,14,2023-07-01 14:59:09.853000+00:00
9117,81,14,2023-07-01 14:59:34.884000+00:00
9117,77,15,2023-07-01 14:59:34.884000+00:00
9117,10,10,2023-07-01 14:59:38.540000+00:00
9117,63,9,2023-07-01 14:59:38.540000+00:00
9117,23,12,2023-07-01 15:00:03.868000+00:00
9117,44,11,2023-07-01 15:00:03.868000+00:00
9117,20,15,2023-07-01 15:00:45.383000+00:00
9117,77,16,2023-07-01 15:00:45.383000+00:00
9117,16,14,2023-07-01 15:01:11.008000+00:00
9117,81,13,2023-07-01 15:01:11.008000+00:00
9117,23,13,2023-07-01 15:01:25.601000+00:00
9117,81,12,2023-07-01 15:01:25.601000+00:00
9117,16,13,2023-07-01 15:02:01.257000+00:00
9117,23,14,2023-07-01 15:02:01.257000+00:00
9117,10,11,2023-07-01 15:02:24.601000+00:00
9117,44,10,2023-07-01 15:02:24.601000+00:00
9117,22,16,2023-07-01 15:02:25.913000+00:00
9117,77,17,2023-07-01 15:02:25.913000+00:00
9117,77,18,2023-07-01 15:02:28.538000+00:00
9117,2,17,2023-07-01 15:02:28.538000+00:00
9117,4,8,2023-07-01 15:02:29.163000+00:00
9117,27,7,2023-07-01 15:02:29.163000+00:00
9117,21,18,2023-07-01 15:02:37.694000+00:00
9117,77,19,2023-07-01 15:02:37.694000+00:00
9117,27,6,2023-07-01 15:02:54.319000+00:00
9117,31,7,2023-07-01 15:02:54.319000+00:00
9117,10,12,2023-07-01 15:03:09.413000+00:00
9117,81,11,2023-07-01 15:03:09.413000+00:00
9117,16,12,2023-07-01 15:03:09.975000+00:00
9117,10,13,2023-07-01 15:03:09.975000+00:00
9117,4,9,2023-07-01 15:03:19.006000+00:00
9117,63,8,2023-07-01 15:03:19.006000+00:00
9117,23,13,2023-07-01 15:03:28.225000+00:00
9117,10,14,2023-07-01 15:03:28.225000+00:00
9117,24,19,2023-07-01 15:03:38.272000+00:00
9117,77,20,2023-07-01 15:03:38.272000+00:00
9117,21,17,2023-07-01 15:04:13.177000+00:00
9117,2,18,2023-07-01 15:04:13.177000+00:00
9117,20,14,2023-07-01 15:04:15.912000+00:00
9117,10,15,2023-07-01 15:04:15.912000+00:00
9118,1,1,2023-07-02 12:01:08.760000+00:00
9118,16,2,2023-07-02 12:01:08.760000+00:00
9118,55,3,2023-07-02 12:01:08.760000+00:00
9118,4,4,2023-07-02 12:01:08.760000+00:00
9118,44,5,2023-07-02 12:01:08.760000+00:00
9118,18,6,2023-07-02 12:01:08.760000+00:00
9118,14,7,2023-07-02 12:01:08.760000+00:00
9118,27,8,2023-07-02 12:01:08.760000+00:00
9118,10,9,2023-07-02 12:01:08.760000+00:00
9118,23,10,2023-07-02 12:01:08.760000+00:00
9118,63,11,2023-07-02 12:01:08.760000+00:00
9118,31,12,2023-07-02 12:01:08.760000+00:00
9118,81,13,2023-07-02 12:01:08.760000+00:00
9118,77,14,2023-07-02 12:01:08.760000+00:00
9118,11,15,2023-07-02 12:01:08.760000+00:00
9118,22,16,2023-07-02 12:01:08.760000+00:00
9118,24,17,2023-07-02 12:01:08.760000+00:00
9118,2,18,2023-07-02 12:01:08.760000+00:00
9118,20,19,2023-07-02 12:01:08.760000+00:00
9118,21,20,2023-07-02 12:01:08.760000+00:00
9118,4,5,2023-07-02 13:02:56.726000+00:00
9118,44,4,2023-07-02 13:02:56.726000+00:00
9118,81,14,2023-07-02 13:02:58.163000+00:00
9118,77,15,2023-07-02 13:02:58.163000+00:00
9118,11,13,2023-07-02 13:02:58.163000+00:00
9118,18,7,2023-07-02 13:03:01.976000+00:00
9118,14,6,2023-07-02 13:03:01.976000+00:00
9118,10,10,2023-07-02 13:03:02.835000+00:00
9118,23,9,2023-07-02 13:03:02.835000+00:00
9118,77,16,2023-07-02 13:03:03.601000+00:00
9118,22,15,2023-07-02 13:03:03.601000+00:00
9118,77,17,2023-07-02 13:03:03.835000+00:00
9118,24,18,2023-07-02 13:03:03.835000+00:00
9118,2,16,2023-07-02 13:03:03.835000+00:00
9118,77,18,2023-07-02 13:03:03.866000+00:00
9118,24,17,2023-07-02 13:03:03.866000+00:00
9118,18,8,2023-07-02 13:03:05.788000+00:00
9118,27,7,2023-07-02 13:03:05.788000+00:00
9118,10,9,2023-07-02 13:03:13.710000+00:00
9118,23,10,2023-07-02 13:03:13.710000+00:00
9118,81,15,2023-07-02 13:03:14.476000+00:00
9118,11,14,2023-07-02 13:03:14.476000+00:00
9118,22,13,2023-07-02 13:03:14.476000+00:00
9118,24,16,2023-07-02 13:03:14.913000+00:00
9118,2,17,2023-07-02 13:03:14.913000+00:00
9118,20,20,2023-07-02 13:03:17.179000+00:00
9118,21,19,2023-07-02 13:03:17.179000+00:00
9118,20,19,2023-07-02 13:03:25.335000+00:00
9118,21,20,2023-07-02 13:03:25.335000+00:00
9118,77,17,2023-07-02 13:03:25.679000+00:00
9118,2,18,2023-07-02 13:03:25.679000+00:00
9118,77,18,2023-07-02 13:03:25.741000+00:00
9118,2,17,2023-07-02 13:03:25.741000+00:00
9118,11,13,2023-07-02 13:03:35.085000+00:00
9118,22,14,2023-07-02 13:03:35.085000+00:00
9118,81,14,2023-07-02 13:03:35.303000+00:00
9118,22,15,2023-07-02 13:03:35.303000+00:00
9118,22,16,2023-07-02 13:03:35.381000+00:00
9118,24,15,2023-07-02 13:03:35.381000+00:00
9118,22,17,2023-07-02 13:03:35.725000+00:00
9118,2,16,2023-07-02 13:03:35.725000+00:00
9118,77,17,2023-07-02 13:03:35.928000+00:00
9118,22,18,2023-07-02 13:03:35.928000+00:00
9118,22,19,2023-07-02 13:03:40.053000+00:00
9118,20,18,2023-07-02 13:03:40.053000+00:00
9118,22,20,2023-07-02 13:03:40.303000+00:00
9118,21,19,2023-07-02 13:03:40.303000+00:00
9118,63,12,2023-07-02 13:03:44.334000+00:00
9118,31,11,2023-07-02 13:03:44.334000+00:00
9118,81,15,2023-07-02 13:03:45.194000+00:00
9118,24,14,2023-07-02 13:03:45.194000+00:00
9118,63,11,2023-07-02 13:03:56.678000+00:00
9118,31,12,2023-07-02 13:03:56.678000+00:00
9118,20,19,2023-07-02 13:04:12.037000+00:00
9118,21,18,2023-07-02 13:04:12.037000+00:00
9118,18,9,2023-07-02 13:04:19.740000+00:00
9118,10,10,2023-07-02 13:04:19.740000+00:00
9118,23,11,2023-07-02 13:04:19.740000+00:00
9118,63,12,2023-07-02 13:04:19.740000+00:00
9118,31,13,2023-07-02 13:04:19.740000+00:00
9118,81,16,2023-07-02 13:04:19.740000+00:00
9118,77,18,2023-07-02 13:04:19.740000+00:00
9118,11,14,2023-07-02 13:04:19.740000+00:00
9118,24,15,2023-07-02 13:04:19.740000+00:00
9118,2,17,2023-07-02 13:04:19.740000+00:00
9118,20,8,2023-07-02 13:04:19.740000+00:00
9118,21,19,2023-07-02 13:04:19.740000+00:00
9118,18,8,2023-07-02 13:04:25.693000+00:00
9118,20,9,2023-07-02 13:04:25.693000+00:00
9118,10,9,2023-07-02 13:04:27.568000+00:00
9118,20,10,2023-07-02 13:04:27.568000+00:00
9118,23,10,2023-07-02 13:04:28.365000+00:00
9118,20,11,2023-07-02 13:04:28.365000+00:00
9118,63,11,2023-07-02 13:04:30.568000+00:00
9118,20,12,2023-07-02 13:04:30.568000+00:00
9118,31,12,2023-07-02 13:04:31.224000+00:00
9118,20,13,2023-07-02 13:04:31.224000+00:00
9118,11,13,2023-07-02 13:04:31.990000+00:00
9118,20,14,2023-07-02 13:04:31.990000+00:00
9118,24,14,2023-07-02 13:04:33.318000+00:00
9118,20,15,2023-07-02 13:04:33.318000+00:00
9118,81,15,2023-07-02 13:04:34.849000+00:00
9118,20,16,2023-07-02 13:04:34.849000+00:00
9118,2,16,2023-07-02 13:04:35.693000+00:00
9118,20,17,2023-07-02 13:04:35.693000+00:00
9118,77,17,2023-07-02 13:04:36.740000+00:00
9118,20,18,2023-07-02 13:04:36.740000+00:00
9118,20,19,2023-07-02 13:04:38.193000+00:00
9118,21,18,2023-07-02 13:04:38.193000+00:00
9118,22,19,2023-07-02 13:06:49.972000+00:00
9118,20,20,2023-07-02 13:06:49.972000+00:00
9118,22,18,2023-07-02 13:08:33.314000+00:00
9118,21,19,2023-07-02 13:08:33.314000+00:00
9118,77,18,2023-07-02 13:08:53.391000+00:00
9118,22,17,2023-07-02 13:08:53.391000+00:00
9118,31,13,2023-07-02 13:09:49.094000+00:00
9118,11,12,2023-07-02 13:09:49.094000+00:00
9118,18,7,2023-07-02 13:13:20.637000+00:00
9118,27,8,2023-07-02 13:13:20.637000+00:00
9118,81,14,2023-07-02 13:14:11.183000+00:00
9118,24,15,2023-07-02 13:14:11.183000+00:00
9118,24,16,2023-07-02 13:14:12.386000+00:00
9118,2,15,2023-07-02 13:14:12.386000+00:00
9118,22,16,2023-07-02 13:14:13.214000+00:00
9118,24,17,2023-07-02 13:14:13.214000+00:00
9118,77,17,2023-07-02 13:14:17.495000+00:00
9118,24,18,2023-07-02 13:14:17.495000+00:00
9118,24,19,2023-07-02 13:14:18.058000+00:00
9118,21,18,2023-07-02 13:14:18.058000+00:00
9118,24,20,2023-07-02 13:14:18.651000+00:00
9118,20,19,2023-07-02 13:14:18.651000+00:00
9118,63,12,2023-07-02 13:15:52.415000+00:00
9118,11,11,2023-07-02 13:15:52.415000+00:00
9118,27,9,2023-07-02 13:16:55.289000+00:00
9118,10,8,2023-07-02 13:16:55.289000+00:00
9118,27,10,2023-07-02 13:17:42.632000+00:00
9118,23,9,2023-07-02 13:17:42.632000+00:00
9118,27,11,2023-07-02 13:17:43.148000+00:00
9118,11,10,2023-07-02 13:17:43.148000+00:00
9118,27,12,2023-07-02 13:17:43.835000+00:00
9118,63,11,2023-07-02 13:17:43.835000+00:00
9118,27,13,2023-07-02 13:17:44.570000+00:00
9118,31,12,2023-07-02 13:17:44.570000+00:00
9118,27,14,2023-07-02 13:17:48.976000+00:00
9118,81,13,2023-07-02 13:17:48.976000+00:00
9118,27,15,2023-07-02 13:17:51.023000+00:00
9118,2,14,2023-07-02 13:17:51.023000+00:00
9118,27,16,2023-07-02 13:17:52.382000+00:00
9118,22,15,2023-07-02 13:17:52.382000+00:00
9118,27,17,2023-07-02 13:17:52.976000+00:00
9118,77,16,2023-07-02 13:17:52.976000+00:00
9118,27,18,2023-07-02 13:17:53.679000+00:00
9118,21,17,2023-07-02 13:17:53.679000+00:00
9118,27,19,2023-07-02 13:17:53.976000+00:00
9118,20,18,2023-07-02 13:17:53.976000+00:00
9118,23,10,2023-07-02 13:18:07.913000+00:00
9118,11,9,2023-07-02 13:18:07.913000+00:00
9118,20,17,2023-07-02 13:18:55.506000+00:00
9118,21,18,2023-07-02 13:18:55.506000+00:00
9118,27,18,2023-07-02 13:19:16.568000+00:00
9118,21,19,2023-07-02 13:19:16.568000+00:00
9118,24,19,2023-07-02 13:19:20.271000+00:00
9118,21,20,2023-07-02 13:19:20.271000+00:00
9118,27,19,2023-07-02 13:19:42.208000+00:00
9118,24,18,2023-07-02 13:19:42.208000+00:00
9118,27,20,2023-07-02 13:19:47.942000+00:00
9118,21,19,2023-07-02 13:19:47.942000+00:00
9118,14,4,2023-07-02 13:21:23.191000+00:00
9118,4,6,2023-07-02 13:21:23.191000+00:00
9118,44,5,2023-07-02 13:21:23.191000+00:00
9118,4,7,2023-07-02 13:21:25.191000+00:00
9118,44,6,2023-07-02 13:21:25.191000+00:00
9118,18,5,2023-07-02 13:21:25.191000+00:00
9118,4,8,2023-07-02 13:21:29.706000+00:00
9118,44,7,2023-07-02 13:21:29.706000+00:00
9118,10,9,2023-07-02 13:21:29.706000+00:00
9118,11,6,2023-07-02 13:21:29.706000+00:00
9118,22,14,2023-07-02 13:21:35.690000+00:00
9118,2,15,2023-07-02 13:21:35.690000+00:00
9118,10,10,2023-07-02 13:21:40.284000+00:00
9118,23,11,2023-07-02 13:21:40.284000+00:00
9118,63,12,2023-07-02 13:21:40.284000+00:00
9118,31,13,2023-07-02 13:21:40.284000+00:00
9118,81,14,2023-07-02 13:21:40.284000+00:00
9118,22,9,2023-07-02 13:21:40.284000+00:00
9118,23,12,2023-07-02 13:21:42.393000+00:00
9118,63,13,2023-07-02 13:21:42.393000+00:00
9118,31,14,2023-07-02 13:21:42.393000+00:00
9118,81,15,2023-07-02 13:21:42.393000+00:00
9118,77,11,2023-07-02 13:21:42.393000+00:00
9118,2,16,2023-07-02 13:21:42.393000+00:00
9118,23,13,2023-07-02 13:21:43.175000+00:00
9118,63,14,2023-07-02 13:21:43.175000+00:00
9118,31,15,2023-07-02 13:21:43.175000+00:00
9118,81,16,2023-07-02 13:21:43.175000+00:00
9118,2,17,2023-07-02 13:21:43.175000+00:00
9118,20,12,2023-07-02 13:21:43.175000+00:00
9118,10,11,2023-07-02 13:21:49.378000+00:00
9118,77,10,2023-07-02 13:21:49.378000+00:00
9118,18,6,2023-07-02 13:22:58.064000+00:00
9118,11,5,2023-07-02 13:22:58.064000+00:00
9118,55,4,2023-07-02 13:23:03.814000+00:00
9118,14,5,2023-07-02 13:23:03.814000+00:00
9118,11,3,2023-07-02 13:23:03.814000+00:00
9118,55,5,2023-07-02 13:23:06.017000+00:00
9118,44,4,2023-07-02 13:23:06.017000+00:00
9118,18,7,2023-07-02 13:23:06.017000+00:00
9118,14,6,2023-07-02 13:23:06.017000+00:00
9118,4,6,2023-07-02 13:23:09.111000+00:00
9118,18,8,2023-07-02 13:23:09.111000+00:00
9118,14,7,2023-07-02 13:23:09.111000+00:00
9118,18,9,2023-07-02 13:23:13.657000+00:00
9118,22,8,2023-07-02 13:23:13.657000+00:00
9118,55,6,2023-07-02 13:23:15.032000+00:00
9118,4,5,2023-07-02 13:23:15.032000+00:00
9118,18,10,2023-07-02 13:23:15.907000+00:00
9118,77,9,2023-07-02 13:23:15.907000+00:00
9118,18,11,2023-07-02 13:23:16.110000+00:00
9118,10,12,2023-07-02 13:23:16.110000+00:00
9118,20,10,2023-07-02 13:23:16.110000+00:00
9118,18,12,2023-07-02 13:23:16.126000+00:00
9118,10,11,2023-07-02 13:23:16.126000+00:00
9118,18,13,2023-07-02 13:23:18.048000+00:00
9118,23,12,2023-07-02 13:23:18.048000+00:00
9118,18,14,2023-07-02 13:23:18.454000+00:00
9118,63,13,2023-07-02 13:23:18.454000+00:00
9118,10,10,2023-07-02 13:23:25.485000+00:00
9118,20,11,2023-07-02 13:23:25.485000+00:00
9118,18,15,2023-07-02 13:23:25.673000+00:00
9118,31,14,2023-07-02 13:23:25.673000+00:00
9118,18,16,2023-07-02 13:23:30.282000+00:00
9118,81,15,2023-07-02 13:23:30.282000+00:00
9118,10,11,2023-07-02 13:23:38.673000+00:00
9118,20,10,2023-07-02 13:23:38.673000+00:00
9118,14,8,2023-07-02 13:23:42.438000+00:00
9118,22,7,2023-07-02 13:23:42.438000+00:00
9118,14,7,2023-07-02 13:23:42.485000+00:00
9118,22,8,2023-07-02 13:23:42.485000+00:00
9118,77,10,2023-07-02 13:23:45.376000+00:00
9118,20,9,2023-07-02 13:23:45.376000+00:00
9118,23,13,2023-07-02 13:23:46.563000+00:00
9118,63,12,2023-07-02 13:23:46.563000+00:00
9118,18,15,2023-07-02 13:23:50.438000+00:00
9118,81,16,2023-07-02 13:23:50.438000+00:00
9118,10,10,2023-07-02 13:23:53+00:00
9118,77,11,2023-07-02 13:23:53+00:00
9118,55,5,2023-07-02 13:24:41.156000+00:00
9118,4,6,2023-07-02 13:24:41.156000+00:00
9118,10,9,2023-07-02 13:24:44.375000+00:00
9118,20,10,2023-07-02 13:24:44.375000+00:00
9118,63,11,2023-07-02 13:24:51.171000+00:00
9118,77,12,2023-07-02 13:24:51.171000+00:00
9118,23,12,2023-07-02 13:25:27.514000+00:00
9118,77,13,2023-07-02 13:25:27.514000+00:00
9118,31,13,2023-07-02 13:26:03.873000+00:00
9118,77,14,2023-07-02 13:26:03.873000+00:00
9118,63,10,2023-07-02 13:26:07.420000+00:00
9118,20,11,2023-07-02 13:26:07.420000+00:00
9118,10,8,2023-07-02 13:26:14.373000+00:00
9118,22,9,2023-07-02 13:26:14.373000+00:00
9118,55,4,2023-07-02 13:26:59.622000+00:00
9118,44,5,2023-07-02 13:26:59.622000+00:00
9118,55,5,2023-07-02 13:27:04.325000+00:00
9118,44,4,2023-07-02 13:27:04.325000+00:00
9118,55,4,2023-07-02 13:27:06.481000+00:00
9118,44,5,2023-07-02 13:27:06.481000+00:00
9118,23,11,2023-07-02 13:27:08.841000+00:00
9118,20,12,2023-07-02 13:27:08.841000+00:00
9118,18,14,2023-07-02 13:27:10.513000+00:00
9118,77,15,2023-07-02 13:27:10.528000+00:00
9118,23,12,2023-07-02 13:27:14.669000+00:00
9118,20,11,2023-07-02 13:27:14.669000+00:00
9118,63,9,2023-07-02 13:28:19.136000+00:00
9118,22,10,2023-07-02 13:28:19.136000+00:00
9118,23,11,2023-07-02 13:28:20.574000+00:00
9118,20,12,2023-07-02 13:28:20.574000+00:00
9118,55,3,2023-07-02 13:28:22.918000+00:00
9118,11,4,2023-07-02 13:28:22.918000+00:00
9118,81,15,2023-07-02 13:28:28.777000+00:00
9118,77,16,2023-07-02 13:28:28.777000+00:00
9118,31,12,2023-07-02 13:28:50.511000+00:00
9118,20,13,2023-07-02 13:28:50.511000+00:00
9118,23,10,2023-07-02 13:29:37.885000+00:00
9118,22,11,2023-07-02 13:29:37.885000+00:00
9118,18,13,2023-07-02 13:29:39.088000+00:00
9118,20,14,2023-07-02 13:29:39.088000+00:00
9118,31,11,2023-07-02 13:29:52.541000+00:00
9118,22,12,2023-07-02 13:29:52.541000+00:00
9118,77,17,2023-07-02 13:30:28.743000+00:00
9118,2,16,2023-07-02 13:30:28.743000+00:00
9118,77,18,2023-07-02 13:30:31.368000+00:00
9118,24,17,2023-07-02 13:30:31.368000+00:00
9118,77,19,2023-07-02 13:30:40.899000+00:00
9118,21,18,2023-07-02 13:30:40.899000+00:00
9118,18,12,2023-07-02 13:30:45.134000+00:00
9118,22,13,2023-07-02 13:30:45.134000+00:00
9118,18,13,2023-07-02 13:30:51.102000+00:00
9118,22,12,2023-07-02 13:30:51.102000+00:00
9118,81,14,2023-07-02 13:30:52.196000+00:00
9118,20,15,2023-07-02 13:30:52.196000+00:00
9118,18,12,2023-07-02 13:31:15.383000+00:00
9118,22,13,2023-07-02 13:31:15.383000+00:00
9118,81,15,2023-07-02 13:31:16.789000+00:00
9118,20,14,2023-07-02 13:31:16.789000+00:00
9118,81,16,2023-07-02 13:31:33.523000+00:00
9118,2,15,2023-07-02 13:31:33.523000+00:00
9118,81,17,2023-07-02 13:31:42.680000+00:00
9118,24,16,2023-07-02 13:31:42.680000+00:00
9118,81,18,2023-07-02 13:31:52.179000+00:00
9118,21,17,2023-07-02 13:31:52.179000+00:00
9118,81,19,2023-07-02 13:32:49.194000+00:00
9118,77,18,2023-07-02 13:32:49.194000+00:00
9118,22,14,2023-07-02 13:32:51.897000+00:00
9118,20,13,2023-07-02 13:32:51.897000+00:00
9118,22,15,2023-07-02 13:32:52.694000+00:00
9118,2,14,2023-07-02 13:32:52.694000+00:00
9118,81,18,2023-07-02 13:32:53.522000+00:00
9118,77,19,2023-07-02 13:32:53.522000+00:00
9118,22,16,2023-07-02 13:32:57.897000+00:00
9118,24,15,2023-07-02 13:32:57.897000+00:00
9118,22,17,2023-07-02 13:33:03.663000+00:00
9118,21,16,2023-07-02 13:33:03.663000+00:00
9118,1,2,2023-07-02 13:33:31.021000+00:00
9118,16,1,2023-07-02 13:33:31.021000+00:00
9118,81,19,2023-07-02 13:33:39.818000+00:00
9118,77,18,2023-07-02 13:33:39.818000+00:00
9118,1,3,2023-07-02 13:33:42.959000+00:00
9118,55,2,2023-07-02 13:33:42.959000+00:00
9118,81,18,2023-07-02 13:33:52.271000+00:00
9118,77,19,2023-07-02 13:33:52.271000+00:00
9118,2,13,2023-07-02 13:34:21.317000+00:00
9118,20,14,2023-07-02 13:34:21.317000+00:00
9118,44,4,2023-07-02 13:34:41.270000+00:00
9118,11,5,2023-07-02 13:34:41.270000+00:00
9118,4,5,2023-07-02 13:34:49.301000+00:00
9118,11,6,2023-07-02 13:34:49.301000+00:00
9118,14,6,2023-07-02 13:34:57.598000+00:00
9118,11,7,2023-07-02 13:34:57.598000+00:00
9118,81,19,2023-07-02 13:35:02.473000+00:00
9118,77,18,2023-07-02 13:35:02.473000+00:00
9118,10,7,2023-07-02 13:35:02.723000+00:00
9118,11,8,2023-07-02 13:35:02.723000+00:00
9118,63,8,2023-07-02 13:35:07.738000+00:00
9118,11,9,2023-07-02 13:35:07.738000+00:00
9118,1,2,2023-07-02 13:35:13.629000+00:00
9118,55,3,2023-07-02 13:35:13.629000+00:00
9118,23,9,2023-07-02 13:35:16.441000+00:00
9118,11,10,2023-07-02 13:35:16.441000+00:00
9118,31,10,2023-07-02 13:35:17.191000+00:00
9118,11,11,2023-07-02 13:35:17.191000+00:00
9118,31,11,2023-07-02 13:35:40.175000+00:00
9118,11,10,2023-07-02 13:35:40.175000+00:00
9118,23,10,2023-07-02 13:36:37.706000+00:00
9118,11,9,2023-07-02 13:36:37.706000+00:00
9118,24,14,2023-07-02 13:36:54.627000+00:00
9118,20,15,2023-07-02 13:36:54.627000+00:00
9118,4,4,2023-07-02 13:37:48.986000+00:00
9118,44,5,2023-07-02 13:37:48.986000+00:00
9118,63,9,2023-07-02 13:40:04.561000+00:00
9118,11,8,2023-07-02 13:40:04.561000+00:00
9118,10,8,2023-07-02 13:44:45.759000+00:00
9118,11,7,2023-07-02 13:44:45.759000+00:00
9118,1,1,2023-07-02 13:45:33.696000+00:00
9118,16,2,2023-07-02 13:45:33.696000+00:00
9118,20,16,2023-07-02 13:45:35.227000+00:00
9118,21,15,2023-07-02 13:45:35.227000+00:00
9118,20,15,2023-07-02 13:45:39.383000+00:00
9118,21,16,2023-07-02 13:45:39.383000+00:00
9118,20,16,2023-07-02 13:45:45.008000+00:00
9118,21,15,2023-07-02 13:45:45.008000+00:00
9118,22,16,2023-07-02 13:46:16.539000+00:00
9118,20,17,2023-07-02 13:46:16.539000+00:00
9118,77,17,2023-07-02 13:46:18.351000+00:00
9118,20,18,2023-07-02 13:46:18.351000+00:00
9118,81,18,2023-07-02 13:46:20.398000+00:00
9118,20,19,2023-07-02 13:46:20.398000+00:00
9118,18,13,2023-07-02 13:48:23.206000+00:00
9118,2,12,2023-07-02 13:48:23.206000+00:00
9118,18,14,2023-07-02 13:48:28.833000+00:00
9118,24,13,2023-07-02 13:48:28.833000+00:00
9118,18,15,2023-07-02 13:48:39.568000+00:00
9118,21,14,2023-07-02 13:48:39.568000+00:00
9118,18,14,2023-07-02 13:49:35.207000+00:00
9118,21,15,2023-07-02 13:49:35.207000+00:00
9118,22,15,2023-07-02 13:49:49.566000+00:00
9118,21,16,2023-07-02 13:49:49.566000+00:00
9118,77,16,2023-07-02 13:49:52.301000+00:00
9118,21,17,2023-07-02 13:49:52.301000+00:00
9118,81,17,2023-07-02 13:49:56.426000+00:00
9118,21,18,2023-07-02 13:49:56.426000+00:00
9118,18,13,2023-07-02 13:50:51.972000+00:00
9118,24,14,2023-07-02 13:50:51.972000+00:00
9118,22,14,2023-07-02 13:51:01.815000+00:00
9118,24,15,2023-07-02 13:51:01.815000+00:00
9118,77,15,2023-07-02 13:51:03.815000+00:00
9118,24,16,2023-07-02 13:51:03.815000+00:00
9118,81,16,2023-07-02 13:51:07.534000+00:00
9118,24,17,2023-07-02 13:51:07.534000+00:00
9118,31,12,2023-07-02 13:53:08.688000+00:00
9118,2,11,2023-07-02 13:53:08.688000+00:00
9118,18,12,2023-07-02 13:53:14.688000+00:00
9118,31,13,2023-07-02 13:53:14.688000+00:00
9118,31,14,2023-07-02 13:53:24.469000+00:00
9118,22,13,2023-07-02 13:53:24.469000+00:00
9118,81,15,2023-07-02 13:53:29.719000+00:00
9118,77,16,2023-07-02 13:53:29.719000+00:00
9118,77,17,2023-07-02 13:53:34.156000+00:00
9118,24,16,2023-07-02 13:53:34.156000+00:00
9118,77,18,2023-07-02 13:53:36.219000+00:00
9118,21,17,2023-07-02 13:53:36.219000+00:00
9118,77,19,2023-07-02 13:53:37.203000+00:00
9118,20,18,2023-07-02 13:53:37.203000+00:00
9118,4,5,2023-07-02 13:53:40.422000+00:00
9118,44,4,2023-07-02 13:53:40.422000+00:00
9118,4,6,2023-07-02 13:53:41.562000+00:00
9118,14,5,2023-07-02 13:53:41.562000+00:00
9118,4,7,2023-07-02 13:53:41.984000+00:00
9118,11,6,2023-07-02 13:53:41.984000+00:00
9118,4,8,2023-07-02 13:53:59.190000+00:00
9118,10,7,2023-07-02 13:53:59.190000+00:00
9118,14,6,2023-07-02 13:54:01.296000+00:00
9118,11,5,2023-07-02 13:54:01.296000+00:00
9118,23,11,2023-07-02 13:54:20.187000+00:00
9118,2,10,2023-07-02 13:54:20.187000+00:00
9118,18,11,2023-07-02 13:54:24.452000+00:00
9118,23,12,2023-07-02 13:54:24.452000+00:00
9118,63,10,2023-07-02 13:54:25.968000+00:00
9118,2,9,2023-07-02 13:54:25.968000+00:00
9118,81,16,2023-07-02 13:54:44.249000+00:00
9118,24,15,2023-07-02 13:54:44.249000+00:00
9118,81,17,2023-07-02 13:54:46.077000+00:00
9118,21,16,2023-07-02 13:54:46.077000+00:00
9118,81,18,2023-07-02 13:54:48.077000+00:00
9118,20,17,2023-07-02 13:54:48.077000+00:00
9118,44,5,2023-07-02 13:54:51.795000+00:00
9118,11,4,2023-07-02 13:54:51.795000+00:00
9118,44,6,2023-07-02 13:54:52.983000+00:00
9118,14,5,2023-07-02 13:54:52.983000+00:00
9118,81,19,2023-07-02 13:54:57.623000+00:00
9118,77,18,2023-07-02 13:54:57.623000+00:00
9118,44,7,2023-07-02 13:55:11.107000+00:00
9118,10,6,2023-07-02 13:55:11.107000+00:00
9118,4,7,2023-07-02 13:55:13.717000+00:00
9118,44,8,2023-07-02 13:55:13.717000+00:00
9118,63,9,2023-07-02 13:55:45.607000+00:00
9118,2,10,2023-07-02 13:55:45.607000+00:00
9118,63,10,2023-07-02 13:55:45.638000+00:00
9118,2,9,2023-07-02 13:55:45.638000+00:00
9118,63,9,2023-07-02 13:55:53.497000+00:00
9118,2,10,2023-07-02 13:55:53.497000+00:00
9118,4,6,2023-07-02 13:56:38.715000+00:00
9118,10,7,2023-07-02 13:56:38.715000+00:00
9118,18,10,2023-07-02 13:56:41.012000+00:00
9118,2,11,2023-07-02 13:56:41.012000+00:00
9118,23,11,2023-07-02 13:56:54.606000+00:00
9118,2,12,2023-07-02 13:56:54.606000+00:00
9118,31,13,2023-07-02 13:56:57.465000+00:00
9118,22,14,2023-07-02 13:56:57.465000+00:00
9118,31,12,2023-07-02 13:57:00.871000+00:00
9118,2,13,2023-07-02 13:57:00.871000+00:00
9118,22,15,2023-07-02 13:57:04.199000+00:00
9118,24,14,2023-07-02 13:57:04.199000+00:00
9118,22,16,2023-07-02 13:57:06.465000+00:00
9118,21,15,2023-07-02 13:57:06.465000+00:00
9118,22,17,2023-07-02 13:57:08.918000+00:00
9118,20,16,2023-07-02 13:57:08.918000+00:00
9118,24,13,2023-07-02 13:57:09.871000+00:00
9118,2,14,2023-07-02 13:57:09.871000+00:00
9118,77,17,2023-07-02 13:57:18.136000+00:00
9118,22,18,2023-07-02 13:57:18.136000+00:00
9118,24,14,2023-07-02 13:57:30.980000+00:00
9118,2,13,2023-07-02 13:57:30.980000+00:00
9118,4,5,2023-07-02 13:57:32.371000+00:00
9118,14,6,2023-07-02 13:57:32.371000+00:00
9118,44,7,2023-07-02 13:57:42.355000+00:00
9118,10,8,2023-07-02 13:57:42.355000+00:00
9118,10,9,2023-07-02 13:57:51.745000+00:00
9118,63,8,2023-07-02 13:57:51.745000+00:00
9118,18,9,2023-07-02 13:57:54.105000+00:00
9118,10,10,2023-07-02 13:57:54.105000+00:00
9118,55,4,2023-07-02 13:58:23.276000+00:00
9118,11,3,2023-07-02 13:58:23.276000+00:00
9118,55,5,2023-07-02 13:58:46.697000+00:00
9118,4,4,2023-07-02 13:58:46.697000+00:00
9118,55,4,2023-07-02 13:59:16.650000+00:00
9118,4,5,2023-07-02 13:59:16.650000+00:00
9118,16,3,2023-07-02 14:00:42.008000+00:00
9118,11,2,2023-07-02 14:00:42.008000+00:00
9118,16,2,2023-07-02 14:04:18.316000+00:00
9118,11,3,2023-07-02 14:04:18.316000+00:00
9118,55,3,2023-07-02 14:04:26.176000+00:00
9118,11,4,2023-07-02 14:04:26.176000+00:00
9118,4,4,2023-07-02 14:04:27.113000+00:00
9118,11,5,2023-07-02 14:04:27.113000+00:00
9118,18,10,2023-07-02 14:09:30.764000+00:00
9118,10,9,2023-07-02 14:09:30.764000+00:00
9118,18,11,2023-07-02 14:09:41.607000+00:00
9118,23,10,2023-07-02 14:09:41.607000+00:00
9118,18,12,2023-07-02 14:09:58.404000+00:00
9118,31,11,2023-07-02 14:09:58.404000+00:00
9118,18,11,2023-07-02 14:10:14.763000+00:00
9118,31,12,2023-07-02 14:10:14.763000+00:00
9118,4,5,2023-07-02 14:10:48.513000+00:00
9118,11,4,2023-07-02 14:10:48.513000+00:00
9118,55,4,2023-07-02 14:13:57.072000+00:00
9118,11,3,2023-07-02 14:13:57.072000+00:00
9118,55,3,2023-07-02 14:14:09.665000+00:00
9118,11,4,2023-07-02 14:14:09.665000+00:00
9118,55,4,2023-07-02 14:15:07.258000+00:00
9118,11,3,2023-07-02 14:15:07.258000+00:00
9118,55,3,2023-07-02 14:15:13.195000+00:00
9118,11,4,2023-07-02 14:15:13.195000+00:00
9118,55,4,2023-07-02 14:16:29.866000+00:00
9118,11,3,2023-07-02 14:16:29.866000+00:00
9118,18,10,2023-07-02 14:19:38.816000+00:00
9118,23,11,2023-07-02 14:19:38.816000+00:00
9118,77,16,2023-07-02 14:21:08.314000+00:00
9118,20,17,2023-07-02 14:21:08.314000+00:00
9118,77,17,2023-07-02 14:21:28.845000+00:00
9118,20,16,2023-07-02 14:21:28.845000+00:00
9118,77,16,2023-07-02 14:23:32.499000+00:00
9118,20,17,2023-07-02 14:23:32.499000+00:00
9118,22,17,2023-07-02 14:23:53.061000+00:00
9118,20,18,2023-07-02 14:23:53.061000+00:00
9118,81,18,2023-07-02 14:26:02.746000+00:00
9118,20,19,2023-07-02 14:26:02.746000+00:00
9118,81,17,2023-07-02 14:28:52.181000+00:00
9118,22,18,2023-07-02 14:28:52.181000+00:00
9118,81,18,2023-07-02 14:29:06.977000+00:00
9118,22,17,2023-07-02 14:29:06.977000+00:00
9118,81,17,2023-07-02 14:29:08.665000+00:00
9118,22,18,2023-07-02 14:29:08.665000+00:00
9126,1,1,2023-07-09 13:01:02.738000+00:00
9126,4,2,2023-07-09 13:01:02.738000+00:00
9126,81,3,2023-07-09 13:01:02.738000+00:00
9126,16,4,2023-07-09 13:01:02.738000+00:00
9126,55,5,2023-07-09 13:01:02.738000+00:00
9126,63,6,2023-07-09 13:01:02.738000+00:00
9126,44,7,2023-07-09 13:01:02.738000+00:00
9126,23,8,2023-07-09 13:01:02.738000+00:00
9126,14,9,2023-07-09 13:01:02.738000+00:00
9126,10,10,2023-07-09 13:01:02.738000+00:00
9126,27,11,2023-07-09 13:01:02.738000+00:00
9126,18,12,2023-07-09 13:01:02.738000+00:00
9126,31,13,2023-07-09 13:01:02.738000+00:00
9126,2,14,2023-07-09 13:01:02.738000+00:00
9126,11,15,2023-07-09 13:01:02.738000+00:00
9126,22,16,2023-07-09 13:01:02.738000+00:00
9126,24,17,2023-07-09 13:01:02.738000+00:00
9126,21,18,2023-07-09 13:01:02.738000+00:00
9126,20,19,2023-07-09 13:01:02.738000+00:00
9126,77,20,2023-07-09 13:01:02.738000+00:00
9126,1,2,2023-07-09 14:03:20.875000+00:00
9126,4,1,2023-07-09 14:03:20.875000+00:00
9126,55,6,2023-07-09 14:03:21.672000+00:00
9126,63,5,2023-07-09 14:03:21.672000+00:00
9126,23,9,2023-07-09 14:03:22.187000+00:00
9126,14,8,2023-07-09 14:03:22.187000+00:00
9126,23,10,2023-07-09 14:03:22.422000+00:00
9126,10,9,2023-07-09 14:03:22.422000+00:00
9126,27,12,2023-07-09 14:03:22.781000+00:00
9126,18,11,2023-07-09 14:03:22.781000+00:00
9126,11,16,2023-07-09 14:03:23.375000+00:00
9126,22,15,2023-07-09 14:03:23.375000+00:00
9126,24,18,2023-07-09 14:03:23.547000+00:00
9126,21,17,2023-07-09 14:03:23.547000+00:00
9126,20,20,2023-07-09 14:03:23.797000+00:00
9126,77,19,2023-07-09 14:03:23.797000+00:00
9126,44,8,2023-07-09 14:03:29.796000+00:00
9126,14,7,2023-07-09 14:03:29.796000+00:00
9126,27,13,2023-07-09 14:03:30.671000+00:00
9126,31,12,2023-07-09 14:03:30.671000+00:00
9126,2,15,2023-07-09 14:03:31.187000+00:00
9126,22,14,2023-07-09 14:03:31.187000+00:00
9126,11,17,2023-07-09 14:03:31.656000+00:00
9126,21,16,2023-07-09 14:03:31.656000+00:00
9126,24,19,2023-07-09 14:03:32.187000+00:00
9126,77,18,2023-07-09 14:03:32.187000+00:00
9126,44,9,2023-07-09 14:03:36.187000+00:00
9126,10,8,2023-07-09 14:03:36.187000+00:00
9126,11,16,2023-07-09 14:03:41.999000+00:00
9126,21,17,2023-07-09 14:03:41.999000+00:00
9126,24,20,2023-07-09 14:03:47.155000+00:00
9126,20,19,2023-07-09 14:03:47.155000+00:00
9126,24,19,2023-07-09 14:03:54.280000+00:00
9126,20,20,2023-07-09 14:03:54.280000+00:00
9126,18,12,2023-07-09 14:04:03.093000+00:00
9126,31,11,2023-07-09 14:04:03.093000+00:00
9126,18,11,2023-07-09 14:04:16.499000+00:00
9126,31,12,2023-07-09 14:04:16.499000+00:00
9126,27,14,2023-07-09 14:04:41.389000+00:00
9126,22,13,2023-07-09 14:04:41.389000+00:00
9126,44,8,2023-07-09 14:04:47.686000+00:00
9126,10,9,2023-07-09 14:04:47.686000+00:00
9126,2,16,2023-07-09 14:05:15.623000+00:00
9126,11,15,2023-07-09 14:05:15.623000+00:00
9126,24,18,2023-07-09 14:05:31.654000+00:00
9126,77,19,2023-07-09 14:05:31.654000+00:00
9126,27,15,2023-07-09 14:09:59.399000+00:00
9126,11,14,2023-07-09 14:09:59.399000+00:00
9126,1,1,2023-07-09 14:10:01.274000+00:00
9126,4,2,2023-07-09 14:10:01.274000+00:00
9126,27,16,2023-07-09 14:12:28.646000+00:00
9126,2,15,2023-07-09 14:12:28.646000+00:00
9126,11,13,2023-07-09 14:12:29.615000+00:00
9126,22,14,2023-07-09 14:12:29.615000+00:00
9126,44,7,2023-07-09 14:13:09.302000+00:00
9126,14,8,2023-07-09 14:13:09.302000+00:00
9126,27,17,2023-07-09 14:14:29.128000+00:00
9126,21,16,2023-07-09 14:14:29.128000+00:00
9126,27,18,2023-07-09 14:14:29.582000+00:00
9126,24,17,2023-07-09 14:14:29.582000+00:00
9126,27,19,2023-07-09 14:14:30.441000+00:00
9126,77,18,2023-07-09 14:14:30.441000+00:00
9126,27,20,2023-07-09 14:14:31.332000+00:00
9126,20,19,2023-07-09 14:14:31.332000+00:00
9126,31,13,2023-07-09 14:17:31.610000+00:00
9126,11,12,2023-07-09 14:17:31.610000+00:00
9126,31,14,2023-07-09 14:17:34.953000+00:00
9126,22,13,2023-07-09 14:17:34.953000+00:00
9126,31,15,2023-07-09 14:17:35.578000+00:00
9126,2,14,2023-07-09 14:17:35.578000+00:00
9126,31,16,2023-07-09 14:17:36.797000+00:00
9126,21,15,2023-07-09 14:17:36.797000+00:00
9126,31,17,2023-07-09 14:17:37.953000+00:00
9126,24,16,2023-07-09 14:17:37.953000+00:00
9126,31,18,2023-07-09 14:17:39.344000+00:00
9126,77,17,2023-07-09 14:17:39.344000+00:00
9126,31,19,2023-07-09 14:17:40.359000+00:00
9126,20,18,2023-07-09 14:17:40.359000+00:00
9126,27,19,2023-07-09 14:18:09.765000+00:00
9126,31,20,2023-07-09 14:18:09.765000+00:00
9126,18,12,2023-07-09 14:21:50.777000+00:00
9126,11,11,2023-07-09 14:21:50.777000+00:00
9126,2,13,2023-07-09 14:24:17.212000+00:00
9126,22,14,2023-07-09 14:24:17.212000+00:00
9126,22,15,2023-07-09 14:25:27.835000+00:00
9126,21,14,2023-07-09 14:25:27.835000+00:00
9126,22,16,2023-07-09 14:25:29.320000+00:00
9126,24,15,2023-07-09 14:25:29.320000+00:00
9126,22,17,2023-07-09 14:25:31.789000+00:00
9126,77,16,2023-07-09 14:25:31.789000+00:00
9126,22,18,2023-07-09 14:25:33.320000+00:00
9126,20,17,2023-07-09 14:25:33.320000+00:00
9126,23,11,2023-07-09 14:28:04.723000+00:00
9126,11,10,2023-07-09 14:28:04.723000+00:00
9126,16,5,2023-07-09 14:31:21.157000+00:00
9126,63,4,2023-07-09 14:31:21.157000+00:00
9126,16,6,2023-07-09 14:31:23.392000+00:00
9126,55,5,2023-07-09 14:31:23.392000+00:00
9126,16,7,2023-07-09 14:31:25.204000+00:00
9126,44,6,2023-07-09 14:31:25.204000+00:00
9126,16,8,2023-07-09 14:31:29.454000+00:00
9126,14,7,2023-07-09 14:31:29.454000+00:00
9126,16,9,2023-07-09 14:31:30.063000+00:00
9126,10,8,2023-07-09 14:31:30.063000+00:00
9126,16,10,2023-07-09 14:31:32.001000+00:00
9126,11,9,2023-07-09 14:31:32.001000+00:00
9126,16,11,2023-07-09 14:31:33.532000+00:00
9126,23,10,2023-07-09 14:31:33.532000+00:00
9126,16,12,2023-07-09 14:31:35.860000+00:00
9126,18,11,2023-07-09 14:31:35.860000+00:00
9126,24,16,2023-07-09 14:41:10.116000+00:00
9126,77,15,2023-07-09 14:41:10.116000+00:00
9126,24,17,2023-07-09 14:41:14.615000+00:00
9126,20,16,2023-07-09 14:41:14.615000+00:00
9126,22,17,2023-07-09 14:41:19.631000+00:00
9126,24,18,2023-07-09 14:41:19.631000+00:00
9126,16,11,2023-07-09 14:42:08.493000+00:00
9126,18,12,2023-07-09 14:42:08.493000+00:00
9126,55,6,2023-07-09 14:43:48.476000+00:00
9126,44,5,2023-07-09 14:43:48.476000+00:00
9126,55,7,2023-07-09 14:43:54.195000+00:00
9126,14,6,2023-07-09 14:43:54.195000+00:00
9126,55,8,2023-07-09 14:43:55.132000+00:00
9126,10,7,2023-07-09 14:43:55.132000+00:00
9126,55,9,2023-07-09 14:43:56.617000+00:00
9126,11,8,2023-07-09 14:43:56.617000+00:00
9126,55,10,2023-07-09 14:43:59.663000+00:00
9126,23,9,2023-07-09 14:43:59.663000+00:00
9126,16,10,2023-07-09 14:44:02.366000+00:00
9126,55,11,2023-07-09 14:44:02.366000+00:00
9126,55,12,2023-07-09 14:44:03.929000+00:00
9126,18,11,2023-07-09 14:44:03.929000+00:00
9126,21,15,2023-07-09 14:45:50.458000+00:00
9126,77,14,2023-07-09 14:45:50.458000+00:00
9126,21,16,2023-07-09 14:45:56.693000+00:00
9126,20,15,2023-07-09 14:45:56.693000+00:00
9126,22,16,2023-07-09 14:45:59.521000+00:00
9126,21,17,2023-07-09 14:45:59.521000+00:00
9126,63,5,2023-07-09 14:46:53.520000+00:00
9126,44,4,2023-07-09 14:46:53.520000+00:00
9126,63,6,2023-07-09 14:46:59.895000+00:00
9126,14,5,2023-07-09 14:46:59.895000+00:00
9126,63,7,2023-07-09 14:47:01.363000+00:00
9126,10,6,2023-07-09 14:47:01.363000+00:00
9126,63,8,2023-07-09 14:47:05.879000+00:00
9126,23,7,2023-07-09 14:47:05.879000+00:00
9126,11,9,2023-07-09 14:47:05.879000+00:00
9126,16,9,2023-07-09 14:47:08.129000+00:00
9126,11,10,2023-07-09 14:47:08.129000+00:00
9126,18,10,2023-07-09 14:47:10.426000+00:00
9126,11,11,2023-07-09 14:47:10.426000+00:00
9126,16,8,2023-07-09 14:47:11.238000+00:00
9126,63,9,2023-07-09 14:47:11.238000+00:00
9126,55,11,2023-07-09 14:47:12.551000+00:00
9126,11,12,2023-07-09 14:47:12.551000+00:00
9126,2,12,2023-07-09 14:47:16.066000+00:00
9126,11,13,2023-07-09 14:47:16.066000+00:00
9126,81,4,2023-07-09 14:48:25.690000+00:00
9126,44,3,2023-07-09 14:48:25.690000+00:00
9126,81,5,2023-07-09 14:48:32.580000+00:00
9126,14,4,2023-07-09 14:48:32.580000+00:00
9126,81,6,2023-07-09 14:48:37.862000+00:00
9126,10,5,2023-07-09 14:48:37.862000+00:00
9126,2,13,2023-07-09 14:48:52.143000+00:00
9126,11,12,2023-07-09 14:48:52.143000+00:00
9126,2,14,2023-07-09 14:48:57.299000+00:00
9126,77,13,2023-07-09 14:48:57.299000+00:00
9126,2,15,2023-07-09 14:49:03.799000+00:00
9126,20,14,2023-07-09 14:49:03.799000+00:00
9126,2,16,2023-07-09 14:49:05.939000+00:00
9126,22,15,2023-07-09 14:49:05.939000+00:00
9126,55,10,2023-07-09 14:49:08.939000+00:00
9126,18,11,2023-07-09 14:49:08.939000+00:00
9126,16,9,2023-07-09 14:50:49.219000+00:00
9126,63,8,2023-07-09 14:50:49.219000+00:00
9126,81,5,2023-07-09 14:51:17.265000+00:00
9126,10,6,2023-07-09 14:51:17.265000+00:00
9126,23,6,2023-07-09 14:51:44.593000+00:00
9126,10,7,2023-07-09 14:51:44.593000+00:00
9126,63,7,2023-07-09 14:51:45.608000+00:00
9126,10,8,2023-07-09 14:51:45.608000+00:00
9126,16,8,2023-07-09 14:51:46.452000+00:00
9126,10,9,2023-07-09 14:51:46.452000+00:00
9126,55,9,2023-07-09 14:51:49.155000+00:00
9126,10,10,2023-07-09 14:51:49.155000+00:00
9126,10,11,2023-07-09 14:51:55.139000+00:00
9126,18,12,2023-07-09 14:51:55.139000+00:00
9126,11,10,2023-07-09 14:51:55.139000+00:00
9126,18,13,2023-07-09 14:52:04.139000+00:00
9126,77,12,2023-07-09 14:52:04.139000+00:00
9126,18,14,2023-07-09 14:52:13.936000+00:00
9126,20,13,2023-07-09 14:52:13.936000+00:00
9126,18,13,2023-07-09 14:52:31.561000+00:00
9126,20,14,2023-07-09 14:52:31.561000+00:00
9126,22,14,2023-07-09 14:52:37.264000+00:00
9126,20,15,2023-07-09 14:52:37.264000+00:00
9126,2,15,2023-07-09 14:52:37.810000+00:00
9126,20,16,2023-07-09 14:52:37.810000+00:00
9126,21,16,2023-07-09 14:52:41.248000+00:00
9126,20,17,2023-07-09 14:52:41.248000+00:00
9126,24,17,2023-07-09 14:52:45.138000+00:00
9126,20,18,2023-07-09 14:52:45.138000+00:00
9126,27,18,2023-07-09 14:52:52.857000+00:00
9126,20,19,2023-07-09 14:52:52.857000+00:00
9126,16,7,2023-07-09 14:53:17.872000+00:00
9126,63,8,2023-07-09 14:53:17.872000+00:00
9126,16,8,2023-07-09 14:53:27.341000+00:00
9126,63,6,2023-07-09 14:53:27.341000+00:00
9126,23,7,2023-07-09 14:53:27.341000+00:00
9126,16,9,2023-07-09 14:53:33.388000+00:00
9126,55,7,2023-07-09 14:53:33.388000+00:00
9126,23,8,2023-07-09 14:53:33.388000+00:00
9126,16,10,2023-07-09 14:53:45.215000+00:00
9126,23,9,2023-07-09 14:53:45.215000+00:00
9126,11,8,2023-07-09 14:53:45.215000+00:00
9126,18,14,2023-07-09 14:53:54.684000+00:00
9126,22,13,2023-07-09 14:53:54.684000+00:00
9126,18,12,2023-07-09 14:54:04.496000+00:00
9126,22,14,2023-07-09 14:54:04.496000+00:00
9126,77,13,2023-07-09 14:54:04.496000+00:00
9126,2,13,2023-07-09 14:54:07.074000+00:00
9126,22,15,2023-07-09 14:54:07.074000+00:00
9126,77,14,2023-07-09 14:54:07.074000+00:00
9126,22,16,2023-07-09 14:54:17.059000+00:00
9126,24,15,2023-07-09 14:54:17.059000+00:00
9126,21,17,2023-07-09 14:54:17.059000+00:00
9126,81,4,2023-07-09 14:55:29.854000+00:00
9126,14,5,2023-07-09 14:55:29.854000+00:00
9126,63,5,2023-07-09 14:55:36.167000+00:00
9126,14,6,2023-07-09 14:55:36.167000+00:00
9126,22,15,2023-07-09 14:56:27.197000+00:00
9126,24,16,2023-07-09 14:56:27.197000+00:00
9126,24,17,2023-07-09 14:56:34.291000+00:00
9126,21,16,2023-07-09 14:56:34.291000+00:00
9126,22,16,2023-07-09 15:02:45.471000+00:00
9126,24,15,2023-07-09 15:02:45.471000+00:00
9126,21,17,2023-07-09 15:02:45.471000+00:00
9126,22,15,2023-07-09 15:02:53.581000+00:00
9126,24,16,2023-07-09 15:02:53.581000+00:00
9126,24,17,2023-07-09 15:02:54.675000+00:00
9126,21,16,2023-07-09 15:02:54.675000+00:00
9126,27,17,2023-07-09 15:02:56.581000+00:00
9126,24,18,2023-07-09 15:02:56.581000+00:00
9126,27,16,2023-07-09 15:07:57.044000+00:00
9126,21,17,2023-07-09 15:07:57.044000+00:00
9126,10,12,2023-07-09 15:08:40.559000+00:00
9126,18,11,2023-07-09 15:08:40.559000+00:00
9126,27,15,2023-07-09 15:11:16.806000+00:00
9126,22,16,2023-07-09 15:11:16.806000+00:00
9126,55,8,2023-07-09 15:14:57.521000+00:00
9126,11,7,2023-07-09 15:14:57.521000+00:00
9126,55,9,2023-07-09 15:15:05.896000+00:00
9126,23,8,2023-07-09 15:15:05.896000+00:00
9126,16,9,2023-07-09 15:15:13.989000+00:00
9126,55,10,2023-07-09 15:15:13.989000+00:00
9126,10,11,2023-07-09 15:15:40.551000+00:00
9126,18,12,2023-07-09 15:15:40.551000+00:00
9126,24,17,2023-07-09 15:16:22.769000+00:00
9126,21,18,2023-07-09 15:16:22.769000+00:00
9126,55,11,2023-07-09 15:17:13.159000+00:00
9126,10,10,2023-07-09 15:17:13.159000+00:00
9126,55,10,2023-07-09 15:17:22.581000+00:00
9126,10,11,2023-07-09 15:17:22.581000+00:00
9126,10,12,2023-07-09 15:18:06.424000+00:00
9126,18,11,2023-07-09 15:18:06.424000+00:00
9126,10,13,2023-07-09 15:18:06.674000+00:00
9126,2,12,2023-07-09 15:18:06.674000+00:00
9126,10,14,2023-07-09 15:18:08.080000+00:00
9126,77,13,2023-07-09 15:18:08.080000+00:00
9126,10,15,2023-07-09 15:18:08.674000+00:00
9126,27,14,2023-07-09 15:18:08.674000+00:00
9126,10,16,2023-07-09 15:18:14.752000+00:00
9126,22,15,2023-07-09 15:18:14.752000+00:00
9126,10,17,2023-07-09 15:18:16.236000+00:00
9126,24,16,2023-07-09 15:18:16.236000+00:00
9126,10,18,2023-07-09 15:18:17.236000+00:00
9126,21,17,2023-07-09 15:18:17.236000+00:00
9126,14,7,2023-07-09 15:19:16.423000+00:00
9126,11,6,2023-07-09 15:19:16.423000+00:00
9126,22,16,2023-07-09 15:27:08.367000+00:00
9126,24,15,2023-07-09 15:27:08.367000+00:00
9126,27,13,2023-07-09 15:28:54.381000+00:00
9126,18,14,2023-07-09 15:28:54.381000+00:00
9126,2,11,2023-07-09 15:28:54.381000+00:00
9126,77,12,2023-07-09 15:28:54.381000+00:00
9133,44,1,2023-07-23 12:01:04.340000+00:00
9133,1,2,2023-07-23 12:01:04.340000+00:00
9133,4,3,2023-07-23 12:01:04.340000+00:00
9133,81,4,2023-07-23 12:01:04.340000+00:00
9133,24,5,2023-07-23 12:01:04.340000+00:00
9133,16,6,2023-07-23 12:01:04.340000+00:00
9133,77,7,2023-07-23 12:01:04.340000+00:00
9133,14,8,2023-07-23 12:01:04.340000+00:00
9133,11,9,2023-07-23 12:01:04.340000+00:00
9133,27,10,2023-07-23 12:01:04.340000+00:00
9133,55,11,2023-07-23 12:01:04.340000+00:00
9133,31,12,2023-07-23 12:01:04.340000+00:00
9133,3,13,2023-07-23 12:01:04.340000+00:00
9133,18,14,2023-07-23 12:01:04.340000+00:00
9133,10,15,2023-07-23 12:01:04.340000+00:00
9133,23,16,2023-07-23 12:01:04.340000+00:00
9133,22,17,2023-07-23 12:01:04.340000+00:00
9133,63,18,2023-07-23 12:01:04.340000+00:00
9133,20,19,2023-07-23 12:01:04.340000+00:00
9133,2,20,2023-07-23 12:01:04.340000+00:00
9133,24,6,2023-07-23 13:03:17.070000+00:00
9133,16,5,2023-07-23 13:03:17.070000+00:00
9133,24,7,2023-07-23 13:03:17.461000+00:00
9133,77,8,2023-07-23 13:03:17.461000+00:00
9133,14,6,2023-07-23 13:03:17.461000+00:00
9133,24,8,2023-07-23 13:03:17.507000+00:00
9133,77,9,2023-07-23 13:03:17.507000+00:00
9133,11,7,2023-07-23 13:03:17.507000+00:00
9133,24,9,2023-07-23 13:03:17.601000+00:00
9133,77,10,2023-07-23 13:03:17.601000+00:00
9133,27,11,2023-07-23 13:03:17.601000+00:00
9133,55,8,2023-07-23 13:03:17.601000+00:00
9133,24,10,2023-07-23 13:03:17.820000+00:00
9133,77,9,2023-07-23 13:03:17.820000+00:00
9133,24,11,2023-07-23 13:03:18.086000+00:00
9133,27,10,2023-07-23 13:03:18.086000+00:00
9133,24,12,2023-07-23 13:03:18.101000+00:00
9133,31,11,2023-07-23 13:03:18.101000+00:00
9133,24,13,2023-07-23 13:03:18.289000+00:00
9133,3,12,2023-07-23 13:03:18.289000+00:00
9133,24,14,2023-07-23 13:03:18.320000+00:00
9133,18,13,2023-07-23 13:03:18.320000+00:00
9133,24,15,2023-07-23 13:03:18.336000+00:00
9133,10,14,2023-07-23 13:03:18.336000+00:00
9133,44,2,2023-07-23 13:03:23.757000+00:00
9133,1,1,2023-07-23 13:03:23.757000+00:00
9133,44,3,2023-07-23 13:03:23.961000+00:00
9133,4,4,2023-07-23 13:03:23.961000+00:00
9133,81,2,2023-07-23 13:03:23.961000+00:00
9133,14,7,2023-07-23 13:03:24.695000+00:00
9133,11,8,2023-07-23 13:03:24.695000+00:00
9133,55,6,2023-07-23 13:03:24.695000+00:00
9133,31,12,2023-07-23 13:03:25.601000+00:00
9133,3,13,2023-07-23 13:03:25.601000+00:00
9133,18,11,2023-07-23 13:03:25.601000+00:00
9133,24,16,2023-07-23 13:03:25.914000+00:00
9133,31,13,2023-07-23 13:03:25.914000+00:00
9133,3,14,2023-07-23 13:03:25.914000+00:00
9133,10,15,2023-07-23 13:03:25.914000+00:00
9133,23,17,2023-07-23 13:03:25.914000+00:00
9133,22,12,2023-07-23 13:03:25.914000+00:00
9133,24,17,2023-07-23 13:03:26.039000+00:00
9133,31,14,2023-07-23 13:03:26.039000+00:00
9133,3,15,2023-07-23 13:03:26.039000+00:00
9133,10,16,2023-07-23 13:03:26.039000+00:00
9133,23,13,2023-07-23 13:03:26.039000+00:00
9133,24,18,2023-07-23 13:03:26.414000+00:00
9133,31,15,2023-07-23 13:03:26.414000+00:00
9133,3,16,2023-07-23 13:03:26.414000+00:00
9133,10,17,2023-07-23 13:03:26.414000+00:00
9133,63,14,2023-07-23 13:03:26.414000+00:00
9133,24,15,2023-07-23 13:03:26.617000+00:00
9133,31,16,2023-07-23 13:03:26.617000+00:00
9133,3,17,2023-07-23 13:03:26.617000+00:00
9133,10,18,2023-07-23 13:03:26.617000+00:00
9133,31,17,2023-07-23 13:03:26.695000+00:00
9133,3,18,2023-07-23 13:03:26.695000+00:00
9133,10,19,2023-07-23 13:03:26.695000+00:00
9133,20,16,2023-07-23 13:03:26.695000+00:00
9133,31,18,2023-07-23 13:03:27.054000+00:00
9133,3,19,2023-07-23 13:03:27.054000+00:00
9133,10,20,2023-07-23 13:03:27.054000+00:00
9133,2,17,2023-07-23 13:03:27.054000+00:00
9133,31,19,2023-07-23 13:03:29.054000+00:00
9133,3,20,2023-07-23 13:03:29.054000+00:00
9133,10,18,2023-07-23 13:03:29.054000+00:00
9133,31,20,2023-07-23 13:03:29.460000+00:00
9133,3,19,2023-07-23 13:03:29.460000+00:00
9133,24,16,2023-07-23 13:03:32.898000+00:00
9133,20,15,2023-07-23 13:03:32.898000+00:00
9133,44,4,2023-07-23 13:03:35.038000+00:00
9133,4,3,2023-07-23 13:03:35.038000+00:00
9133,3,18,2023-07-23 13:03:35.835000+00:00
9133,10,19,2023-07-23 13:03:35.835000+00:00
9133,77,10,2023-07-23 13:03:36.648000+00:00
9133,27,9,2023-07-23 13:03:36.648000+00:00
9133,63,15,2023-07-23 13:03:37.866000+00:00
9133,20,14,2023-07-23 13:03:37.866000+00:00
9133,18,10,2023-07-23 13:03:47.085000+00:00
9133,77,11,2023-07-23 13:03:47.085000+00:00
9133,31,19,2023-07-23 13:03:52.351000+00:00
9133,10,20,2023-07-23 13:03:52.351000+00:00
9133,77,12,2023-07-23 13:04:01.710000+00:00
9133,22,11,2023-07-23 13:04:01.710000+00:00
9133,23,14,2023-07-23 13:04:02.350000+00:00
9133,20,13,2023-07-23 13:04:02.350000+00:00
9133,23,15,2023-07-23 13:04:02.725000+00:00
9133,63,14,2023-07-23 13:04:02.725000+00:00
9133,63,13,2023-07-23 13:04:56.084000+00:00
9133,20,14,2023-07-23 13:04:56.084000+00:00
9133,24,15,2023-07-23 13:04:56.678000+00:00
9133,23,16,2023-07-23 13:04:56.678000+00:00
9133,24,16,2023-07-23 13:05:02.912000+00:00
9133,23,15,2023-07-23 13:05:02.912000+00:00
9133,14,8,2023-07-23 13:13:28.372000+00:00
9133,11,7,2023-07-23 13:13:28.372000+00:00
9133,24,15,2023-07-23 13:14:48.855000+00:00
9133,23,16,2023-07-23 13:14:48.855000+00:00
9133,23,17,2023-07-23 13:14:49.745000+00:00
9133,2,16,2023-07-23 13:14:49.745000+00:00
9133,3,17,2023-07-23 13:14:54.370000+00:00
9133,23,18,2023-07-23 13:14:54.370000+00:00
9133,77,13,2023-07-23 13:16:12.041000+00:00
9133,18,11,2023-07-23 13:16:12.041000+00:00
9133,22,12,2023-07-23 13:16:12.041000+00:00
9133,63,10,2023-07-23 13:16:12.041000+00:00
9133,77,14,2023-07-23 13:16:13.400000+00:00
9133,20,13,2023-07-23 13:16:13.400000+00:00
9133,18,12,2023-07-23 13:16:17.056000+00:00
9133,22,13,2023-07-23 13:16:17.056000+00:00
9133,20,11,2023-07-23 13:16:17.056000+00:00
9133,24,12,2023-07-23 13:16:18.322000+00:00
9133,77,15,2023-07-23 13:16:18.322000+00:00
9133,18,13,2023-07-23 13:16:18.322000+00:00
9133,22,14,2023-07-23 13:16:18.322000+00:00
9133,77,16,2023-07-23 13:16:19.462000+00:00
9133,18,14,2023-07-23 13:16:19.462000+00:00
9133,22,15,2023-07-23 13:16:19.462000+00:00
9133,2,13,2023-07-23 13:16:19.462000+00:00
9133,77,17,2023-07-23 13:16:20.275000+00:00
9133,3,14,2023-07-23 13:16:20.275000+00:00
9133,18,15,2023-07-23 13:16:20.275000+00:00
9133,22,16,2023-07-23 13:16:20.275000+00:00
9133,77,16,2023-07-23 13:16:33.931000+00:00
9133,22,17,2023-07-23 13:16:33.931000+00:00
9133,23,17,2023-07-23 13:16:36.259000+00:00
9133,22,18,2023-07-23 13:16:36.259000+00:00
9133,24,13,2023-07-23 13:17:41.820000+00:00
9133,2,12,2023-07-23 13:17:41.820000+00:00
9133,24,14,2023-07-23 13:17:46.617000+00:00
9133,3,13,2023-07-23 13:17:46.617000+00:00
9133,24,15,2023-07-23 13:17:58.492000+00:00
9133,18,14,2023-07-23 13:17:58.492000+00:00
9133,24,16,2023-07-23 13:18:00.757000+00:00
9133,77,15,2023-07-23 13:18:00.757000+00:00
9133,24,17,2023-07-23 13:18:02.007000+00:00
9133,23,16,2023-07-23 13:18:02.007000+00:00
9133,24,18,2023-07-23 13:18:04.773000+00:00
9133,22,17,2023-07-23 13:18:04.773000+00:00
9133,3,12,2023-07-23 13:22:00.550000+00:00
9133,2,13,2023-07-23 13:22:00.550000+00:00
9133,18,13,2023-07-23 13:22:12.800000+00:00
9133,2,14,2023-07-23 13:22:12.800000+00:00
9133,77,14,2023-07-23 13:22:14.472000+00:00
9133,2,15,2023-07-23 13:22:14.472000+00:00
9133,23,15,2023-07-23 13:22:17.128000+00:00
9133,2,16,2023-07-23 13:22:17.128000+00:00
9133,22,16,2023-07-23 13:22:19.362000+00:00
9133,2,17,2023-07-23 13:22:19.362000+00:00
9133,24,17,2023-07-23 13:22:27.081000+00:00
9133,2,18,2023-07-23 13:22:27.081000+00:00
9133,3,11,2023-07-23 13:23:26.048000+00:00
9133,20,12,2023-07-23 13:23:26.048000+00:00
9133,18,12,2023-07-23 13:23:37.345000+00:00
9133,20,13,2023-07-23 13:23:37.345000+00:00
9133,77,13,2023-07-23 13:23:39.314000+00:00
9133,20,14,2023-07-23 13:23:39.314000+00:00
9133,23,14,2023-07-23 13:23:42.220000+00:00
9133,20,15,2023-07-23 13:23:42.220000+00:00
9133,22,15,2023-07-23 13:23:44.517000+00:00
9133,20,16,2023-07-23 13:23:44.517000+00:00
9133,24,16,2023-07-23 13:23:50.954000+00:00
9133,20,17,2023-07-23 13:23:50.954000+00:00
9133,11,6,2023-07-23 13:24:37.594000+00:00
9133,55,7,2023-07-23 13:24:37.594000+00:00
9133,14,7,2023-07-23 13:24:43.750000+00:00
9133,55,8,2023-07-23 13:24:43.750000+00:00
9133,27,8,2023-07-23 13:24:48.891000+00:00
9133,55,9,2023-07-23 13:24:48.891000+00:00
9133,55,10,2023-07-23 13:24:50.219000+00:00
9133,63,9,2023-07-23 13:24:50.219000+00:00
9133,55,11,2023-07-23 13:24:55.156000+00:00
9133,3,10,2023-07-23 13:24:55.156000+00:00
9133,44,5,2023-07-23 13:26:02.421000+00:00
9133,16,4,2023-07-23 13:26:02.421000+00:00
9133,44,6,2023-07-23 13:26:05.936000+00:00
9133,11,5,2023-07-23 13:26:05.936000+00:00
9133,44,7,2023-07-23 13:26:09.170000+00:00
9133,14,6,2023-07-23 13:26:09.170000+00:00
9133,27,9,2023-07-23 13:26:11.811000+00:00
9133,63,8,2023-07-23 13:26:11.811000+00:00
9133,44,8,2023-07-23 13:26:15.405000+00:00
9133,63,7,2023-07-23 13:26:15.405000+00:00
9133,27,10,2023-07-23 13:26:20.389000+00:00
9133,3,9,2023-07-23 13:26:20.389000+00:00
9133,27,11,2023-07-23 13:26:25.608000+00:00
9133,55,10,2023-07-23 13:26:25.608000+00:00
9133,27,12,2023-07-23 13:26:27.670000+00:00
9133,18,11,2023-07-23 13:26:27.670000+00:00
9133,77,12,2023-07-23 13:26:29.576000+00:00
9133,27,13,2023-07-23 13:26:29.576000+00:00
9133,27,14,2023-07-23 13:26:32.983000+00:00
9133,23,13,2023-07-23 13:26:32.983000+00:00
9133,27,15,2023-07-23 13:26:34.686000+00:00
9133,22,14,2023-07-23 13:26:34.686000+00:00
9133,4,4,2023-07-23 13:27:30.810000+00:00
9133,16,5,2023-07-23 13:27:30.810000+00:00
9133,11,3,2023-07-23 13:27:30.810000+00:00
9133,4,5,2023-07-23 13:27:34.294000+00:00
9133,16,6,2023-07-23 13:27:34.294000+00:00
9133,14,4,2023-07-23 13:27:34.294000+00:00
9133,16,7,2023-07-23 13:27:40.747000+00:00
9133,63,6,2023-07-23 13:27:40.747000+00:00
9133,44,7,2023-07-23 13:27:46.622000+00:00
9133,16,8,2023-07-23 13:27:46.622000+00:00
9133,16,9,2023-07-23 13:27:47.262000+00:00
9133,3,8,2023-07-23 13:27:47.262000+00:00
9133,16,10,2023-07-23 13:27:49.997000+00:00
9133,55,9,2023-07-23 13:27:49.997000+00:00
9133,16,11,2023-07-23 13:27:52.559000+00:00
9133,18,10,2023-07-23 13:27:52.559000+00:00
9133,81,3,2023-07-23 13:28:55.418000+00:00
9133,11,2,2023-07-23 13:28:55.418000+00:00
9133,81,4,2023-07-23 13:28:59.449000+00:00
9133,14,3,2023-07-23 13:28:59.449000+00:00
9133,24,15,2023-07-23 13:29:11.308000+00:00
9133,16,10,2023-07-23 13:29:11.308000+00:00
9133,77,11,2023-07-23 13:29:11.308000+00:00
9133,27,14,2023-07-23 13:29:11.308000+00:00
9133,55,8,2023-07-23 13:29:11.308000+00:00
9133,31,18,2023-07-23 13:29:11.308000+00:00
9133,3,20,2023-07-23 13:29:11.308000+00:00
9133,18,9,2023-07-23 13:29:11.308000+00:00
9133,10,19,2023-07-23 13:29:11.308000+00:00
9133,23,12,2023-07-23 13:29:11.308000+00:00
9133,22,13,2023-07-23 13:29:11.308000+00:00
9133,20,16,2023-07-23 13:29:11.308000+00:00
9133,2,17,2023-07-23 13:29:11.308000+00:00
9133,24,16,2023-07-23 13:29:11.323000+00:00
9133,16,11,2023-07-23 13:29:11.323000+00:00
9133,77,12,2023-07-23 13:29:11.323000+00:00
9133,27,15,2023-07-23 13:29:11.323000+00:00
9133,31,19,2023-07-23 13:29:11.323000+00:00
9133,3,9,2023-07-23 13:29:11.323000+00:00
9133,18,10,2023-07-23 13:29:11.323000+00:00
9133,10,20,2023-07-23 13:29:11.323000+00:00
9133,23,13,2023-07-23 13:29:11.323000+00:00
9133,22,14,2023-07-23 13:29:11.323000+00:00
9133,20,17,2023-07-23 13:29:11.323000+00:00
9133,2,18,2023-07-23 13:29:11.323000+00:00
9133,4,4,2023-07-23 13:29:12.948000+00:00
9133,81,5,2023-07-23 13:29:12.948000+00:00
9133,3,10,2023-07-23 13:29:17.683000+00:00
9133,18,9,2023-07-23 13:29:17.683000+00:00
9133,16,10,2023-07-23 13:29:18.886000+00:00
9133,3,11,2023-07-23 13:29:18.886000+00:00
9133,77,11,2023-07-23 13:29:20.823000+00:00
9133,3,12,2023-07-23 13:29:20.823000+00:00
9133,3,13,2023-07-23 13:29:24.308000+00:00
9133,23,12,2023-07-23 13:29:24.308000+00:00
9133,3,14,2023-07-23 13:29:25.745000+00:00
9133,22,13,2023-07-23 13:29:25.745000+00:00
9133,27,14,2023-07-23 13:29:27.214000+00:00
9133,3,15,2023-07-23 13:29:27.214000+00:00
9133,24,15,2023-07-23 13:29:28.917000+00:00
9133,3,16,2023-07-23 13:29:28.917000+00:00
9133,3,17,2023-07-23 13:29:29.620000+00:00
9133,20,16,2023-07-23 13:29:29.620000+00:00
9133,3,18,2023-07-23 13:29:31.854000+00:00
9133,2,17,2023-07-23 13:29:31.854000+00:00
9133,16,9,2023-07-23 13:30:58.790000+00:00
9133,18,10,2023-07-23 13:30:58.790000+00:00
9133,4,3,2023-07-23 13:31:47.102000+00:00
9133,14,4,2023-07-23 13:31:47.102000+00:00
9133,81,4,2023-07-23 13:31:52.727000+00:00
9133,14,5,2023-07-23 13:31:52.727000+00:00
9133,14,6,2023-07-23 13:31:57.336000+00:00
9133,63,5,2023-07-23 13:31:57.336000+00:00
9133,44,6,2023-07-23 13:32:02.133000+00:00
9133,14,7,2023-07-23 13:32:02.133000+00:00
9133,14,8,2023-07-23 13:32:04.258000+00:00
9133,55,7,2023-07-23 13:32:04.258000+00:00
9133,16,8,2023-07-23 13:32:07.727000+00:00
9133,14,9,2023-07-23 13:32:07.727000+00:00
9133,14,10,2023-07-23 13:32:09.117000+00:00
9133,18,9,2023-07-23 13:32:09.117000+00:00
9133,77,10,2023-07-23 13:32:13.930000+00:00
9133,14,11,2023-07-23 13:32:13.930000+00:00
9133,77,11,2023-07-23 13:33:46.459000+00:00
9133,14,10,2023-07-23 13:33:46.459000+00:00
9133,4,2,2023-07-23 13:37:22.033000+00:00
9133,11,3,2023-07-23 13:37:22.033000+00:00
9133,81,3,2023-07-23 13:37:28.658000+00:00
9133,11,4,2023-07-23 13:37:28.658000+00:00
9133,11,5,2023-07-23 13:37:38.346000+00:00
9133,63,4,2023-07-23 13:37:38.346000+00:00
9133,44,5,2023-07-23 13:37:39.486000+00:00
9133,11,6,2023-07-23 13:37:39.486000+00:00
9133,11,7,2023-07-23 13:37:42.174000+00:00
9133,55,6,2023-07-23 13:37:42.174000+00:00
9133,44,4,2023-07-23 13:37:55.642000+00:00
9133,63,5,2023-07-23 13:37:55.642000+00:00
9133,11,6,2023-07-23 13:40:42.264000+00:00
9133,55,7,2023-07-23 13:40:42.264000+00:00
9133,11,5,2023-07-23 13:42:18.591000+00:00
9133,63,6,2023-07-23 13:42:18.591000+00:00
9133,55,6,2023-07-23 13:43:21.283000+00:00
9133,63,7,2023-07-23 13:43:21.283000+00:00
9133,16,7,2023-07-23 13:43:21.955000+00:00
9133,63,8,2023-07-23 13:43:21.955000+00:00
9133,18,8,2023-07-23 13:43:31.471000+00:00
9133,63,9,2023-07-23 13:43:31.471000+00:00
9133,14,9,2023-07-23 13:43:32.064000+00:00
9133,63,10,2023-07-23 13:43:32.064000+00:00
9133,14,8,2023-07-23 13:43:34.924000+00:00
9133,18,9,2023-07-23 13:43:34.924000+00:00
9133,77,10,2023-07-23 13:43:36.471000+00:00
9133,63,11,2023-07-23 13:43:36.471000+00:00
9133,23,11,2023-07-23 13:43:40.892000+00:00
9133,63,12,2023-07-23 13:43:40.892000+00:00
9133,22,12,2023-07-23 13:43:42.627000+00:00
9133,63,13,2023-07-23 13:43:42.627000+00:00
9133,27,13,2023-07-23 13:43:54.377000+00:00
9133,63,14,2023-07-23 13:43:54.377000+00:00
9133,27,14,2023-07-23 13:45:19.688000+00:00
9133,63,13,2023-07-23 13:45:19.688000+00:00
9133,22,13,2023-07-23 13:46:44.092000+00:00
9133,63,12,2023-07-23 13:46:44.092000+00:00
9133,23,12,2023-07-23 13:47:54.200000+00:00
9133,63,11,2023-07-23 13:47:54.200000+00:00
9133,23,13,2023-07-23 13:48:00.513000+00:00
9133,22,12,2023-07-23 13:48:00.513000+00:00
9133,27,13,2023-07-23 13:48:02.028000+00:00
9133,23,14,2023-07-23 13:48:02.028000+00:00
9133,24,14,2023-07-23 13:48:04.560000+00:00
9133,23,15,2023-07-23 13:48:04.560000+00:00
9133,23,16,2023-07-23 13:48:07.731000+00:00
9133,20,15,2023-07-23 13:48:07.731000+00:00
9133,23,17,2023-07-23 13:48:08.216000+00:00
9133,2,16,2023-07-23 13:48:08.216000+00:00
9133,77,9,2023-07-23 13:52:08.774000+00:00
9133,18,10,2023-07-23 13:52:08.774000+00:00
9133,18,11,2023-07-23 13:52:08.790000+00:00
9133,63,10,2023-07-23 13:52:08.790000+00:00
9133,77,10,2023-07-23 13:52:11.633000+00:00
9133,63,9,2023-07-23 13:52:11.633000+00:00
9133,18,12,2023-07-23 13:52:16.899000+00:00
9133,22,11,2023-07-23 13:52:16.899000+00:00
9133,27,12,2023-07-23 13:52:18.914000+00:00
9133,18,13,2023-07-23 13:52:18.914000+00:00
9133,24,13,2023-07-23 13:52:22.227000+00:00
9133,18,14,2023-07-23 13:52:22.227000+00:00
9133,18,15,2023-07-23 13:52:29.586000+00:00
9133,20,14,2023-07-23 13:52:29.586000+00:00
9133,23,16,2023-07-23 13:52:32.164000+00:00
9133,2,17,2023-07-23 13:52:32.164000+00:00
9133,3,17,2023-07-23 13:52:38.320000+00:00
9133,2,18,2023-07-23 13:52:38.320000+00:00
9133,18,14,2023-07-23 13:53:56.569000+00:00
9133,20,15,2023-07-23 13:53:56.569000+00:00
9133,23,15,2023-07-23 13:56:46.613000+00:00
9133,20,16,2023-07-23 13:56:46.613000+00:00
9133,24,14,2023-07-23 13:58:03.283000+00:00
9133,18,13,2023-07-23 13:58:03.283000+00:00
9133,27,13,2023-07-23 13:58:06.799000+00:00
9133,18,12,2023-07-23 13:58:06.799000+00:00
9133,24,15,2023-07-23 13:58:11.893000+00:00
9133,27,14,2023-07-23 13:58:11.893000+00:00
9133,23,13,2023-07-23 13:58:11.893000+00:00
9133,24,16,2023-07-23 13:58:15.049000+00:00
9133,27,15,2023-07-23 13:58:15.049000+00:00
9133,20,14,2023-07-23 13:58:15.049000+00:00
9133,24,17,2023-07-23 13:58:17.814000+00:00
9133,27,16,2023-07-23 13:58:17.814000+00:00
9133,3,15,2023-07-23 13:58:17.814000+00:00
9133,24,18,2023-07-23 13:58:23.970000+00:00
9133,2,17,2023-07-23 13:58:23.970000+00:00
9133,3,14,2023-07-23 13:59:44.719000+00:00
9133,20,15,2023-07-23 13:59:44.719000+00:00
9133,77,11,2023-07-23 14:00:51.390000+00:00
9133,22,10,2023-07-23 14:00:51.390000+00:00
9133,77,12,2023-07-23 14:00:54.858000+00:00
9133,18,11,2023-07-23 14:00:54.858000+00:00
9133,77,13,2023-07-23 14:01:05.686000+00:00
9133,23,12,2023-07-23 14:01:05.686000+00:00
9133,27,15,2023-07-23 14:02:32.107000+00:00
9133,20,16,2023-07-23 14:02:32.107000+00:00
9133,20,17,2023-07-23 14:02:34.044000+00:00
9133,2,16,2023-07-23 14:02:34.044000+00:00
9133,24,17,2023-07-23 14:02:44.403000+00:00
9133,20,18,2023-07-23 14:02:44.403000+00:00
9133,44,3,2023-07-23 14:02:54.075000+00:00
9133,81,4,2023-07-23 14:02:54.075000+00:00
9133,81,5,2023-07-23 14:03:09.059000+00:00
9133,11,6,2023-07-23 14:03:09.059000+00:00
9133,55,4,2023-07-23 14:03:09.059000+00:00
9133,16,6,2023-07-23 14:03:10.856000+00:00
9133,11,7,2023-07-23 14:03:10.856000+00:00
9133,81,6,2023-07-23 14:03:13.778000+00:00
9133,16,5,2023-07-23 14:03:13.778000+00:00
9133,18,10,2023-07-23 14:03:53.215000+00:00
9133,22,11,2023-07-23 14:03:53.215000+00:00
9133,81,5,2023-07-23 14:04:32.308000+00:00
9133,16,6,2023-07-23 14:04:32.308000+00:00
9133,16,7,2023-07-23 14:04:33.933000+00:00
9133,11,6,2023-07-23 14:04:33.933000+00:00
9133,14,9,2023-07-23 14:04:39.886000+00:00
9133,63,8,2023-07-23 14:04:39.886000+00:00
9133,16,8,2023-07-23 14:04:43.323000+00:00
9133,63,7,2023-07-23 14:04:43.323000+00:00
9133,44,2,2023-07-23 14:05:43.103000+00:00
9133,4,3,2023-07-23 14:05:43.103000+00:00
9133,81,4,2023-07-23 14:05:55.791000+00:00
9133,55,5,2023-07-23 14:05:55.791000+00:00
9133,11,5,2023-07-23 14:05:56.837000+00:00
9133,55,6,2023-07-23 14:05:56.837000+00:00
9133,55,7,2023-07-23 14:06:06.728000+00:00
9133,63,6,2023-07-23 14:06:06.728000+00:00
9133,16,7,2023-07-23 14:06:17.259000+00:00
9133,55,8,2023-07-23 14:06:17.259000+00:00
9133,23,11,2023-07-23 14:06:40.727000+00:00
9133,22,12,2023-07-23 14:06:40.727000+00:00
9133,77,12,2023-07-23 14:06:41.727000+00:00
9133,22,13,2023-07-23 14:06:41.727000+00:00
9133,3,13,2023-07-23 14:06:44.180000+00:00
9133,22,14,2023-07-23 14:06:44.180000+00:00
9133,27,14,2023-07-23 14:06:48.228000+00:00
9133,22,15,2023-07-23 14:06:48.228000+00:00
9133,22,16,2023-07-23 14:06:51.618000+00:00
9133,2,15,2023-07-23 14:06:51.618000+00:00
9133,81,5,2023-07-23 14:08:55.272000+00:00
9133,11,4,2023-07-23 14:08:55.272000+00:00
9133,16,6,2023-07-23 14:09:03.818000+00:00
9133,63,7,2023-07-23 14:09:03.818000+00:00
9133,55,7,2023-07-23 14:09:08.100000+00:00
9133,63,8,2023-07-23 14:09:08.100000+00:00
9133,44,3,2023-07-23 14:12:41.643000+00:00
9133,4,2,2023-07-23 14:12:41.643000+00:00
9133,44,4,2023-07-23 14:12:53.627000+00:00
9133,11,3,2023-07-23 14:12:53.627000+00:00
9133,44,5,2023-07-23 14:12:58.439000+00:00
9133,81,4,2023-07-23 14:12:58.439000+00:00
9133,44,4,2023-07-23 14:22:52.726000+00:00
9133,81,5,2023-07-23 14:22:52.726000+00:00
9133,55,8,2023-07-23 14:34:05.964000+00:00
9133,63,7,2023-07-23 14:34:05.964000+00:00
9133,22,15,2023-07-23 14:38:40.334000+00:00
9133,2,16,2023-07-23 14:38:40.334000+00:00
9133,24,16,2023-07-23 14:38:47.084000+00:00
9133,2,17,2023-07-23 14:38:47.084000+00:00
9133,20,17,2023-07-23 14:39:50.645000+00:00
9133,2,18,2023-07-23 14:39:50.645000+00:00
9133,16,7,2023-07-23 14:42:28.236000+00:00
9133,63,6,2023-07-23 14:42:28.236000+00:00
9140,1,1,2023-07-29 14:19:53.311000+00:00
9140,81,2,2023-07-29 14:19:53.311000+00:00
9140,55,3,2023-07-29 14:19:53.311000+00:00
9140,16,4,2023-07-29 14:19:53.311000+00:00
9140,4,5,2023-07-29 14:19:53.311000+00:00
9140,10,6,2023-07-29 14:19:53.311000+00:00
9140,44,7,2023-07-29 14:19:53.311000+00:00
9140,11,8,2023-07-29 14:19:53.311000+00:00
9140,31,9,2023-07-29 14:19:53.311000+00:00
9140,63,10,2023-07-29 14:19:53.311000+00:00
9140,3,11,2023-07-29 14:19:53.311000+00:00
9140,23,12,2023-07-29 14:19:53.311000+00:00
9140,2,13,2023-07-29 14:19:53.311000+00:00
9140,18,14,2023-07-29 14:19:53.311000+00:00
9140,14,15,2023-07-29 14:19:53.311000+00:00
9140,22,16,2023-07-29 14:19:53.311000+00:00
9140,77,17,2023-07-29 14:19:53.311000+00:00
9140,20,18,2023-07-29 14:19:53.311000+00:00
9140,24,19,2023-07-29 14:19:53.311000+00:00
9140,27,20,2023-07-29 14:19:53.311000+00:00
9140,81,3,2023-07-29 15:50:58.015000+00:00
9140,55,4,2023-07-29 15:50:58.015000+00:00
9140,16,2,2023-07-29 15:50:58.015000+00:00
9140,81,4,2023-07-29 15:50:59.015000+00:00
9140,55,5,2023-07-29 15:50:59.015000+00:00
9140,4,3,2023-07-29 15:50:59.015000+00:00
9140,81,5,2023-07-29 15:51:01.719000+00:00
9140,55,6,2023-07-29 15:51:01.719000+00:00
9140,10,7,2023-07-29 15:51:01.719000+00:00
9140,44,8,2023-07-29 15:51:01.719000+00:00
9140,11,9,2023-07-29 15:51:01.719000+00:00
9140,31,4,2023-07-29 15:51:01.719000+00:00
9140,81,6,2023-07-29 15:51:02.562000+00:00
9140,55,7,2023-07-29 15:51:02.562000+00:00
9140,10,8,2023-07-29 15:51:02.562000+00:00
9140,44,9,2023-07-29 15:51:02.562000+00:00
9140,11,10,2023-07-29 15:51:02.562000+00:00
9140,63,5,2023-07-29 15:51:02.562000+00:00
9140,81,7,2023-07-29 15:51:04.484000+00:00
9140,55,8,2023-07-29 15:51:04.484000+00:00
9140,10,9,2023-07-29 15:51:04.484000+00:00
9140,44,10,2023-07-29 15:51:04.484000+00:00
9140,11,11,2023-07-29 15:51:04.484000+00:00
9140,3,12,2023-07-29 15:51:04.484000+00:00
9140,23,13,2023-07-29 15:51:04.484000+00:00
9140,2,6,2023-07-29 15:51:04.484000+00:00
9140,81,8,2023-07-29 15:51:05.422000+00:00
9140,55,9,2023-07-29 15:51:05.422000+00:00
9140,10,10,2023-07-29 15:51:05.422000+00:00
9140,44,11,2023-07-29 15:51:05.422000+00:00
9140,11,12,2023-07-29 15:51:05.422000+00:00
9140,3,13,2023-07-29 15:51:05.422000+00:00
9140,23,14,2023-07-29 15:51:05.422000+00:00
9140,18,15,2023-07-29 15:51:05.422000+00:00
9140,14,7,2023-07-29 15:51:05.422000+00:00
9140,81,9,2023-07-29 15:51:06+00:00
9140,55,10,2023-07-29 15:51:06+00:00
9140,10,11,2023-07-29 15:51:06+00:00
9140,44,12,2023-07-29 15:51:06+00:00
9140,11,13,2023-07-29 15:51:06+00:00
9140,3,14,2023-07-29 15:51:06+00:00
9140,23,15,2023-07-29 15:51:06+00:00
9140,18,16,2023-07-29 15:51:06+00:00
9140,22,8,2023-07-29 15:51:06+00:00
9140,81,10,2023-07-29 15:51:07.484000+00:00
9140,55,11,2023-07-29 15:51:07.484000+00:00
9140,10,12,2023-07-29 15:51:07.484000+00:00
9140,44,13,2023-07-29 15:51:07.484000+00:00
9140,11,14,2023-07-29 15:51:07.484000+00:00
9140,3,15,2023-07-29 15:51:07.484000+00:00
9140,23,16,2023-07-29 15:51:07.484000+00:00
9140,18,17,2023-07-29 15:51:07.484000+00:00
9140,77,18,2023-07-29 15:51:07.484000+00:00
9140,20,9,2023-07-29 15:51:07.484000+00:00
9140,81,11,2023-07-29 15:51:08.343000+00:00
9140,55,12,2023-07-29 15:51:08.343000+00:00
9140,10,13,2023-07-29 15:51:08.343000+00:00
9140,44,14,2023-07-29 15:51:08.343000+00:00
9140,11,15,2023-07-29 15:51:08.343000+00:00
9140,3,16,2023-07-29 15:51:08.343000+00:00
9140,23,17,2023-07-29 15:51:08.343000+00:00
9140,18,18,2023-07-29 15:51:08.343000+00:00
9140,77,19,2023-07-29 15:51:08.343000+00:00
9140,24,10,2023-07-29 15:51:08.343000+00:00
9140,55,13,2023-07-29 15:51:17.312000+00:00
9140,10,12,2023-07-29 15:51:17.312000+00:00
9140,55,14,2023-07-29 15:51:18.890000+00:00
9140,44,15,2023-07-29 15:51:18.890000+00:00
9140,11,13,2023-07-29 15:51:18.890000+00:00
9140,55,15,2023-07-29 15:51:20.968000+00:00
9140,44,14,2023-07-29 15:51:20.968000+00:00
9140,23,18,2023-07-29 15:51:23.609000+00:00
9140,18,17,2023-07-29 15:51:23.609000+00:00
9140,81,10,2023-07-29 15:52:39.389000+00:00
9140,24,11,2023-07-29 15:52:39.389000+00:00
9140,81,7,2023-07-29 15:53:05.983000+00:00
9140,14,8,2023-07-29 15:53:05.983000+00:00
9140,22,9,2023-07-29 15:53:05.983000+00:00
9140,20,10,2023-07-29 15:53:05.983000+00:00
9140,10,10,2023-07-29 15:53:09.280000+00:00
9140,20,11,2023-07-29 15:53:09.280000+00:00
9140,24,12,2023-07-29 15:53:09.280000+00:00
9140,11,12,2023-07-29 15:53:09.983000+00:00
9140,24,13,2023-07-29 15:53:09.983000+00:00
9140,1,2,2023-07-29 15:53:10.655000+00:00
9140,81,1,2023-07-29 15:53:10.655000+00:00
9140,16,3,2023-07-29 15:53:10.655000+00:00
9140,4,4,2023-07-29 15:53:10.655000+00:00
9140,31,5,2023-07-29 15:53:10.655000+00:00
9140,63,6,2023-07-29 15:53:10.655000+00:00
9140,2,7,2023-07-29 15:53:10.655000+00:00
9140,44,13,2023-07-29 15:53:12.155000+00:00
9140,24,14,2023-07-29 15:53:12.155000+00:00
9140,16,4,2023-07-29 15:53:13.936000+00:00
9140,4,5,2023-07-29 15:53:13.936000+00:00
9140,10,3,2023-07-29 15:53:13.936000+00:00
9140,31,6,2023-07-29 15:53:13.936000+00:00
9140,63,7,2023-07-29 15:53:13.936000+00:00
9140,2,8,2023-07-29 15:53:13.936000+00:00
9140,14,9,2023-07-29 15:53:13.936000+00:00
9140,22,10,2023-07-29 15:53:13.936000+00:00
9140,16,5,2023-07-29 15:53:14.764000+00:00
9140,4,6,2023-07-29 15:53:14.764000+00:00
9140,11,4,2023-07-29 15:53:14.764000+00:00
9140,31,7,2023-07-29 15:53:14.764000+00:00
9140,63,8,2023-07-29 15:53:14.764000+00:00
9140,2,9,2023-07-29 15:53:14.764000+00:00
9140,14,10,2023-07-29 15:53:14.764000+00:00
9140,22,11,2023-07-29 15:53:14.764000+00:00
9140,20,12,2023-07-29 15:53:14.764000+00:00
9140,16,6,2023-07-29 15:53:16.998000+00:00
9140,4,7,2023-07-29 15:53:16.998000+00:00
9140,44,5,2023-07-29 15:53:16.998000+00:00
9140,31,8,2023-07-29 15:53:16.998000+00:00
9140,63,9,2023-07-29 15:53:16.998000+00:00
9140,2,10,2023-07-29 15:53:16.998000+00:00
9140,14,11,2023-07-29 15:53:16.998000+00:00
9140,22,12,2023-07-29 15:53:16.998000+00:00
9140,20,13,2023-07-29 15:53:16.998000+00:00
9140,55,6,2023-07-29 15:53:17.905000+00:00
9140,16,7,2023-07-29 15:53:17.905000+00:00
9140,4,8,2023-07-29 15:53:17.905000+00:00
9140,31,9,2023-07-29 15:53:17.905000+00:00
9140,63,10,2023-07-29 15:53:17.905000+00:00
9140,2,11,2023-07-29 15:53:17.905000+00:00
9140,14,12,2023-07-29 15:53:17.905000+00:00
9140,22,13,2023-07-29 15:53:17.905000+00:00
9140,20,14,2023-07-29 15:53:17.905000+00:00
9140,24,15,2023-07-29 15:53:17.905000+00:00
9140,4,9,2023-07-29 15:53:20.733000+00:00
9140,31,10,2023-07-29 15:53:20.733000+00:00
9140,63,11,2023-07-29 15:53:20.733000+00:00
9140,3,8,2023-07-29 15:53:20.733000+00:00
9140,2,12,2023-07-29 15:53:20.733000+00:00
9140,14,13,2023-07-29 15:53:20.733000+00:00
9140,22,14,2023-07-29 15:53:20.733000+00:00
9140,20,15,2023-07-29 15:53:20.733000+00:00
9140,24,16,2023-07-29 15:53:20.733000+00:00
9140,63,12,2023-07-29 15:53:22.123000+00:00
9140,2,13,2023-07-29 15:53:22.123000+00:00
9140,18,11,2023-07-29 15:53:22.123000+00:00
9140,14,14,2023-07-29 15:53:22.123000+00:00
9140,22,15,2023-07-29 15:53:22.123000+00:00
9140,20,16,2023-07-29 15:53:22.123000+00:00
9140,24,17,2023-07-29 15:53:22.123000+00:00
9140,63,13,2023-07-29 15:53:23.311000+00:00
9140,23,12,2023-07-29 15:53:23.311000+00:00
9140,2,14,2023-07-29 15:53:23.311000+00:00
9140,14,15,2023-07-29 15:53:23.311000+00:00
9140,22,16,2023-07-29 15:53:23.311000+00:00
9140,20,17,2023-07-29 15:53:23.311000+00:00
9140,24,18,2023-07-29 15:53:23.311000+00:00
9140,2,15,2023-07-29 15:53:24.186000+00:00
9140,14,16,2023-07-29 15:53:24.186000+00:00
9140,22,17,2023-07-29 15:53:24.186000+00:00
9140,77,14,2023-07-29 15:53:24.186000+00:00
9140,20,18,2023-07-29 15:53:24.186000+00:00
9140,24,19,2023-07-29 15:53:24.186000+00:00
9140,2,16,2023-07-29 15:53:24.998000+00:00
9140,14,17,2023-07-29 15:53:24.998000+00:00
9140,22,18,2023-07-29 15:53:24.998000+00:00
9140,20,19,2023-07-29 15:53:24.998000+00:00
9140,24,20,2023-07-29 15:53:24.998000+00:00
9140,27,15,2023-07-29 15:53:24.998000+00:00
9140,2,17,2023-07-29 15:53:26.436000+00:00
9140,14,16,2023-07-29 15:53:26.436000+00:00
9140,4,8,2023-07-29 15:53:27.326000+00:00
9140,3,9,2023-07-29 15:53:27.326000+00:00
9140,31,9,2023-07-29 15:53:27.951000+00:00
9140,3,10,2023-07-29 15:53:27.951000+00:00
9140,63,12,2023-07-29 15:53:29.795000+00:00
9140,23,13,2023-07-29 15:53:29.795000+00:00
9140,14,15,2023-07-29 15:53:32.029000+00:00
9140,27,16,2023-07-29 15:53:32.029000+00:00
9140,31,10,2023-07-29 15:53:32.639000+00:00
9140,3,9,2023-07-29 15:53:32.639000+00:00
9140,14,16,2023-07-29 15:53:58.857000+00:00
9140,27,15,2023-07-29 15:53:58.857000+00:00
9140,2,16,2023-07-29 15:56:42.418000+00:00
9140,14,17,2023-07-29 15:56:42.418000+00:00
9140,14,18,2023-07-29 15:56:44.152000+00:00
9140,22,17,2023-07-29 15:56:44.152000+00:00
9140,14,19,2023-07-29 15:56:44.949000+00:00
9140,20,18,2023-07-29 15:56:44.949000+00:00
9140,14,20,2023-07-29 15:56:50.793000+00:00
9140,24,19,2023-07-29 15:56:50.793000+00:00
9140,22,18,2023-07-29 16:03:35.038000+00:00
9140,20,17,2023-07-29 16:03:35.038000+00:00
9140,22,19,2023-07-29 16:03:35.226000+00:00
9140,24,18,2023-07-29 16:03:35.226000+00:00
9140,1,1,2023-07-29 16:03:59.882000+00:00
9140,81,2,2023-07-29 16:03:59.882000+00:00
9140,63,13,2023-07-29 16:04:11.116000+00:00
9140,23,11,2023-07-29 16:04:11.116000+00:00
9140,18,12,2023-07-29 16:04:11.116000+00:00
9140,63,12,2023-07-29 16:04:11.179000+00:00
9140,18,13,2023-07-29 16:04:11.179000+00:00
9140,63,13,2023-07-29 16:04:15.210000+00:00
9140,23,12,2023-07-29 16:04:15.210000+00:00
9140,18,11,2023-07-29 16:04:15.210000+00:00
9140,63,12,2023-07-29 16:04:15.507000+00:00
9140,23,13,2023-07-29 16:04:15.507000+00:00
9140,44,4,2023-07-29 16:05:40.646000+00:00
9140,11,5,2023-07-29 16:05:40.646000+00:00
9140,63,11,2023-07-29 16:05:52.552000+00:00
9140,18,12,2023-07-29 16:05:52.552000+00:00
9140,55,5,2023-07-29 16:05:52.802000+00:00
9140,11,6,2023-07-29 16:05:52.802000+00:00
9140,16,6,2023-07-29 16:06:14.208000+00:00
9140,11,7,2023-07-29 16:06:14.208000+00:00
9140,4,7,2023-07-29 16:07:08.536000+00:00
9140,11,8,2023-07-29 16:07:08.536000+00:00
9140,11,9,2023-07-29 16:07:09.427000+00:00
9140,3,8,2023-07-29 16:07:09.427000+00:00
9140,11,10,2023-07-29 16:07:09.786000+00:00
9140,31,9,2023-07-29 16:07:09.786000+00:00
9140,11,11,2023-07-29 16:07:10.317000+00:00
9140,63,10,2023-07-29 16:07:10.317000+00:00
9140,11,12,2023-07-29 16:07:11.364000+00:00
9140,18,11,2023-07-29 16:07:11.364000+00:00
9140,11,13,2023-07-29 16:07:19.442000+00:00
9140,23,12,2023-07-29 16:07:19.442000+00:00
9140,11,14,2023-07-29 16:07:19.833000+00:00
9140,77,13,2023-07-29 16:07:19.833000+00:00
9140,11,15,2023-07-29 16:07:21.161000+00:00
9140,27,14,2023-07-29 16:07:21.161000+00:00
9140,11,16,2023-07-29 16:07:27.833000+00:00
9140,2,15,2023-07-29 16:07:27.833000+00:00
9140,11,17,2023-07-29 16:08:27.113000+00:00
9140,20,16,2023-07-29 16:08:27.113000+00:00
9140,2,14,2023-07-29 16:09:26.878000+00:00
9140,27,15,2023-07-29 16:09:26.878000+00:00
9140,20,15,2023-07-29 16:09:29.863000+00:00
9140,27,16,2023-07-29 16:09:29.863000+00:00
9140,31,10,2023-07-29 16:09:46.222000+00:00
9140,63,9,2023-07-29 16:09:46.222000+00:00
9140,11,18,2023-07-29 16:09:56.628000+00:00
9140,24,17,2023-07-29 16:09:56.628000+00:00
9140,11,19,2023-07-29 16:09:57.956000+00:00
9140,22,18,2023-07-29 16:09:57.956000+00:00
9140,63,8,2023-07-29 16:11:48.908000+00:00
9140,3,9,2023-07-29 16:11:48.908000+00:00
9140,24,16,2023-07-29 16:14:01.344000+00:00
9140,27,17,2023-07-29 16:14:01.344000+00:00
9140,31,9,2023-07-29 16:15:41.202000+00:00
9140,3,10,2023-07-29 16:15:41.202000+00:00
9140,55,4,2023-07-29 16:16:02.374000+00:00
9140,16,5,2023-07-29 16:16:02.374000+00:00
9140,4,6,2023-07-29 16:16:02.374000+00:00
9140,44,7,2023-07-29 16:16:02.374000+00:00
9140,2,17,2023-07-29 16:16:02.374000+00:00
9140,20,14,2023-07-29 16:16:02.374000+00:00
9140,24,15,2023-07-29 16:16:02.374000+00:00
9140,27,16,2023-07-29 16:16:02.374000+00:00
9140,2,14,2023-07-29 16:16:09.030000+00:00
9140,20,15,2023-07-29 16:16:09.030000+00:00
9140,24,16,2023-07-29 16:16:09.030000+00:00
9140,27,17,2023-07-29 16:16:09.030000+00:00
9140,2,15,2023-07-29 16:16:09.436000+00:00
9140,20,14,2023-07-29 16:16:09.436000+00:00
9140,2,16,2023-07-29 16:16:12.780000+00:00
9140,24,15,2023-07-29 16:16:12.780000+00:00
9141,16,1,2023-07-30 12:01:04.702000+00:00
9141,11,2,2023-07-30 12:01:04.702000+00:00
9141,44,3,2023-07-30 12:01:04.702000+00:00
9141,55,4,2023-07-30 12:01:04.702000+00:00
9141,81,5,2023-07-30 12:01:04.702000+00:00
9141,1,6,2023-07-30 12:01:04.702000+00:00
9141,4,7,2023-07-30 12:01:04.702000+00:00
9141,63,8,2023-07-30 12:01:04.702000+00:00
9141,14,9,2023-07-30 12:01:04.702000+00:00
9141,18,10,2023-07-30 12:01:04.702000+00:00
9141,22,11,2023-07-30 12:01:04.702000+00:00
9141,10,12,2023-07-30 12:01:04.702000+00:00
9141,77,13,2023-07-30 12:01:04.702000+00:00
9141,31,14,2023-07-30 12:01:04.702000+00:00
9141,23,15,2023-07-30 12:01:04.702000+00:00
9141,20,16,2023-07-30 12:01:04.702000+00:00
9141,24,17,2023-07-30 12:01:04.702000+00:00
9141,2,18,2023-07-30 12:01:04.702000+00:00
9141,3,19,2023-07-30 12:01:04.702000+00:00
9141,27,20,2023-07-30 12:01:04.702000+00:00
9141,18,12,2023-07-30 13:04:01.551000+00:00
9141,10,10,2023-07-30 13:04:01.551000+00:00
9141,77,14,2023-07-30 13:04:01.926000+00:00
9141,31,15,2023-07-30 13:04:01.926000+00:00
9141,23,13,2023-07-30 13:04:01.926000+00:00
9141,81,6,2023-07-30 13:04:05.129000+00:00
9141,1,5,2023-07-30 13:04:05.129000+00:00
9141,22,10,2023-07-30 13:04:05.879000+00:00
9141,10,11,2023-07-30 13:04:05.879000+00:00
9141,77,15,2023-07-30 13:04:06.488000+00:00
9141,31,14,2023-07-30 13:04:06.488000+00:00
9141,81,7,2023-07-30 13:04:08.973000+00:00
9141,4,6,2023-07-30 13:04:08.973000+00:00
9141,81,8,2023-07-30 13:04:09.176000+00:00
9141,63,9,2023-07-30 13:04:09.176000+00:00
9141,14,7,2023-07-30 13:04:09.176000+00:00
9141,81,9,2023-07-30 13:04:09.613000+00:00
9141,63,10,2023-07-30 13:04:09.613000+00:00
9141,22,8,2023-07-30 13:04:09.613000+00:00
9141,81,10,2023-07-30 13:04:09.863000+00:00
9141,63,11,2023-07-30 13:04:09.863000+00:00
9141,18,9,2023-07-30 13:04:09.863000+00:00
9141,10,12,2023-07-30 13:04:09.863000+00:00
9141,81,11,2023-07-30 13:04:10.019000+00:00
9141,63,10,2023-07-30 13:04:10.019000+00:00
9141,81,12,2023-07-30 13:04:10.301000+00:00
9141,10,13,2023-07-30 13:04:10.301000+00:00
9141,23,11,2023-07-30 13:04:10.301000+00:00
9141,81,13,2023-07-30 13:04:10.519000+00:00
9141,10,14,2023-07-30 13:04:10.519000+00:00
9141,77,12,2023-07-30 13:04:10.519000+00:00
9141,31,15,2023-07-30 13:04:10.519000+00:00
9141,10,15,2023-07-30 13:04:10.691000+00:00
9141,31,14,2023-07-30 13:04:10.691000+00:00
9141,20,17,2023-07-30 13:04:10.910000+00:00
9141,24,16,2023-07-30 13:04:10.910000+00:00
9141,81,14,2023-07-30 13:04:13.738000+00:00
9141,31,13,2023-07-30 13:04:13.738000+00:00
9141,81,15,2023-07-30 13:04:13.973000+00:00
9141,10,16,2023-07-30 13:04:13.973000+00:00
9141,24,14,2023-07-30 13:04:13.973000+00:00
9141,81,16,2023-07-30 13:04:14.426000+00:00
9141,10,17,2023-07-30 13:04:14.426000+00:00
9141,20,18,2023-07-30 13:04:14.426000+00:00
9141,2,15,2023-07-30 13:04:14.426000+00:00
9141,81,17,2023-07-30 13:04:14.816000+00:00
9141,10,16,2023-07-30 13:04:14.816000+00:00
9141,81,18,2023-07-30 13:04:15.035000+00:00
9141,20,17,2023-07-30 13:04:15.035000+00:00
9141,81,19,2023-07-30 13:04:15.426000+00:00
9141,3,18,2023-07-30 13:04:15.426000+00:00
9141,81,20,2023-07-30 13:04:15.832000+00:00
9141,27,19,2023-07-30 13:04:15.832000+00:00
9141,4,7,2023-07-30 13:04:18.191000+00:00
9141,14,6,2023-07-30 13:04:18.191000+00:00
9141,3,19,2023-07-30 13:04:19.519000+00:00
9141,27,18,2023-07-30 13:04:19.519000+00:00
9141,16,2,2023-07-30 13:04:20.348000+00:00
9141,11,1,2023-07-30 13:04:20.348000+00:00
9141,63,11,2023-07-30 13:04:23.676000+00:00
9141,23,10,2023-07-30 13:04:23.676000+00:00
9141,31,14,2023-07-30 13:04:24.847000+00:00
9141,24,13,2023-07-30 13:04:24.847000+00:00
9141,55,5,2023-07-30 13:04:25.222000+00:00
9141,1,4,2023-07-30 13:04:25.222000+00:00
9141,31,13,2023-07-30 13:04:28.754000+00:00
9141,24,14,2023-07-30 13:04:28.754000+00:00
9141,20,18,2023-07-30 13:05:44.237000+00:00
9141,27,17,2023-07-30 13:05:44.237000+00:00
9141,31,14,2023-07-30 13:05:52.534000+00:00
9141,24,13,2023-07-30 13:05:52.534000+00:00
9141,31,13,2023-07-30 13:05:59.284000+00:00
9141,24,14,2023-07-30 13:05:59.284000+00:00
9141,18,10,2023-07-30 13:06:18.206000+00:00
9141,23,9,2023-07-30 13:06:18.206000+00:00
9141,31,14,2023-07-30 13:06:19.752000+00:00
9141,24,13,2023-07-30 13:06:19.752000+00:00
9141,31,13,2023-07-30 13:06:23.690000+00:00
9141,24,14,2023-07-30 13:06:23.690000+00:00
9141,4,8,2023-07-30 13:08:08.032000+00:00
9141,22,7,2023-07-30 13:08:08.032000+00:00
9141,24,15,2023-07-30 13:08:11.751000+00:00
9141,2,14,2023-07-30 13:08:11.751000+00:00
9141,77,13,2023-07-30 13:08:18.282000+00:00
9141,31,12,2023-07-30 13:08:18.282000+00:00
9141,10,17,2023-07-30 13:08:20.189000+00:00
9141,27,16,2023-07-30 13:08:20.189000+00:00
9141,10,16,2023-07-30 13:08:25.470000+00:00
9141,27,17,2023-07-30 13:08:25.470000+00:00
9141,4,9,2023-07-30 13:10:02.625000+00:00
9141,23,8,2023-07-30 13:10:02.625000+00:00
9141,55,6,2023-07-30 13:10:05.047000+00:00
9141,14,5,2023-07-30 13:10:05.047000+00:00
9141,77,14,2023-07-30 13:10:13.328000+00:00
9141,2,13,2023-07-30 13:10:13.328000+00:00
9141,4,10,2023-07-30 13:11:25.358000+00:00
9141,18,9,2023-07-30 13:11:25.358000+00:00
9141,4,11,2023-07-30 13:11:42.546000+00:00
9141,63,10,2023-07-30 13:11:42.546000+00:00
9141,63,9,2023-07-30 13:11:58.889000+00:00
9141,18,10,2023-07-30 13:11:58.889000+00:00
9141,63,10,2023-07-30 13:11:58.920000+00:00
9141,18,9,2023-07-30 13:11:58.920000+00:00
9141,63,9,2023-07-30 13:12:02.983000+00:00
9141,18,10,2023-07-30 13:12:02.983000+00:00
9141,55,7,2023-07-30 13:12:05.139000+00:00
9141,22,6,2023-07-30 13:12:05.139000+00:00
9141,63,10,2023-07-30 13:12:06.514000+00:00
9141,18,9,2023-07-30 13:12:06.514000+00:00
9141,10,15,2023-07-30 13:12:09.420000+00:00
9141,24,16,2023-07-30 13:12:09.420000+00:00
9141,55,8,2023-07-30 13:13:20.170000+00:00
9141,23,7,2023-07-30 13:13:20.170000+00:00
9141,4,12,2023-07-30 13:13:27.935000+00:00
9141,31,11,2023-07-30 13:13:27.935000+00:00
9141,4,13,2023-07-30 13:13:28.482000+00:00
9141,2,12,2023-07-30 13:13:28.482000+00:00
9141,4,14,2023-07-30 13:13:28.826000+00:00
9141,77,13,2023-07-30 13:13:28.826000+00:00
9141,4,15,2023-07-30 13:13:29.482000+00:00
9141,10,14,2023-07-30 13:13:29.482000+00:00
9141,4,16,2023-07-30 13:13:29.810000+00:00
9141,24,15,2023-07-30 13:13:29.810000+00:00
9141,4,17,2023-07-30 13:13:30.373000+00:00
9141,27,16,2023-07-30 13:13:30.373000+00:00
9141,44,4,2023-07-30 13:13:47.779000+00:00
9141,1,3,2023-07-30 13:13:47.779000+00:00
9141,20,19,2023-07-30 13:13:54.607000+00:00
9141,3,18,2023-07-30 13:13:54.607000+00:00
9141,20,18,2023-07-30 13:14:21.372000+00:00
9141,3,19,2023-07-30 13:14:21.372000+00:00
9141,55,9,2023-07-30 13:14:41.575000+00:00
9141,18,8,2023-07-30 13:14:41.575000+00:00
9141,55,10,2023-07-30 13:15:17.465000+00:00
9141,63,9,2023-07-30 13:15:17.465000+00:00
9141,31,12,2023-07-30 13:15:24.387000+00:00
9141,2,11,2023-07-30 13:15:24.387000+00:00
9141,10,12,2023-07-30 13:15:25.106000+00:00
9141,77,14,2023-07-30 13:15:25.106000+00:00
9141,31,13,2023-07-30 13:15:25.106000+00:00
9141,77,15,2023-07-30 13:15:25.668000+00:00
9141,31,14,2023-07-30 13:15:25.668000+00:00
9141,24,13,2023-07-30 13:15:25.668000+00:00
9141,77,16,2023-07-30 13:15:26.293000+00:00
9141,31,15,2023-07-30 13:15:26.293000+00:00
9141,27,14,2023-07-30 13:15:26.293000+00:00
9141,4,15,2023-07-30 13:15:45.496000+00:00
9141,77,17,2023-07-30 13:15:45.496000+00:00
9141,31,16,2023-07-30 13:15:45.496000+00:00
9141,77,18,2023-07-30 13:15:45.980000+00:00
9141,31,17,2023-07-30 13:15:45.980000+00:00
9141,20,16,2023-07-30 13:15:45.980000+00:00
9141,77,19,2023-07-30 13:15:47.402000+00:00
9141,3,18,2023-07-30 13:15:47.402000+00:00
9141,77,18,2023-07-30 13:15:53.871000+00:00
9141,3,19,2023-07-30 13:15:53.871000+00:00
9141,77,19,2023-07-30 13:15:58.262000+00:00
9141,3,18,2023-07-30 13:15:58.262000+00:00
9141,4,16,2023-07-30 13:16:08.855000+00:00
9141,20,15,2023-07-30 13:16:08.855000+00:00
9141,55,11,2023-07-30 13:17:00.136000+00:00
9141,2,10,2023-07-30 13:17:00.136000+00:00
9141,55,12,2023-07-30 13:17:14.745000+00:00
9141,10,11,2023-07-30 13:17:14.745000+00:00
9141,18,7,2023-07-30 13:17:16.042000+00:00
9141,23,8,2023-07-30 13:17:16.042000+00:00
9141,63,8,2023-07-30 13:17:16.730000+00:00
9141,23,9,2023-07-30 13:17:16.730000+00:00
9141,55,13,2023-07-30 13:17:21.870000+00:00
9141,24,14,2023-07-30 13:17:21.870000+00:00
9141,27,12,2023-07-30 13:17:21.870000+00:00
9141,23,10,2023-07-30 13:17:24.370000+00:00
9141,2,9,2023-07-30 13:17:24.370000+00:00
9141,10,10,2023-07-30 13:17:25.026000+00:00
9141,23,11,2023-07-30 13:17:25.026000+00:00
9141,23,12,2023-07-30 13:17:26.479000+00:00
9141,27,11,2023-07-30 13:17:26.479000+00:00
9141,55,14,2023-07-30 13:17:37.557000+00:00
9141,23,13,2023-07-30 13:17:37.557000+00:00
9141,20,12,2023-07-30 13:17:37.557000+00:00
9141,24,15,2023-07-30 13:17:37.557000+00:00
9141,55,15,2023-07-30 13:17:38.307000+00:00
9141,4,13,2023-07-30 13:17:38.307000+00:00
9141,23,14,2023-07-30 13:17:38.307000+00:00
9141,24,16,2023-07-30 13:17:38.307000+00:00
9141,55,16,2023-07-30 13:17:38.745000+00:00
9141,31,14,2023-07-30 13:17:38.745000+00:00
9141,23,15,2023-07-30 13:17:38.745000+00:00
9141,24,17,2023-07-30 13:17:38.745000+00:00
9141,55,17,2023-07-30 13:17:39.854000+00:00
9141,24,18,2023-07-30 13:17:39.854000+00:00
9141,3,16,2023-07-30 13:17:39.854000+00:00
9141,55,18,2023-07-30 13:17:40.198000+00:00
9141,77,17,2023-07-30 13:17:40.198000+00:00
9141,24,19,2023-07-30 13:17:40.198000+00:00
9141,31,15,2023-07-30 13:17:45.151000+00:00
9141,23,14,2023-07-30 13:17:45.151000+00:00
9141,31,14,2023-07-30 13:17:49.588000+00:00
9141,23,15,2023-07-30 13:17:49.588000+00:00
9141,4,14,2023-07-30 13:18:01.635000+00:00
9141,31,13,2023-07-30 13:18:01.635000+00:00
9141,4,15,2023-07-30 13:18:05.635000+00:00
9141,31,14,2023-07-30 13:18:05.635000+00:00
9141,23,13,2023-07-30 13:18:05.635000+00:00
9141,10,9,2023-07-30 13:19:14.525000+00:00
9141,2,10,2023-07-30 13:19:14.525000+00:00
9141,2,11,2023-07-30 13:19:16.634000+00:00
9141,27,10,2023-07-30 13:19:16.634000+00:00
9141,16,3,2023-07-30 13:19:24.650000+00:00
9141,1,2,2023-07-30 13:19:24.650000+00:00
9141,20,11,2023-07-30 13:19:30.244000+00:00
9141,2,12,2023-07-30 13:19:30.244000+00:00
9141,23,12,2023-07-30 13:19:30.478000+00:00
9141,2,13,2023-07-30 13:19:30.478000+00:00
9141,31,13,2023-07-30 13:19:31.165000+00:00
9141,2,14,2023-07-30 13:19:31.165000+00:00
9141,4,14,2023-07-30 13:19:32.103000+00:00
9141,2,15,2023-07-30 13:19:32.103000+00:00
9141,2,16,2023-07-30 13:19:32.744000+00:00
9141,3,15,2023-07-30 13:19:32.744000+00:00
9141,77,16,2023-07-30 13:19:33.119000+00:00
9141,2,17,2023-07-30 13:19:33.119000+00:00
9141,55,17,2023-07-30 13:19:35.978000+00:00
9141,2,18,2023-07-30 13:19:35.978000+00:00
9141,24,18,2023-07-30 13:19:37.259000+00:00
9141,2,19,2023-07-30 13:19:37.259000+00:00
9141,24,19,2023-07-30 13:19:43.853000+00:00
9141,2,18,2023-07-30 13:19:43.853000+00:00
9141,24,18,2023-07-30 13:19:48.197000+00:00
9141,2,19,2023-07-30 13:19:48.197000+00:00
9141,23,11,2023-07-30 13:19:53.556000+00:00
9141,20,12,2023-07-30 13:19:53.556000+00:00
9141,18,6,2023-07-30 13:21:08.289000+00:00
9141,22,7,2023-07-30 13:21:08.289000+00:00
9141,63,7,2023-07-30 13:21:09.039000+00:00
9141,22,8,2023-07-30 13:21:09.039000+00:00
9141,10,8,2023-07-30 13:21:12.461000+00:00
9141,22,9,2023-07-30 13:21:12.461000+00:00
9141,22,10,2023-07-30 13:21:16.524000+00:00
9141,27,9,2023-07-30 13:21:16.524000+00:00
9141,22,11,2023-07-30 13:21:49.086000+00:00
9141,23,10,2023-07-30 13:21:49.086000+00:00
9141,31,12,2023-07-30 13:21:51.430000+00:00
9141,20,13,2023-07-30 13:21:51.430000+00:00
9141,4,15,2023-07-30 13:21:57.086000+00:00
9141,3,14,2023-07-30 13:21:57.086000+00:00
9141,14,6,2023-07-30 13:23:02.194000+00:00
9141,18,5,2023-07-30 13:23:02.194000+00:00
9141,63,6,2023-07-30 13:23:03.163000+00:00
9141,14,7,2023-07-30 13:23:03.163000+00:00
9141,14,8,2023-07-30 13:23:06.054000+00:00
9141,10,7,2023-07-30 13:23:06.054000+00:00
9141,14,9,2023-07-30 13:23:11.194000+00:00
9141,27,8,2023-07-30 13:23:11.194000+00:00
9141,14,8,2023-07-30 13:23:17.163000+00:00
9141,27,9,2023-07-30 13:23:17.163000+00:00
9141,14,9,2023-07-30 13:23:38.600000+00:00
9141,27,8,2023-07-30 13:23:38.600000+00:00
9141,22,10,2023-07-30 13:23:44.897000+00:00
9141,23,11,2023-07-30 13:23:44.897000+00:00
9141,55,18,2023-07-30 13:23:50.459000+00:00
9141,24,17,2023-07-30 13:23:50.459000+00:00
9141,14,8,2023-07-30 13:25:33.161000+00:00
9141,27,9,2023-07-30 13:25:33.161000+00:00
9141,44,5,2023-07-30 13:26:50.129000+00:00
9141,18,4,2023-07-30 13:26:50.129000+00:00
9141,44,4,2023-07-30 13:26:56.285000+00:00
9141,18,5,2023-07-30 13:26:56.285000+00:00
9141,22,9,2023-07-30 13:26:56.504000+00:00
9141,27,10,2023-07-30 13:26:56.504000+00:00
9141,55,19,2023-07-30 13:26:56.676000+00:00
9141,2,18,2023-07-30 13:26:56.676000+00:00
9141,23,10,2023-07-30 13:26:57.457000+00:00
9141,27,11,2023-07-30 13:26:57.457000+00:00
9141,31,11,2023-07-30 13:26:58.286000+00:00
9141,27,12,2023-07-30 13:26:58.286000+00:00
9141,55,18,2023-07-30 13:27:03.160000+00:00
9141,2,19,2023-07-30 13:27:03.160000+00:00
9141,20,12,2023-07-30 13:27:05.410000+00:00
9141,27,13,2023-07-30 13:27:05.410000+00:00
9141,3,13,2023-07-30 13:27:06.098000+00:00
9141,27,14,2023-07-30 13:27:06.098000+00:00
9141,4,14,2023-07-30 13:27:06.770000+00:00
9141,27,15,2023-07-30 13:27:06.770000+00:00
9141,77,15,2023-07-30 13:27:07.348000+00:00
9141,27,16,2023-07-30 13:27:07.348000+00:00
9141,24,16,2023-07-30 13:27:09.379000+00:00
9141,27,17,2023-07-30 13:27:09.379000+00:00
9141,55,17,2023-07-30 13:27:13.410000+00:00
9141,27,18,2023-07-30 13:27:13.410000+00:00
9141,2,18,2023-07-30 13:27:14.410000+00:00
9141,27,19,2023-07-30 13:27:14.410000+00:00
9141,11,2,2023-07-30 13:28:12.097000+00:00
9141,1,1,2023-07-30 13:28:12.097000+00:00
9141,4,15,2023-07-30 13:29:28.393000+00:00
9141,77,14,2023-07-30 13:29:28.393000+00:00
9141,11,1,2023-07-30 13:30:25.158000+00:00
9141,1,2,2023-07-30 13:30:25.158000+00:00
9141,14,7,2023-07-30 13:31:08.845000+00:00
9141,10,8,2023-07-30 13:31:08.845000+00:00
9141,63,7,2023-07-30 13:32:25.032000+00:00
9141,14,6,2023-07-30 13:32:25.032000+00:00
9141,14,5,2023-07-30 13:33:02.297000+00:00
9141,18,6,2023-07-30 13:33:02.297000+00:00
9141,4,16,2023-07-30 13:33:15.250000+00:00
9141,24,15,2023-07-30 13:33:15.250000+00:00
9141,55,18,2023-07-30 13:33:26.594000+00:00
9141,2,17,2023-07-30 13:33:26.594000+00:00
9141,55,19,2023-07-30 13:33:30.703000+00:00
9141,27,18,2023-07-30 13:33:30.703000+00:00
9141,31,10,2023-07-30 13:33:53.640000+00:00
9141,23,11,2023-07-30 13:33:53.640000+00:00
9141,11,2,2023-07-30 13:34:31.702000+00:00
9141,1,1,2023-07-30 13:34:31.702000+00:00
9141,63,6,2023-07-30 13:34:57.671000+00:00
9141,18,7,2023-07-30 13:34:57.671000+00:00
9141,4,17,2023-07-30 13:36:48.420000+00:00
9141,2,16,2023-07-30 13:36:48.420000+00:00
9141,4,18,2023-07-30 13:36:48.545000+00:00
9141,27,17,2023-07-30 13:36:48.545000+00:00
9141,55,18,2023-07-30 13:36:52.763000+00:00
9141,4,19,2023-07-30 13:36:52.763000+00:00
9141,2,17,2023-07-30 13:37:11.701000+00:00
9141,27,16,2023-07-30 13:37:11.701000+00:00
9141,18,8,2023-07-30 13:38:49.074000+00:00
9141,10,7,2023-07-30 13:38:49.074000+00:00
9141,55,19,2023-07-30 13:40:00.199000+00:00
9141,4,18,2023-07-30 13:40:00.199000+00:00
9141,18,9,2023-07-30 13:40:25.152000+00:00
9141,22,8,2023-07-30 13:40:25.152000+00:00
9141,18,10,2023-07-30 13:42:14.916000+00:00
9141,31,9,2023-07-30 13:42:14.916000+00:00
9141,55,18,2023-07-30 13:42:15.791000+00:00
9141,81,19,2023-07-30 13:42:15.791000+00:00
9141,4,17,2023-07-30 13:42:15.791000+00:00
9141,18,20,2023-07-30 13:42:15.791000+00:00
9141,77,13,2023-07-30 13:42:15.791000+00:00
9141,23,10,2023-07-30 13:42:15.791000+00:00
9141,20,11,2023-07-30 13:42:15.791000+00:00
9141,24,14,2023-07-30 13:42:15.791000+00:00
9141,2,16,2023-07-30 13:42:15.791000+00:00
9141,3,12,2023-07-30 13:42:15.791000+00:00
9141,27,15,2023-07-30 13:42:15.791000+00:00
9141,55,19,2023-07-30 13:42:15.838000+00:00
9141,81,20,2023-07-30 13:42:15.838000+00:00
9141,4,18,2023-07-30 13:42:15.838000+00:00
9141,18,11,2023-07-30 13:42:15.838000+00:00
9141,77,14,2023-07-30 13:42:15.838000+00:00
9141,20,12,2023-07-30 13:42:15.838000+00:00
9141,24,15,2023-07-30 13:42:15.838000+00:00
9141,2,17,2023-07-30 13:42:15.838000+00:00
9141,3,13,2023-07-30 13:42:15.838000+00:00
9141,27,16,2023-07-30 13:42:15.838000+00:00
9141,18,12,2023-07-30 13:42:23.541000+00:00
9141,20,11,2023-07-30 13:42:23.541000+00:00
9141,18,13,2023-07-30 13:42:24.447000+00:00
9141,3,12,2023-07-30 13:42:24.447000+00:00
9141,18,14,2023-07-30 13:42:25.213000+00:00
9141,77,13,2023-07-30 13:42:25.213000+00:00
9141,4,17,2023-07-30 13:42:25.869000+00:00
9141,2,18,2023-07-30 13:42:25.869000+00:00
9141,18,15,2023-07-30 13:42:27.400000+00:00
9141,24,14,2023-07-30 13:42:27.400000+00:00
9141,4,18,2023-07-30 13:42:29.135000+00:00
9141,2,17,2023-07-30 13:42:29.135000+00:00
9141,18,16,2023-07-30 13:42:29.588000+00:00
9141,27,15,2023-07-30 13:42:29.588000+00:00
9141,18,17,2023-07-30 13:42:33.697000+00:00
9141,2,16,2023-07-30 13:42:33.697000+00:00
9141,4,17,2023-07-30 13:42:35.900000+00:00
9141,18,18,2023-07-30 13:42:35.900000+00:00
9141,31,10,2023-07-30 13:44:43.367000+00:00
9141,23,9,2023-07-30 13:44:43.367000+00:00
9141,77,12,2023-07-30 13:44:50.008000+00:00
9141,3,13,2023-07-30 13:44:50.008000+00:00
9141,4,16,2023-07-30 13:45:17.742000+00:00
9141,2,17,2023-07-30 13:45:17.742000+00:00
9141,63,7,2023-07-30 13:46:03.460000+00:00
9141,10,6,2023-07-30 13:46:03.460000+00:00
9141,63,8,2023-07-30 13:46:03.867000+00:00
9141,22,7,2023-07-30 13:46:03.867000+00:00
9141,24,13,2023-07-30 13:46:11.585000+00:00
9141,3,14,2023-07-30 13:46:11.585000+00:00
9141,63,9,2023-07-30 13:46:12.070000+00:00
9141,23,8,2023-07-30 13:46:12.070000+00:00
9141,3,15,2023-07-30 13:46:12.132000+00:00
9141,27,14,2023-07-30 13:46:12.132000+00:00
9141,63,10,2023-07-30 13:46:13.195000+00:00
9141,31,9,2023-07-30 13:46:13.195000+00:00
9141,63,11,2023-07-30 13:46:16.460000+00:00
9141,20,10,2023-07-30 13:46:16.460000+00:00
9141,63,12,2023-07-30 13:46:18.554000+00:00
9141,77,11,2023-07-30 13:46:18.554000+00:00
9141,4,15,2023-07-30 13:46:18.835000+00:00
9141,3,16,2023-07-30 13:46:18.835000+00:00
9141,2,16,2023-07-30 13:46:20.507000+00:00
9141,3,17,2023-07-30 13:46:20.507000+00:00
9141,63,13,2023-07-30 13:46:21.929000+00:00
9141,24,12,2023-07-30 13:46:21.929000+00:00
9141,63,14,2023-07-30 13:46:22.257000+00:00
9141,27,13,2023-07-30 13:46:22.257000+00:00
9141,4,14,2023-07-30 13:46:23.460000+00:00
9141,63,15,2023-07-30 13:46:23.460000+00:00
9141,18,17,2023-07-30 13:46:31.366000+00:00
9141,3,18,2023-07-30 13:46:31.366000+00:00
9141,22,6,2023-07-30 13:46:36.272000+00:00
9141,10,7,2023-07-30 13:46:36.272000+00:00
9141,55,18,2023-07-30 13:46:41.101000+00:00
9141,3,19,2023-07-30 13:46:41.101000+00:00
9141,63,16,2023-07-30 13:46:45.382000+00:00
9141,2,15,2023-07-30 13:46:45.382000+00:00
9141,24,13,2023-07-30 13:46:49.632000+00:00
9141,27,12,2023-07-30 13:46:49.632000+00:00
9141,4,13,2023-07-30 13:47:31.787000+00:00
9141,24,14,2023-07-30 13:47:31.787000+00:00
9141,63,15,2023-07-30 13:47:43.412000+00:00
9141,2,16,2023-07-30 13:47:43.412000+00:00
9141,10,8,2023-07-30 13:48:03.522000+00:00
9141,31,7,2023-07-30 13:48:03.522000+00:00
9141,23,9,2023-07-30 13:48:03.522000+00:00
9141,23,10,2023-07-30 13:48:06.537000+00:00
9141,20,9,2023-07-30 13:48:06.537000+00:00
9141,10,9,2023-07-30 13:48:11.178000+00:00
9141,20,8,2023-07-30 13:48:11.178000+00:00
9141,10,10,2023-07-30 13:48:13.209000+00:00
9141,77,9,2023-07-30 13:48:13.209000+00:00
9141,23,11,2023-07-30 13:48:13.209000+00:00
9141,10,11,2023-07-30 13:48:15.537000+00:00
9141,23,12,2023-07-30 13:48:15.537000+00:00
9141,27,10,2023-07-30 13:48:15.537000+00:00
9141,4,11,2023-07-30 13:48:15.912000+00:00
9141,10,12,2023-07-30 13:48:15.912000+00:00
9141,23,13,2023-07-30 13:48:15.912000+00:00
9141,10,13,2023-07-30 13:48:17.693000+00:00
9141,23,14,2023-07-30 13:48:17.693000+00:00
9141,24,12,2023-07-30 13:48:17.693000+00:00
9141,63,13,2023-07-30 13:48:18.459000+00:00
9141,10,14,2023-07-30 13:48:18.459000+00:00
9141,23,15,2023-07-30 13:48:18.459000+00:00
9141,10,15,2023-07-30 13:48:19.834000+00:00
9141,23,16,2023-07-30 13:48:19.834000+00:00
9141,2,14,2023-07-30 13:48:19.834000+00:00
9141,18,15,2023-07-30 13:48:22.803000+00:00
9141,10,16,2023-07-30 13:48:22.803000+00:00
9141,23,17,2023-07-30 13:48:22.803000+00:00
9141,10,17,2023-07-30 13:48:26.318000+00:00
9141,23,16,2023-07-30 13:48:26.318000+00:00
9141,55,19,2023-07-30 13:48:27.615000+00:00
9141,3,18,2023-07-30 13:48:27.615000+00:00
9141,63,12,2023-07-30 13:48:45.115000+00:00
9141,24,13,2023-07-30 13:48:45.115000+00:00
9141,22,7,2023-07-30 13:50:01.755000+00:00
9141,31,6,2023-07-30 13:50:01.755000+00:00
9141,4,9,2023-07-30 13:50:04.223000+00:00
9141,77,10,2023-07-30 13:50:04.223000+00:00
9141,27,11,2023-07-30 13:50:04.223000+00:00
9141,55,18,2023-07-30 13:50:04.739000+00:00
9141,81,19,2023-07-30 13:50:04.739000+00:00
9141,63,10,2023-07-30 13:50:04.739000+00:00
9141,18,14,2023-07-30 13:50:04.739000+00:00
9141,10,16,2023-07-30 13:50:04.739000+00:00
9141,77,11,2023-07-30 13:50:04.739000+00:00
9141,23,15,2023-07-30 13:50:04.739000+00:00
9141,24,12,2023-07-30 13:50:04.739000+00:00
9141,2,13,2023-07-30 13:50:04.739000+00:00
9141,3,17,2023-07-30 13:50:04.739000+00:00
9141,27,20,2023-07-30 13:50:04.739000+00:00
9141,55,19,2023-07-30 13:50:04.770000+00:00
9141,81,20,2023-07-30 13:50:04.770000+00:00
9141,18,15,2023-07-30 13:50:04.770000+00:00
9141,10,17,2023-07-30 13:50:04.770000+00:00
9141,23,16,2023-07-30 13:50:04.770000+00:00
9141,24,13,2023-07-30 13:50:04.770000+00:00
9141,2,14,2023-07-30 13:50:04.770000+00:00
9141,3,18,2023-07-30 13:50:04.770000+00:00
9141,27,12,2023-07-30 13:50:04.770000+00:00
9141,22,8,2023-07-30 13:50:05.458000+00:00
9141,20,7,2023-07-30 13:50:05.458000+00:00
9141,24,12,2023-07-30 13:50:07.551000+00:00
9141,27,13,2023-07-30 13:50:07.551000+00:00
9141,4,8,2023-07-30 13:50:08.739000+00:00
9141,22,9,2023-07-30 13:50:08.739000+00:00
9141,63,9,2023-07-30 13:50:09.098000+00:00
9141,22,10,2023-07-30 13:50:09.098000+00:00
9141,18,14,2023-07-30 13:50:09.723000+00:00
9141,2,15,2023-07-30 13:50:09.723000+00:00
9141,22,11,2023-07-30 13:50:12.176000+00:00
9141,77,12,2023-07-30 13:50:12.176000+00:00
9141,24,10,2023-07-30 13:50:12.176000+00:00
9141,23,15,2023-07-30 13:50:13.083000+00:00
9141,2,16,2023-07-30 13:50:13.083000+00:00
9141,18,11,2023-07-30 13:50:14.067000+00:00
9141,22,12,2023-07-30 13:50:14.067000+00:00
9141,77,13,2023-07-30 13:50:14.067000+00:00
9141,27,14,2023-07-30 13:50:14.067000+00:00
9141,77,14,2023-07-30 13:50:17.395000+00:00
9141,23,13,2023-07-30 13:50:17.395000+00:00
9141,27,15,2023-07-30 13:50:17.395000+00:00
9141,10,14,2023-07-30 13:50:18.598000+00:00
9141,77,15,2023-07-30 13:50:18.598000+00:00
9141,2,17,2023-07-30 13:50:18.598000+00:00
9141,27,16,2023-07-30 13:50:18.598000+00:00
9141,2,18,2023-07-30 13:50:28.942000+00:00
9141,3,16,2023-07-30 13:50:28.942000+00:00
9141,27,17,2023-07-30 13:50:28.942000+00:00
9141,4,9,2023-07-30 13:50:32.004000+00:00
9141,63,8,2023-07-30 13:50:32.004000+00:00
9141,3,17,2023-07-30 13:50:34.707000+00:00
9141,27,16,2023-07-30 13:50:34.707000+00:00
9141,3,16,2023-07-30 13:50:55.707000+00:00
9141,27,17,2023-07-30 13:50:55.707000+00:00
9141,63,7,2023-07-30 13:51:55.300000+00:00
9141,20,8,2023-07-30 13:51:55.300000+00:00
9141,4,8,2023-07-30 13:51:56.550000+00:00
9141,20,9,2023-07-30 13:51:56.550000+00:00
9141,63,6,2023-07-30 13:51:59.722000+00:00
9141,31,7,2023-07-30 13:51:59.722000+00:00
9141,4,7,2023-07-30 13:52:01.097000+00:00
9141,31,8,2023-07-30 13:52:01.097000+00:00
9141,18,10,2023-07-30 13:52:01.456000+00:00
9141,24,11,2023-07-30 13:52:01.456000+00:00
9141,22,11,2023-07-30 13:52:03.363000+00:00
9141,24,12,2023-07-30 13:52:03.363000+00:00
9141,23,12,2023-07-30 13:52:04.488000+00:00
9141,24,13,2023-07-30 13:52:04.488000+00:00
9141,10,13,2023-07-30 13:52:05.081000+00:00
9141,24,14,2023-07-30 13:52:05.081000+00:00
9141,18,8,2023-07-30 13:52:05.878000+00:00
9141,31,9,2023-07-30 13:52:05.878000+00:00
9141,20,10,2023-07-30 13:52:05.878000+00:00
9141,22,9,2023-07-30 13:52:07.894000+00:00
9141,31,10,2023-07-30 13:52:07.894000+00:00
9141,20,11,2023-07-30 13:52:07.894000+00:00
9141,31,11,2023-07-30 13:52:08.894000+00:00
9141,23,10,2023-07-30 13:52:08.894000+00:00
9141,20,12,2023-07-30 13:52:08.894000+00:00
9141,10,11,2023-07-30 13:52:09.488000+00:00
9141,31,12,2023-07-30 13:52:09.488000+00:00
9141,20,13,2023-07-30 13:52:09.488000+00:00
9141,77,13,2023-07-30 13:52:16.066000+00:00
9141,20,14,2023-07-30 13:52:16.066000+00:00
9141,24,15,2023-07-30 13:52:16.066000+00:00
9141,24,16,2023-07-30 13:52:20.066000+00:00
9141,3,15,2023-07-30 13:52:20.066000+00:00
9141,24,17,2023-07-30 13:52:20.331000+00:00
9141,27,16,2023-07-30 13:52:20.331000+00:00
9141,24,18,2023-07-30 13:52:23.331000+00:00
9141,2,17,2023-07-30 13:52:23.331000+00:00
9141,3,16,2023-07-30 13:52:46.878000+00:00
9141,27,15,2023-07-30 13:52:46.878000+00:00
9141,44,5,2023-07-30 13:55:19.095000+00:00
9141,14,4,2023-07-30 13:55:19.095000+00:00
9141,44,4,2023-07-30 13:57:18.937000+00:00
9141,14,5,2023-07-30 13:57:18.937000+00:00
9141,10,12,2023-07-30 13:58:15.796000+00:00
9141,31,11,2023-07-30 13:58:15.796000+00:00
9141,31,10,2023-07-30 14:00:45.482000+00:00
9141,23,11,2023-07-30 14:00:45.482000+00:00
9141,10,11,2023-07-30 14:04:41.245000+00:00
9141,23,12,2023-07-30 14:04:41.245000+00:00
9141,10,12,2023-07-30 14:05:44.244000+00:00
9141,23,11,2023-07-30 14:05:44.244000+00:00
9141,10,11,2023-07-30 14:05:47.807000+00:00
9141,23,12,2023-07-30 14:05:47.807000+00:00
9141,24,17,2023-07-30 14:05:54.228000+00:00
9141,2,18,2023-07-30 14:05:54.228000+00:00
9141,77,12,2023-07-30 14:07:06.556000+00:00
9141,23,13,2023-07-30 14:07:06.556000+00:00
9141,23,14,2023-07-30 14:07:09.181000+00:00
9141,20,13,2023-07-30 14:07:09.181000+00:00
9141,23,15,2023-07-30 14:07:10.478000+00:00
9141,27,14,2023-07-30 14:07:10.478000+00:00
9141,23,16,2023-07-30 14:07:16.306000+00:00
9141,3,15,2023-07-30 14:07:16.306000+00:00
9141,23,17,2023-07-30 14:07:19.009000+00:00
9141,24,16,2023-07-30 14:07:19.009000+00:00
9141,23,18,2023-07-30 14:07:20.634000+00:00
9141,2,17,2023-07-30 14:07:20.634000+00:00
9141,23,17,2023-07-30 14:09:20.461000+00:00
9141,2,18,2023-07-30 14:09:20.461000+00:00
9141,22,10,2023-07-30 14:15:09.332000+00:00
9141,31,9,2023-07-30 14:15:09.332000+00:00
9141,24,15,2023-07-30 14:17:09.549000+00:00
9141,3,16,2023-07-30 14:17:09.549000+00:00
9141,23,16,2023-07-30 14:18:36.783000+00:00
9141,3,17,2023-07-30 14:18:36.783000+00:00
9141,24,14,2023-07-30 14:19:06.204000+00:00
9141,27,15,2023-07-30 14:19:06.204000+00:00
9141,23,15,2023-07-30 14:20:09.641000+00:00
9141,27,16,2023-07-30 14:20:09.641000+00:00
9141,18,9,2023-07-30 14:20:36.391000+00:00
9141,31,8,2023-07-30 14:20:36.391000+00:00
9141,3,16,2023-07-30 14:22:33.218000+00:00
9141,27,17,2023-07-30 14:22:33.218000+00:00
9141,20,14,2023-07-30 14:22:47.811000+00:00
9141,24,13,2023-07-30 14:22:47.811000+00:00
9141,23,14,2023-07-30 14:24:04.701000+00:00
9141,20,15,2023-07-30 14:24:04.701000+00:00
9141,2,17,2023-07-30 14:24:44.591000+00:00
9141,27,18,2023-07-30 14:24:44.591000+00:00
9149,1,1,2023-08-27 12:01:03.352000+00:00
9149,4,2,2023-08-27 12:01:03.352000+00:00
9149,63,3,2023-08-27 12:01:03.352000+00:00
9149,23,4,2023-08-27 12:01:03.352000+00:00
9149,14,5,2023-08-27 12:01:03.352000+00:00
9149,55,6,2023-08-27 12:01:03.352000+00:00
9149,11,7,2023-08-27 12:01:03.352000+00:00
9149,81,8,2023-08-27 12:01:03.352000+00:00
9149,16,9,2023-08-27 12:01:03.352000+00:00
9149,2,10,2023-08-27 12:01:03.352000+00:00
9149,18,11,2023-08-27 12:01:03.352000+00:00
9149,10,12,2023-08-27 12:01:03.352000+00:00
9149,44,13,2023-08-27 12:01:03.352000+00:00
9149,27,14,2023-08-27 12:01:03.352000+00:00
9149,24,15,2023-08-27 12:01:03.352000+00:00
9149,31,16,2023-08-27 12:01:03.352000+00:00
9149,22,17,2023-08-27 12:01:03.352000+00:00
9149,77,18,2023-08-27 12:01:03.352000+00:00
9149,40,19,2023-08-27 12:01:03.352000+00:00
9149,20,20,2023-08-27 12:01:03.352000+00:00
9149,81,9,2023-08-27 13:03:15.130000+00:00
9149,16,8,2023-08-27 13:03:15.130000+00:00
9149,81,10,2023-08-27 13:03:15.223000+00:00
9149,2,11,2023-08-27 13:03:15.223000+00:00
9149,18,9,2023-08-27 13:03:15.223000+00:00
9149,2,12,2023-08-27 13:03:15.739000+00:00
9149,10,11,2023-08-27 13:03:15.739000+00:00
9149,27,15,2023-08-27 13:03:16.020000+00:00
9149,24,16,2023-08-27 13:03:16.020000+00:00
9149,31,14,2023-08-27 13:03:16.020000+00:00
9149,24,17,2023-08-27 13:03:16.458000+00:00
9149,22,18,2023-08-27 13:03:16.458000+00:00
9149,77,16,2023-08-27 13:03:16.458000+00:00
9149,22,19,2023-08-27 13:03:16.786000+00:00
9149,40,18,2023-08-27 13:03:16.786000+00:00
9149,81,11,2023-08-27 13:03:21.145000+00:00
9149,10,10,2023-08-27 13:03:21.145000+00:00
9149,2,13,2023-08-27 13:03:21.505000+00:00
9149,44,14,2023-08-27 13:03:21.505000+00:00
9149,27,12,2023-08-27 13:03:21.505000+00:00
9149,31,15,2023-08-27 13:03:21.505000+00:00
9149,2,14,2023-08-27 13:03:21.536000+00:00
9149,44,13,2023-08-27 13:03:21.536000+00:00
9149,81,10,2023-08-27 13:03:24.051000+00:00
9149,10,11,2023-08-27 13:03:24.051000+00:00
9149,31,16,2023-08-27 13:03:24.770000+00:00
9149,77,15,2023-08-27 13:03:24.770000+00:00
9149,23,5,2023-08-27 13:03:26.567000+00:00
9149,14,4,2023-08-27 13:03:26.567000+00:00
9149,81,11,2023-08-27 13:03:28.020000+00:00
9149,10,10,2023-08-27 13:03:28.020000+00:00
9149,81,10,2023-08-27 13:03:28.036000+00:00
9149,10,11,2023-08-27 13:03:28.036000+00:00
9149,22,18,2023-08-27 13:03:29.286000+00:00
9149,40,19,2023-08-27 13:03:29.286000+00:00
9149,63,4,2023-08-27 13:03:31.208000+00:00
9149,14,3,2023-08-27 13:03:31.208000+00:00
9149,2,15,2023-08-27 13:03:33.317000+00:00
9149,77,14,2023-08-27 13:03:33.317000+00:00
9149,81,9,2023-08-27 13:03:36.786000+00:00
9149,18,10,2023-08-27 13:03:36.786000+00:00
9149,18,11,2023-08-27 13:03:36.832000+00:00
9149,10,10,2023-08-27 13:03:36.832000+00:00
9149,18,10,2023-08-27 13:03:40.582000+00:00
9149,10,11,2023-08-27 13:03:40.582000+00:00
9149,44,14,2023-08-27 13:03:41.129000+00:00
9149,77,13,2023-08-27 13:03:41.129000+00:00
9149,2,16,2023-08-27 13:03:41.301000+00:00
9149,31,15,2023-08-27 13:03:41.301000+00:00
9149,23,6,2023-08-27 13:03:44.504000+00:00
9149,55,5,2023-08-27 13:03:44.504000+00:00
9149,44,15,2023-08-27 13:03:46.614000+00:00
9149,31,14,2023-08-27 13:03:46.614000+00:00
9149,2,17,2023-08-27 13:03:46.895000+00:00
9149,24,16,2023-08-27 13:03:46.895000+00:00
9149,44,14,2023-08-27 13:03:50.879000+00:00
9149,31,15,2023-08-27 13:03:50.879000+00:00
9149,81,8,2023-08-27 13:03:53.004000+00:00
9149,16,9,2023-08-27 13:03:53.004000+00:00
9149,23,5,2023-08-27 13:03:56.941000+00:00
9149,55,6,2023-08-27 13:03:56.941000+00:00
9149,27,13,2023-08-27 13:03:59.082000+00:00
9149,77,12,2023-08-27 13:03:59.082000+00:00
9149,2,16,2023-08-27 13:04:15.160000+00:00
9149,24,17,2023-08-27 13:04:15.160000+00:00
9149,10,12,2023-08-27 13:04:38.175000+00:00
9149,77,11,2023-08-27 13:04:38.175000+00:00
9149,16,10,2023-08-27 13:04:40.644000+00:00
9149,18,9,2023-08-27 13:04:40.644000+00:00
9149,11,8,2023-08-27 13:04:41.128000+00:00
9149,81,7,2023-08-27 13:04:41.128000+00:00
9149,10,13,2023-08-27 13:04:41.659000+00:00
9149,27,12,2023-08-27 13:04:41.659000+00:00
9149,11,9,2023-08-27 13:04:42.675000+00:00
9149,18,8,2023-08-27 13:04:42.675000+00:00
9149,11,10,2023-08-27 13:04:43.425000+00:00
9149,16,11,2023-08-27 13:04:43.425000+00:00
9149,77,9,2023-08-27 13:04:43.425000+00:00
9149,11,11,2023-08-27 13:04:43.722000+00:00
9149,16,12,2023-08-27 13:04:43.722000+00:00
9149,27,10,2023-08-27 13:04:43.722000+00:00
9149,11,12,2023-08-27 13:04:44.394000+00:00
9149,16,20,2023-08-27 13:04:44.394000+00:00
9149,2,15,2023-08-27 13:04:44.394000+00:00
9149,44,11,2023-08-27 13:04:44.394000+00:00
9149,24,16,2023-08-27 13:04:44.394000+00:00
9149,31,14,2023-08-27 13:04:44.394000+00:00
9149,22,17,2023-08-27 13:04:44.394000+00:00
9149,40,18,2023-08-27 13:04:44.394000+00:00
9149,20,19,2023-08-27 13:04:44.394000+00:00
9149,16,13,2023-08-27 13:04:44.409000+00:00
9149,2,16,2023-08-27 13:04:44.409000+00:00
9149,10,14,2023-08-27 13:04:44.409000+00:00
9149,24,17,2023-08-27 13:04:44.409000+00:00
9149,31,15,2023-08-27 13:04:44.409000+00:00
9149,22,18,2023-08-27 13:04:44.409000+00:00
9149,40,19,2023-08-27 13:04:44.409000+00:00
9149,20,20,2023-08-27 13:04:44.409000+00:00
9149,11,13,2023-08-27 13:04:44.675000+00:00
9149,16,14,2023-08-27 13:04:44.675000+00:00
9149,10,15,2023-08-27 13:04:44.675000+00:00
9149,31,12,2023-08-27 13:04:44.675000+00:00
9149,16,15,2023-08-27 13:04:45.409000+00:00
9149,2,14,2023-08-27 13:04:45.409000+00:00
9149,10,16,2023-08-27 13:04:45.409000+00:00
9149,11,14,2023-08-27 13:04:48.253000+00:00
9149,2,13,2023-08-27 13:04:48.253000+00:00
9149,44,12,2023-08-27 13:04:57.378000+00:00
9149,31,11,2023-08-27 13:04:57.378000+00:00
9149,4,3,2023-08-27 13:05:09.815000+00:00
9149,14,2,2023-08-27 13:05:09.815000+00:00
9149,16,16,2023-08-27 13:05:12.471000+00:00
9149,10,17,2023-08-27 13:05:12.471000+00:00
9149,24,15,2023-08-27 13:05:12.471000+00:00
9149,16,17,2023-08-27 13:05:16.440000+00:00
9149,10,16,2023-08-27 13:05:16.440000+00:00
9149,40,20,2023-08-27 13:05:27.424000+00:00
9149,20,19,2023-08-27 13:05:27.424000+00:00
9149,11,12,2023-08-27 13:06:20.751000+00:00
9149,2,14,2023-08-27 13:06:20.751000+00:00
9149,44,13,2023-08-27 13:06:20.751000+00:00
9149,1,2,2023-08-27 13:06:25.720000+00:00
9149,4,1,2023-08-27 13:06:25.720000+00:00
9149,14,3,2023-08-27 13:06:25.720000+00:00
9149,1,3,2023-08-27 13:06:25.986000+00:00
9149,63,2,2023-08-27 13:06:25.986000+00:00
9149,14,4,2023-08-27 13:06:25.986000+00:00
9149,23,4,2023-08-27 13:06:28.048000+00:00
9149,14,5,2023-08-27 13:06:28.048000+00:00
9149,55,7,2023-08-27 13:06:30.267000+00:00
9149,81,6,2023-08-27 13:06:30.267000+00:00
9149,11,11,2023-08-27 13:06:30.361000+00:00
9149,31,12,2023-08-27 13:06:30.361000+00:00
9149,1,4,2023-08-27 13:06:30.736000+00:00
9149,23,3,2023-08-27 13:06:30.736000+00:00
9149,55,8,2023-08-27 13:06:32.876000+00:00
9149,18,7,2023-08-27 13:06:32.876000+00:00
9149,1,5,2023-08-27 13:06:32.939000+00:00
9149,14,6,2023-08-27 13:06:32.939000+00:00
9149,81,4,2023-08-27 13:06:32.939000+00:00
9149,1,6,2023-08-27 13:06:35.423000+00:00
9149,14,7,2023-08-27 13:06:35.423000+00:00
9149,18,5,2023-08-27 13:06:35.423000+00:00
9149,1,7,2023-08-27 13:06:36.907000+00:00
9149,14,8,2023-08-27 13:06:36.907000+00:00
9149,55,9,2023-08-27 13:06:36.907000+00:00
9149,77,6,2023-08-27 13:06:36.907000+00:00
9149,1,8,2023-08-27 13:06:37.345000+00:00
9149,14,9,2023-08-27 13:06:37.345000+00:00
9149,55,10,2023-08-27 13:06:37.345000+00:00
9149,11,7,2023-08-27 13:06:37.345000+00:00
9149,27,11,2023-08-27 13:06:37.345000+00:00
9149,1,9,2023-08-27 13:06:37.532000+00:00
9149,14,10,2023-08-27 13:06:37.532000+00:00
9149,55,11,2023-08-27 13:06:37.532000+00:00
9149,27,8,2023-08-27 13:06:37.532000+00:00
9149,44,12,2023-08-27 13:06:38.720000+00:00
9149,31,13,2023-08-27 13:06:38.720000+00:00
9149,2,13,2023-08-27 13:06:38.876000+00:00
9149,31,14,2023-08-27 13:06:38.876000+00:00
9149,4,2,2023-08-27 13:06:38.939000+00:00
9149,63,1,2023-08-27 13:06:38.939000+00:00
9149,1,10,2023-08-27 13:06:41.407000+00:00
9149,14,11,2023-08-27 13:06:41.407000+00:00
9149,55,12,2023-08-27 13:06:41.407000+00:00
9149,44,9,2023-08-27 13:06:41.407000+00:00
9149,1,11,2023-08-27 13:06:41.564000+00:00
9149,14,12,2023-08-27 13:06:41.564000+00:00
9149,55,13,2023-08-27 13:06:41.564000+00:00
9149,2,10,2023-08-27 13:06:41.564000+00:00
9149,11,6,2023-08-27 13:06:45.938000+00:00
9149,77,7,2023-08-27 13:06:45.938000+00:00
9149,14,13,2023-08-27 13:06:46.079000+00:00
9149,55,14,2023-08-27 13:06:46.079000+00:00
9149,24,12,2023-08-27 13:06:46.079000+00:00
9149,31,15,2023-08-27 13:06:46.079000+00:00
9149,14,14,2023-08-27 13:06:46.313000+00:00
9149,55,15,2023-08-27 13:06:46.313000+00:00
9149,10,13,2023-08-27 13:06:46.313000+00:00
9149,31,16,2023-08-27 13:06:46.313000+00:00
9149,11,5,2023-08-27 13:06:48.782000+00:00
9149,18,6,2023-08-27 13:06:48.782000+00:00
9149,55,16,2023-08-27 13:06:49.673000+00:00
9149,16,15,2023-08-27 13:06:49.673000+00:00
9149,31,17,2023-08-27 13:06:49.673000+00:00
9149,31,18,2023-08-27 13:06:53.673000+00:00
9149,22,17,2023-08-27 13:06:53.673000+00:00
9149,1,12,2023-08-27 13:06:54.313000+00:00
9149,24,11,2023-08-27 13:06:54.313000+00:00
9149,1,13,2023-08-27 13:06:54.688000+00:00
9149,10,12,2023-08-27 13:06:54.688000+00:00
9149,14,15,2023-08-27 13:06:57.923000+00:00
9149,16,14,2023-08-27 13:06:57.923000+00:00
9149,31,19,2023-08-27 13:06:58.251000+00:00
9149,20,18,2023-08-27 13:06:58.251000+00:00
9149,11,4,2023-08-27 13:07:01.423000+00:00
9149,81,5,2023-08-27 13:07:01.423000+00:00
9149,55,17,2023-08-27 13:07:01.704000+00:00
9149,22,16,2023-08-27 13:07:01.704000+00:00
9149,2,11,2023-08-27 13:07:06.360000+00:00
9149,44,10,2023-08-27 13:07:06.360000+00:00
9149,24,9,2023-08-27 13:07:06.360000+00:00
9149,23,4,2023-08-27 13:07:06.657000+00:00
9149,11,3,2023-08-27 13:07:06.657000+00:00
9149,2,12,2023-08-27 13:07:06.969000+00:00
9149,10,11,2023-08-27 13:07:06.969000+00:00
9149,4,3,2023-08-27 13:07:10.719000+00:00
9149,11,2,2023-08-27 13:07:10.719000+00:00
9149,10,10,2023-08-27 13:07:11.172000+00:00
9149,44,11,2023-08-27 13:07:11.172000+00:00
9149,1,12,2023-08-27 13:07:12.813000+00:00
9149,2,13,2023-08-27 13:07:12.813000+00:00
9149,1,11,2023-08-27 13:07:16.547000+00:00
9149,44,12,2023-08-27 13:07:16.547000+00:00
9149,16,13,2023-08-27 13:07:17.516000+00:00
9149,2,14,2023-08-27 13:07:17.516000+00:00
9149,63,2,2023-08-27 13:07:19.078000+00:00
9149,11,1,2023-08-27 13:07:19.078000+00:00
9149,16,12,2023-08-27 13:07:23.328000+00:00
9149,44,13,2023-08-27 13:07:23.328000+00:00
9149,27,9,2023-08-27 13:07:24.094000+00:00
9149,24,7,2023-08-27 13:07:24.094000+00:00
9149,77,8,2023-08-27 13:07:24.094000+00:00
9149,14,13,2023-08-27 13:07:24.094000+00:00
9149,2,15,2023-08-27 13:07:24.094000+00:00
9149,44,14,2023-08-27 13:07:24.094000+00:00
9149,10,9,2023-08-27 13:07:24.625000+00:00
9149,27,10,2023-08-27 13:07:24.625000+00:00
9149,10,8,2023-08-27 13:07:28.875000+00:00
9149,77,9,2023-08-27 13:07:28.875000+00:00
9149,2,16,2023-08-27 13:07:30.797000+00:00
9149,22,15,2023-08-27 13:07:30.797000+00:00
9149,18,7,2023-08-27 13:07:33.313000+00:00
9149,24,6,2023-08-27 13:07:33.313000+00:00
9149,44,15,2023-08-27 13:07:34.844000+00:00
9149,22,14,2023-08-27 13:07:34.844000+00:00
9149,1,9,2023-08-27 13:07:35.328000+00:00
9149,27,11,2023-08-27 13:07:35.328000+00:00
9149,77,10,2023-08-27 13:07:35.328000+00:00
9149,55,16,2023-08-27 13:07:36.484000+00:00
9149,2,17,2023-08-27 13:07:36.484000+00:00
9149,18,8,2023-08-27 13:07:36.891000+00:00
9149,10,7,2023-08-27 13:07:36.891000+00:00
9149,16,11,2023-08-27 13:07:39.969000+00:00
9149,27,12,2023-08-27 13:07:39.969000+00:00
9149,55,15,2023-08-27 13:07:41.687000+00:00
9149,44,16,2023-08-27 13:07:41.687000+00:00
9149,1,8,2023-08-27 13:07:42.094000+00:00
9149,18,9,2023-08-27 13:07:42.094000+00:00
9149,16,10,2023-08-27 13:07:43.812000+00:00
9149,77,11,2023-08-27 13:07:43.812000+00:00
9149,14,12,2023-08-27 13:07:44.531000+00:00
9149,27,13,2023-08-27 13:07:44.531000+00:00
9149,2,18,2023-08-27 13:07:46.500000+00:00
9149,20,17,2023-08-27 13:07:46.500000+00:00
9149,16,9,2023-08-27 13:07:49.219000+00:00
9149,18,10,2023-08-27 13:07:49.219000+00:00
9149,81,6,2023-08-27 13:07:49.281000+00:00
9149,24,5,2023-08-27 13:07:49.281000+00:00
9149,14,11,2023-08-27 13:07:49.984000+00:00
9149,77,12,2023-08-27 13:07:49.984000+00:00
9149,44,17,2023-08-27 13:07:50.015000+00:00
9149,20,16,2023-08-27 13:07:50.015000+00:00
9149,27,14,2023-08-27 13:07:51.703000+00:00
9149,22,13,2023-08-27 13:07:51.703000+00:00
9149,14,10,2023-08-27 13:07:53.609000+00:00
9149,18,11,2023-08-27 13:07:53.609000+00:00
9149,81,7,2023-08-27 13:07:56.562000+00:00
9149,10,6,2023-08-27 13:07:56.562000+00:00
9149,23,5,2023-08-27 13:07:59.984000+00:00
9149,24,4,2023-08-27 13:07:59.984000+00:00
9149,1,7,2023-08-27 13:08:01.703000+00:00
9149,81,8,2023-08-27 13:08:01.703000+00:00
9149,22,12,2023-08-27 13:08:02.015000+00:00
9149,77,13,2023-08-27 13:08:02.015000+00:00
9149,55,14,2023-08-27 13:08:03.640000+00:00
9149,27,15,2023-08-27 13:08:03.640000+00:00
9149,4,4,2023-08-27 13:08:05.390000+00:00
9149,24,3,2023-08-27 13:08:05.390000+00:00
9149,18,12,2023-08-27 13:08:06.484000+00:00
9149,22,11,2023-08-27 13:08:06.484000+00:00
9149,23,6,2023-08-27 13:08:07.140000+00:00
9149,10,5,2023-08-27 13:08:07.140000+00:00
9149,1,6,2023-08-27 13:08:07.234000+00:00
9149,23,7,2023-08-27 13:08:07.234000+00:00
9149,55,13,2023-08-27 13:08:08.109000+00:00
9149,77,14,2023-08-27 13:08:08.109000+00:00
9149,81,9,2023-08-27 13:08:09.140000+00:00
9149,16,8,2023-08-27 13:08:09.140000+00:00
9149,14,9,2023-08-27 13:08:09.609000+00:00
9149,81,10,2023-08-27 13:08:09.609000+00:00
9149,27,16,2023-08-27 13:08:09.656000+00:00
9149,20,15,2023-08-27 13:08:09.656000+00:00
9149,4,5,2023-08-27 13:08:10.906000+00:00
9149,10,4,2023-08-27 13:08:10.906000+00:00
9149,1,5,2023-08-27 13:08:11.234000+00:00
9149,4,6,2023-08-27 13:08:11.234000+00:00
9149,55,12,2023-08-27 13:08:13.656000+00:00
9149,18,13,2023-08-27 13:08:13.656000+00:00
9149,77,15,2023-08-27 13:08:15.374000+00:00
9149,20,14,2023-08-27 13:08:15.374000+00:00
9149,23,8,2023-08-27 13:08:15.749000+00:00
9149,16,7,2023-08-27 13:08:15.749000+00:00
9149,23,9,2023-08-27 13:08:16.046000+00:00
9149,14,8,2023-08-27 13:08:16.046000+00:00
9149,4,7,2023-08-27 13:08:17.640000+00:00
9149,16,6,2023-08-27 13:08:17.640000+00:00
9149,4,8,2023-08-27 13:08:18.109000+00:00
9149,14,7,2023-08-27 13:08:18.109000+00:00
9149,4,9,2023-08-27 13:08:18.265000+00:00
9149,23,8,2023-08-27 13:08:18.265000+00:00
9149,18,14,2023-08-27 13:08:19.468000+00:00
9149,20,13,2023-08-27 13:08:19.468000+00:00
9149,4,10,2023-08-27 13:08:19.734000+00:00
9149,81,9,2023-08-27 13:08:19.734000+00:00
9149,2,19,2023-08-27 13:08:23.109000+00:00
9149,31,18,2023-08-27 13:08:23.109000+00:00
9149,4,11,2023-08-27 13:08:23.421000+00:00
9149,22,10,2023-08-27 13:08:23.421000+00:00
9149,4,12,2023-08-27 13:08:23.984000+00:00
9149,55,11,2023-08-27 13:08:23.984000+00:00
9149,2,20,2023-08-27 13:08:24.187000+00:00
9149,40,19,2023-08-27 13:08:24.187000+00:00
9149,63,3,2023-08-27 13:08:24.655000+00:00
9149,24,2,2023-08-27 13:08:24.655000+00:00
9149,4,13,2023-08-27 13:08:26.452000+00:00
9149,20,12,2023-08-27 13:08:26.452000+00:00
9149,44,18,2023-08-27 13:08:27.234000+00:00
9149,31,17,2023-08-27 13:08:27.234000+00:00
9149,4,14,2023-08-27 13:08:27.593000+00:00
9149,18,13,2023-08-27 13:08:27.593000+00:00
9149,4,15,2023-08-27 13:08:29.296000+00:00
9149,77,14,2023-08-27 13:08:29.296000+00:00
9149,4,16,2023-08-27 13:08:29.671000+00:00
9149,27,15,2023-08-27 13:08:29.671000+00:00
9149,44,19,2023-08-27 13:08:30.858000+00:00
9149,40,18,2023-08-27 13:08:30.858000+00:00
9149,81,10,2023-08-27 13:08:31.952000+00:00
9149,22,9,2023-08-27 13:08:31.952000+00:00
9149,63,4,2023-08-27 13:08:32.390000+00:00
9149,10,3,2023-08-27 13:08:32.390000+00:00
9149,4,17,2023-08-27 13:08:34.233000+00:00
9149,31,16,2023-08-27 13:08:34.233000+00:00
9149,2,19,2023-08-27 13:08:35.062000+00:00
9149,44,20,2023-08-27 13:08:35.062000+00:00
9149,55,10,2023-08-27 13:08:35.155000+00:00
9149,81,11,2023-08-27 13:08:35.155000+00:00
9149,4,18,2023-08-27 13:08:35.218000+00:00
9149,40,17,2023-08-27 13:08:35.218000+00:00
9149,4,19,2023-08-27 13:08:37.718000+00:00
9149,2,18,2023-08-27 13:08:37.718000+00:00
9149,1,4,2023-08-27 13:08:37.733000+00:00
9149,63,5,2023-08-27 13:08:37.733000+00:00
9149,63,6,2023-08-27 13:08:43.390000+00:00
9149,16,5,2023-08-27 13:08:43.390000+00:00
9149,63,7,2023-08-27 13:08:43.561000+00:00
9149,14,6,2023-08-27 13:08:43.561000+00:00
9149,23,9,2023-08-27 13:08:43.983000+00:00
9149,22,8,2023-08-27 13:08:43.983000+00:00
9149,23,10,2023-08-27 13:08:44.124000+00:00
9149,55,9,2023-08-27 13:08:44.124000+00:00
9149,81,12,2023-08-27 13:08:45.921000+00:00
9149,20,11,2023-08-27 13:08:45.921000+00:00
9149,55,8,2023-08-27 13:08:48.186000+00:00
9149,22,9,2023-08-27 13:08:48.186000+00:00
9149,27,16,2023-08-27 13:08:57.374000+00:00
9149,31,15,2023-08-27 13:08:57.374000+00:00
9149,23,11,2023-08-27 13:09:00.405000+00:00
9149,20,10,2023-08-27 13:09:00.405000+00:00
9149,31,14,2023-08-27 13:09:01.577000+00:00
9149,77,15,2023-08-27 13:09:01.577000+00:00
9149,27,17,2023-08-27 13:09:04.014000+00:00
9149,40,16,2023-08-27 13:09:04.014000+00:00
9149,63,8,2023-08-27 13:09:04.639000+00:00
9149,55,7,2023-08-27 13:09:04.639000+00:00
9149,77,16,2023-08-27 13:09:08.545000+00:00
9149,40,15,2023-08-27 13:09:08.545000+00:00
9149,63,9,2023-08-27 13:09:10.795000+00:00
9149,22,8,2023-08-27 13:09:10.795000+00:00
9149,18,14,2023-08-27 13:09:11.795000+00:00
9149,31,13,2023-08-27 13:09:11.795000+00:00
9149,4,18,2023-08-27 13:09:12.186000+00:00
9149,2,19,2023-08-27 13:09:12.186000+00:00
9149,18,15,2023-08-27 13:09:17.123000+00:00
9149,40,14,2023-08-27 13:09:17.123000+00:00
9149,63,10,2023-08-27 13:09:25.045000+00:00
9149,20,9,2023-08-27 13:09:25.045000+00:00
9149,81,13,2023-08-27 13:09:26.561000+00:00
9149,31,12,2023-08-27 13:09:26.561000+00:00
9149,23,12,2023-08-27 13:09:32.170000+00:00
9149,31,11,2023-08-27 13:09:32.170000+00:00
9149,81,14,2023-08-27 13:09:33.701000+00:00
9149,40,13,2023-08-27 13:09:33.701000+00:00
9149,4,17,2023-08-27 13:09:40.904000+00:00
9149,27,18,2023-08-27 13:09:40.904000+00:00
9149,23,13,2023-08-27 13:09:43.779000+00:00
9149,40,12,2023-08-27 13:09:43.779000+00:00
9149,4,16,2023-08-27 13:09:44.545000+00:00
9149,77,17,2023-08-27 13:09:44.545000+00:00
9149,4,15,2023-08-27 13:09:55.404000+00:00
9149,18,16,2023-08-27 13:09:55.404000+00:00
9149,63,11,2023-08-27 13:09:56.779000+00:00
9149,31,10,2023-08-27 13:09:56.779000+00:00
9149,63,12,2023-08-27 13:10:01.263000+00:00
9149,40,11,2023-08-27 13:10:01.263000+00:00
9149,63,13,2023-08-27 13:10:09.122000+00:00
9149,23,12,2023-08-27 13:10:09.122000+00:00
9149,63,14,2023-08-27 13:10:09.935000+00:00
9149,81,13,2023-08-27 13:10:09.935000+00:00
9149,4,14,2023-08-27 13:10:10.685000+00:00
9149,63,15,2023-08-27 13:10:10.685000+00:00
9149,2,20,2023-08-27 13:10:12.919000+00:00
9149,44,19,2023-08-27 13:10:12.919000+00:00
9149,18,17,2023-08-27 13:10:14.857000+00:00
9149,77,16,2023-08-27 13:10:14.857000+00:00
9149,18,18,2023-08-27 13:10:15.513000+00:00
9149,27,17,2023-08-27 13:10:15.513000+00:00
9149,63,16,2023-08-27 13:10:17.357000+00:00
9149,77,15,2023-08-27 13:10:17.357000+00:00
9149,63,17,2023-08-27 13:10:18.028000+00:00
9149,27,16,2023-08-27 13:10:18.028000+00:00
9149,4,13,2023-08-27 13:10:18.669000+00:00
9149,81,14,2023-08-27 13:10:18.669000+00:00
9149,18,19,2023-08-27 13:10:23.466000+00:00
9149,44,18,2023-08-27 13:10:23.466000+00:00
9149,2,19,2023-08-27 13:10:26.263000+00:00
9149,18,20,2023-08-27 13:10:26.263000+00:00
9149,4,12,2023-08-27 13:10:29.981000+00:00
9149,23,13,2023-08-27 13:10:29.981000+00:00
9149,63,18,2023-08-27 13:10:31.169000+00:00
9149,44,17,2023-08-27 13:10:31.169000+00:00
9149,44,16,2023-08-27 13:11:07.403000+00:00
9149,27,17,2023-08-27 13:11:07.403000+00:00
9149,44,15,2023-08-27 13:11:14.168000+00:00
9149,77,16,2023-08-27 13:11:14.168000+00:00
9149,63,17,2023-08-27 13:11:15.856000+00:00
9149,27,18,2023-08-27 13:11:15.856000+00:00
9149,1,3,2023-08-27 13:11:25.121000+00:00
9149,10,4,2023-08-27 13:11:25.121000+00:00
9149,63,16,2023-08-27 13:11:36.855000+00:00
9149,77,17,2023-08-27 13:11:36.855000+00:00
9149,81,15,2023-08-27 13:11:38.355000+00:00
9149,44,14,2023-08-27 13:11:38.355000+00:00
9149,23,14,2023-08-27 13:11:42.511000+00:00
9149,44,13,2023-08-27 13:11:42.511000+00:00
9149,2,20,2023-08-27 13:11:49.371000+00:00
9149,18,19,2023-08-27 13:11:49.371000+00:00
9149,14,5,2023-08-27 13:12:01.339000+00:00
9149,16,6,2023-08-27 13:12:01.339000+00:00
9149,63,15,2023-08-27 13:12:27.729000+00:00
9149,81,16,2023-08-27 13:12:27.729000+00:00
9149,63,14,2023-08-27 13:12:31.589000+00:00
9149,23,15,2023-08-27 13:12:31.589000+00:00
9149,1,2,2023-08-27 13:12:42.651000+00:00
9149,24,3,2023-08-27 13:12:42.651000+00:00
9149,18,18,2023-08-27 13:13:22.822000+00:00
9149,27,19,2023-08-27 13:13:22.822000+00:00
9149,18,19,2023-08-27 13:13:37.744000+00:00
9149,27,18,2023-08-27 13:13:37.744000+00:00
9149,18,18,2023-08-27 13:14:46.024000+00:00
9149,27,19,2023-08-27 13:14:46.024000+00:00
9149,55,6,2023-08-27 13:15:35.210000+00:00
9149,16,7,2023-08-27 13:15:35.210000+00:00
9149,4,11,2023-08-27 13:15:52.835000+00:00
9149,40,12,2023-08-27 13:15:52.835000+00:00
9149,31,9,2023-08-27 13:16:59.318000+00:00
9149,20,10,2023-08-27 13:16:59.318000+00:00
9149,4,10,2023-08-27 13:17:09.490000+00:00
9149,20,11,2023-08-27 13:17:09.490000+00:00
9149,18,19,2023-08-27 13:17:10.818000+00:00
9149,27,18,2023-08-27 13:17:10.818000+00:00
9149,40,11,2023-08-27 13:17:12.162000+00:00
9149,20,12,2023-08-27 13:17:12.162000+00:00
9149,18,18,2023-08-27 13:17:16.302000+00:00
9149,27,19,2023-08-27 13:17:16.302000+00:00
9149,63,13,2023-08-27 13:17:28.661000+00:00
9149,44,14,2023-08-27 13:17:28.661000+00:00
9149,23,14,2023-08-27 13:17:33.536000+00:00
9149,44,15,2023-08-27 13:17:33.536000+00:00
9149,81,15,2023-08-27 13:17:34.974000+00:00
9149,44,16,2023-08-27 13:17:34.974000+00:00
9149,44,17,2023-08-27 13:17:41.286000+00:00
9149,77,16,2023-08-27 13:17:41.286000+00:00
9149,18,19,2023-08-27 13:17:43.286000+00:00
9149,27,18,2023-08-27 13:17:43.286000+00:00
9149,44,18,2023-08-27 13:17:45.599000+00:00
9149,27,17,2023-08-27 13:17:45.599000+00:00
9149,10,3,2023-08-27 13:18:07.645000+00:00
9149,24,4,2023-08-27 13:18:07.645000+00:00
9149,63,14,2023-08-27 13:18:10.348000+00:00
9149,23,13,2023-08-27 13:18:10.348000+00:00
9149,63,15,2023-08-27 13:18:15.786000+00:00
9149,81,14,2023-08-27 13:18:15.786000+00:00
9149,55,7,2023-08-27 13:18:17.739000+00:00
9149,16,6,2023-08-27 13:18:17.739000+00:00
9149,14,6,2023-08-27 13:18:20.004000+00:00
9149,16,4,2023-08-27 13:18:20.004000+00:00
9149,24,5,2023-08-27 13:18:20.004000+00:00
9149,23,14,2023-08-27 13:18:27.082000+00:00
9149,81,13,2023-08-27 13:18:27.082000+00:00
9149,4,11,2023-08-27 13:18:45.769000+00:00
9149,31,10,2023-08-27 13:18:45.769000+00:00
9149,40,12,2023-08-27 13:18:45.769000+00:00
9149,20,9,2023-08-27 13:18:45.769000+00:00
9149,14,5,2023-08-27 13:18:52.254000+00:00
9149,24,6,2023-08-27 13:18:52.254000+00:00
9149,22,9,2023-08-27 13:18:52.847000+00:00
9149,20,8,2023-08-27 13:18:52.847000+00:00
9149,4,12,2023-08-27 13:18:53.566000+00:00
9149,81,11,2023-08-27 13:18:53.566000+00:00
9149,40,13,2023-08-27 13:18:53.566000+00:00
9149,4,13,2023-08-27 13:18:53.769000+00:00
9149,23,12,2023-08-27 13:18:53.769000+00:00
9149,40,14,2023-08-27 13:18:53.769000+00:00
9149,63,16,2023-08-27 13:19:01.207000+00:00
9149,77,14,2023-08-27 13:19:01.207000+00:00
9149,40,15,2023-08-27 13:19:01.207000+00:00
9149,63,17,2023-08-27 13:19:04.675000+00:00
9149,27,15,2023-08-27 13:19:04.675000+00:00
9149,40,16,2023-08-27 13:19:04.675000+00:00
9149,63,18,2023-08-27 13:19:11.081000+00:00
9149,44,17,2023-08-27 13:19:11.081000+00:00
9149,44,16,2023-08-27 13:19:18.128000+00:00
9149,40,17,2023-08-27 13:19:18.128000+00:00
9149,14,4,2023-08-27 13:19:54.971000+00:00
9149,16,5,2023-08-27 13:19:54.971000+00:00
9149,16,6,2023-08-27 13:19:58.112000+00:00
9149,24,5,2023-08-27 13:19:58.112000+00:00
9149,55,6,2023-08-27 13:19:59.628000+00:00
9149,16,7,2023-08-27 13:19:59.628000+00:00
9149,14,3,2023-08-27 13:20:02.159000+00:00
9149,10,4,2023-08-27 13:20:02.159000+00:00
9149,16,8,2023-08-27 13:20:05.893000+00:00
9149,20,7,2023-08-27 13:20:05.893000+00:00
9149,16,9,2023-08-27 13:20:09.424000+00:00
9149,22,8,2023-08-27 13:20:09.424000+00:00
9149,81,9,2023-08-27 13:20:10.268000+00:00
9149,16,10,2023-08-27 13:20:10.268000+00:00
9149,31,11,2023-08-27 13:20:10.268000+00:00
9149,16,11,2023-08-27 13:20:10.393000+00:00
9149,31,10,2023-08-27 13:20:10.393000+00:00
9149,23,11,2023-08-27 13:20:11.768000+00:00
9149,16,12,2023-08-27 13:20:11.768000+00:00
9149,4,12,2023-08-27 13:20:23.096000+00:00
9149,16,13,2023-08-27 13:20:23.096000+00:00
9149,1,1,2023-08-27 13:21:13.970000+00:00
9149,11,2,2023-08-27 13:21:13.970000+00:00
9149,55,5,2023-08-27 13:21:15.407000+00:00
9149,24,6,2023-08-27 13:21:15.407000+00:00
9149,81,8,2023-08-27 13:21:25.220000+00:00
9149,22,9,2023-08-27 13:21:25.220000+00:00
9149,31,9,2023-08-27 13:22:45.343000+00:00
9149,22,10,2023-08-27 13:22:45.343000+00:00
9149,31,10,2023-08-27 13:22:52.421000+00:00
9149,22,9,2023-08-27 13:22:52.421000+00:00
9149,55,4,2023-08-27 13:23:50.780000+00:00
9149,10,5,2023-08-27 13:23:50.780000+00:00
9149,55,5,2023-08-27 13:23:58.014000+00:00
9149,10,4,2023-08-27 13:23:58.014000+00:00
9149,81,7,2023-08-27 13:23:59.951000+00:00
9149,20,8,2023-08-27 13:23:59.951000+00:00
9149,81,8,2023-08-27 13:24:07.232000+00:00
9149,20,7,2023-08-27 13:24:07.232000+00:00
9149,31,9,2023-08-27 13:24:09.779000+00:00
9149,22,10,2023-08-27 13:24:09.779000+00:00
9149,23,10,2023-08-27 13:24:10.139000+00:00
9149,22,11,2023-08-27 13:24:10.139000+00:00
9149,81,9,2023-08-27 13:25:18.419000+00:00
9149,31,8,2023-08-27 13:25:18.419000+00:00
9149,4,11,2023-08-27 13:25:18.528000+00:00
9149,63,17,2023-08-27 13:25:18.528000+00:00
9149,23,9,2023-08-27 13:25:18.528000+00:00
9149,81,20,2023-08-27 13:25:18.528000+00:00
9149,16,12,2023-08-27 13:25:18.528000+00:00
9149,2,19,2023-08-27 13:25:18.528000+00:00
9149,18,18,2023-08-27 13:25:18.528000+00:00
9149,44,15,2023-08-27 13:25:18.528000+00:00
9149,27,14,2023-08-27 13:25:18.528000+00:00
9149,22,10,2023-08-27 13:25:18.528000+00:00
9149,77,13,2023-08-27 13:25:18.528000+00:00
9149,40,16,2023-08-27 13:25:18.528000+00:00
9149,4,12,2023-08-27 13:25:18.559000+00:00
9149,63,18,2023-08-27 13:25:18.559000+00:00
9149,81,10,2023-08-27 13:25:18.559000+00:00
9149,16,13,2023-08-27 13:25:18.559000+00:00
9149,2,20,2023-08-27 13:25:18.559000+00:00
9149,18,19,2023-08-27 13:25:18.559000+00:00
9149,44,16,2023-08-27 13:25:18.559000+00:00
9149,27,15,2023-08-27 13:25:18.559000+00:00
9149,22,11,2023-08-27 13:25:18.559000+00:00
9149,77,14,2023-08-27 13:25:18.559000+00:00
9149,40,17,2023-08-27 13:25:18.559000+00:00
9149,81,11,2023-08-27 13:25:19.450000+00:00
9149,22,10,2023-08-27 13:25:19.450000+00:00
9149,4,11,2023-08-27 13:25:19.762000+00:00
9149,81,12,2023-08-27 13:25:19.762000+00:00
9149,23,8,2023-08-27 13:25:20.669000+00:00
9149,31,9,2023-08-27 13:25:20.669000+00:00
9149,81,13,2023-08-27 13:25:31.700000+00:00
9149,16,12,2023-08-27 13:25:31.700000+00:00
9149,81,14,2023-08-27 13:25:31.903000+00:00
9149,77,13,2023-08-27 13:25:31.903000+00:00
9149,81,15,2023-08-27 13:25:33.418000+00:00
9149,27,14,2023-08-27 13:25:33.418000+00:00
9149,81,16,2023-08-27 13:25:37.778000+00:00
9149,44,15,2023-08-27 13:25:37.778000+00:00
9149,81,15,2023-08-27 13:25:37.825000+00:00
9149,44,16,2023-08-27 13:25:37.825000+00:00
9149,81,16,2023-08-27 13:25:44.637000+00:00
9149,44,15,2023-08-27 13:25:44.637000+00:00
9149,44,13,2023-08-27 13:27:17.963000+00:00
9149,27,15,2023-08-27 13:27:17.963000+00:00
9149,77,14,2023-08-27 13:27:17.963000+00:00
9149,81,14,2023-08-27 13:27:23.166000+00:00
9149,27,16,2023-08-27 13:27:23.166000+00:00
9149,77,15,2023-08-27 13:27:23.166000+00:00
9149,63,17,2023-08-27 13:29:42.102000+00:00
9149,40,18,2023-08-27 13:29:42.102000+00:00
9149,81,15,2023-08-27 13:37:33.515000+00:00
9149,77,14,2023-08-27 13:37:33.515000+00:00
9149,23,7,2023-08-27 13:38:08.764000+00:00
9149,20,8,2023-08-27 13:38:08.764000+00:00
9149,31,8,2023-08-27 13:39:27.138000+00:00
9149,20,9,2023-08-27 13:39:27.138000+00:00
9149,23,6,2023-08-27 13:40:35.809000+00:00
9149,24,7,2023-08-27 13:40:35.809000+00:00
9149,18,18,2023-08-27 13:40:43.730000+00:00
9149,40,19,2023-08-27 13:40:43.730000+00:00
9149,81,14,2023-08-27 13:40:47.949000+00:00
9149,77,15,2023-08-27 13:40:47.949000+00:00
9149,16,13,2023-08-27 13:42:04.854000+00:00
9149,44,12,2023-08-27 13:42:04.854000+00:00
9149,81,13,2023-08-27 13:42:15.463000+00:00
9149,16,14,2023-08-27 13:42:15.463000+00:00
9149,24,8,2023-08-27 13:43:17.603000+00:00
9149,31,7,2023-08-27 13:43:17.603000+00:00
9149,22,9,2023-08-27 13:43:19.306000+00:00
9149,20,10,2023-08-27 13:43:19.306000+00:00
9149,27,15,2023-08-27 13:43:24.321000+00:00
9149,77,16,2023-08-27 13:43:24.321000+00:00
9149,4,10,2023-08-27 13:44:37.008000+00:00
9149,20,11,2023-08-27 13:44:37.008000+00:00
9149,44,11,2023-08-27 13:45:46.225000+00:00
9149,20,12,2023-08-27 13:45:46.225000+00:00
9149,81,12,2023-08-27 13:47:13.333000+00:00
9149,20,13,2023-08-27 13:47:13.333000+00:00
9149,16,15,2023-08-27 13:47:16.364000+00:00
9149,27,14,2023-08-27 13:47:16.364000+00:00
9149,24,9,2023-08-27 13:48:26.363000+00:00
9149,22,8,2023-08-27 13:48:26.363000+00:00
9149,4,9,2023-08-27 13:49:43.971000+00:00
9149,24,10,2023-08-27 13:49:43.971000+00:00
9149,44,10,2023-08-27 13:50:55.016000+00:00
9149,24,11,2023-08-27 13:50:55.016000+00:00
9149,81,11,2023-08-27 13:52:13.015000+00:00
9149,24,12,2023-08-27 13:52:13.015000+00:00
9149,63,16,2023-08-27 13:52:30.437000+00:00
9149,77,17,2023-08-27 13:52:30.437000+00:00
9149,18,19,2023-08-27 13:53:37.967000+00:00
9149,40,18,2023-08-27 13:53:37.967000+00:00
9149,63,15,2023-08-27 13:54:21.278000+00:00
9149,16,16,2023-08-27 13:54:21.278000+00:00
9149,27,13,2023-08-27 13:54:49.434000+00:00
9149,20,14,2023-08-27 13:54:49.434000+00:00
9149,63,14,2023-08-27 13:54:55.434000+00:00
9149,20,15,2023-08-27 13:54:55.434000+00:00
9149,16,15,2023-08-27 13:54:55.543000+00:00
9149,20,16,2023-08-27 13:54:55.543000+00:00
9149,77,16,2023-08-27 13:54:56.512000+00:00
9149,20,17,2023-08-27 13:54:56.512000+00:00
9149,40,17,2023-08-27 13:54:57.840000+00:00
9149,20,18,2023-08-27 13:54:57.840000+00:00
9149,27,12,2023-08-27 13:57:24.931000+00:00
9149,24,13,2023-08-27 13:57:24.931000+00:00
9149,63,13,2023-08-27 13:57:27.556000+00:00
9149,24,14,2023-08-27 13:57:27.556000+00:00
9149,16,14,2023-08-27 13:57:31.103000+00:00
9149,24,15,2023-08-27 13:57:31.103000+00:00
9149,24,16,2023-08-27 13:57:31.197000+00:00
9149,77,15,2023-08-27 13:57:31.197000+00:00
9149,24,17,2023-08-27 13:57:32.306000+00:00
9149,40,16,2023-08-27 13:57:32.306000+00:00
9149,16,15,2023-08-27 13:57:37.994000+00:00
9149,77,14,2023-08-27 13:57:37.994000+00:00
9149,16,16,2023-08-27 14:01:02.115000+00:00
9149,40,15,2023-08-27 14:01:02.115000+00:00
9149,16,15,2023-08-27 14:01:25.411000+00:00
9149,40,16,2023-08-27 14:01:25.411000+00:00
9149,63,12,2023-08-27 14:02:08.754000+00:00
9149,27,13,2023-08-27 14:02:08.754000+00:00
9149,16,16,2023-08-27 14:02:09.208000+00:00
9149,40,15,2023-08-27 14:02:09.208000+00:00
9149,23,5,2023-08-27 14:02:13.239000+00:00
9149,55,6,2023-08-27 14:02:13.239000+00:00
9149,55,7,2023-08-27 14:02:17.145000+00:00
9149,31,6,2023-08-27 14:02:17.145000+00:00
9149,16,15,2023-08-27 14:02:18.067000+00:00
9149,40,16,2023-08-27 14:02:18.067000+00:00
9149,16,16,2023-08-27 14:02:21.082000+00:00
9149,40,15,2023-08-27 14:02:21.082000+00:00
9149,55,8,2023-08-27 14:02:21.223000+00:00
9149,22,7,2023-08-27 14:02:21.223000+00:00
9149,4,8,2023-08-27 14:02:21.582000+00:00
9149,55,9,2023-08-27 14:02:21.582000+00:00
9149,55,10,2023-08-27 14:02:22.207000+00:00
9149,44,9,2023-08-27 14:02:22.207000+00:00
9149,55,11,2023-08-27 14:02:24.207000+00:00
9149,81,10,2023-08-27 14:02:24.207000+00:00
9149,16,17,2023-08-27 14:02:45.207000+00:00
9149,24,16,2023-08-27 14:02:45.207000+00:00
9149,16,18,2023-08-27 14:02:50.066000+00:00
9149,20,17,2023-08-27 14:02:50.066000+00:00
9149,16,19,2023-08-27 14:02:50.082000+00:00
9149,18,18,2023-08-27 14:02:50.082000+00:00
9149,18,17,2023-08-27 14:02:57.035000+00:00
9149,20,18,2023-08-27 14:02:57.035000+00:00
9149,4,9,2023-08-27 14:03:36.643000+00:00
9149,44,8,2023-08-27 14:03:36.643000+00:00
9149,4,10,2023-08-27 14:03:38.143000+00:00
9149,81,9,2023-08-27 14:03:38.143000+00:00
9149,4,11,2023-08-27 14:03:44.878000+00:00
9149,55,10,2023-08-27 14:03:44.878000+00:00
9149,4,12,2023-08-27 14:03:47.987000+00:00
9149,63,11,2023-08-27 14:03:47.987000+00:00
9149,4,13,2023-08-27 14:03:49.675000+00:00
9149,27,12,2023-08-27 14:03:49.675000+00:00
9149,4,14,2023-08-27 14:03:54.112000+00:00
9149,77,13,2023-08-27 14:03:54.112000+00:00
9149,31,7,2023-08-27 14:04:51.877000+00:00
9149,22,6,2023-08-27 14:04:51.877000+00:00
9149,44,7,2023-08-27 14:04:54.736000+00:00
9149,31,8,2023-08-27 14:04:54.736000+00:00
9149,81,8,2023-08-27 14:04:56.767000+00:00
9149,31,9,2023-08-27 14:04:56.767000+00:00
9149,55,9,2023-08-27 14:04:59.845000+00:00
9149,31,10,2023-08-27 14:04:59.845000+00:00
9149,63,10,2023-08-27 14:05:03.736000+00:00
9149,31,11,2023-08-27 14:05:03.736000+00:00
9149,27,11,2023-08-27 14:05:06.533000+00:00
9149,31,12,2023-08-27 14:05:06.533000+00:00
9149,31,13,2023-08-27 14:05:17.735000+00:00
9149,77,12,2023-08-27 14:05:17.735000+00:00
9149,23,6,2023-08-27 14:06:10.938000+00:00
9149,22,5,2023-08-27 14:06:10.938000+00:00
9149,23,7,2023-08-27 14:06:11.078000+00:00
9149,44,6,2023-08-27 14:06:11.078000+00:00
9149,23,8,2023-08-27 14:06:12.922000+00:00
9149,81,7,2023-08-27 14:06:12.922000+00:00
9149,23,9,2023-08-27 14:06:14.813000+00:00
9149,55,8,2023-08-27 14:06:14.813000+00:00
9149,63,9,2023-08-27 14:06:19.391000+00:00
9149,23,10,2023-08-27 14:06:19.391000+00:00
9149,31,12,2023-08-27 14:06:27.406000+00:00
9149,77,13,2023-08-27 14:06:27.406000+00:00
9149,23,11,2023-08-27 14:06:30.047000+00:00
9149,27,10,2023-08-27 14:06:30.047000+00:00
9149,24,15,2023-08-27 14:06:35.672000+00:00
9149,40,16,2023-08-27 14:06:35.672000+00:00
9149,14,2,2023-08-27 14:07:04.327000+00:00
9149,11,3,2023-08-27 14:07:04.327000+00:00
9149,11,4,2023-08-27 14:07:06.796000+00:00
9149,10,3,2023-08-27 14:07:06.796000+00:00
9149,4,13,2023-08-27 14:07:19.202000+00:00
9149,77,14,2023-08-27 14:07:19.202000+00:00
9149,81,6,2023-08-27 14:07:27.327000+00:00
9149,44,7,2023-08-27 14:07:27.327000+00:00
9149,55,7,2023-08-27 14:07:27.733000+00:00
9149,44,8,2023-08-27 14:07:27.733000+00:00
9149,63,8,2023-08-27 14:07:34.874000+00:00
9149,44,9,2023-08-27 14:07:34.874000+00:00
9149,55,6,2023-08-27 14:07:36.639000+00:00
9149,81,7,2023-08-27 14:07:36.639000+00:00
9149,23,9,2023-08-27 14:07:39.795000+00:00
9149,44,10,2023-08-27 14:07:39.795000+00:00
9149,27,11,2023-08-27 14:07:39.795000+00:00
9149,44,11,2023-08-27 14:07:39.811000+00:00
9149,27,10,2023-08-27 14:07:39.811000+00:00
9149,44,12,2023-08-27 14:07:43.123000+00:00
9149,31,11,2023-08-27 14:07:43.123000+00:00
9149,4,12,2023-08-27 14:07:44.545000+00:00
9149,44,13,2023-08-27 14:07:44.545000+00:00
9149,44,14,2023-08-27 14:07:45.327000+00:00
9149,77,13,2023-08-27 14:07:45.327000+00:00
9149,11,3,2023-08-27 14:08:35.982000+00:00
9149,10,4,2023-08-27 14:08:35.982000+00:00
9149,10,5,2023-08-27 14:08:44.122000+00:00
9149,22,4,2023-08-27 14:08:44.122000+00:00
9149,55,5,2023-08-27 14:08:45.154000+00:00
9149,10,6,2023-08-27 14:08:45.154000+00:00
9149,63,7,2023-08-27 14:08:47.935000+00:00
9149,81,8,2023-08-27 14:08:47.935000+00:00
9149,23,8,2023-08-27 14:08:55.341000+00:00
9149,81,9,2023-08-27 14:08:55.341000+00:00
9149,81,10,2023-08-27 14:08:57.669000+00:00
9149,27,9,2023-08-27 14:08:57.669000+00:00
9149,81,11,2023-08-27 14:08:58.497000+00:00
9149,31,10,2023-08-27 14:08:58.497000+00:00
9149,4,11,2023-08-27 14:08:59.685000+00:00
9149,81,12,2023-08-27 14:08:59.685000+00:00
9149,81,13,2023-08-27 14:09:02.435000+00:00
9149,77,12,2023-08-27 14:09:02.435000+00:00
9149,81,14,2023-08-27 14:09:03.481000+00:00
9149,44,13,2023-08-27 14:09:03.481000+00:00
9149,18,16,2023-08-27 14:09:08.544000+00:00
9149,40,17,2023-08-27 14:09:08.544000+00:00
9149,40,18,2023-08-27 14:09:10.778000+00:00
9149,20,17,2023-08-27 14:09:10.778000+00:00
9149,81,15,2023-08-27 14:09:14.794000+00:00
9149,24,14,2023-08-27 14:09:14.794000+00:00
9149,27,10,2023-08-27 14:09:48.496000+00:00
9149,31,9,2023-08-27 14:09:48.496000+00:00
9149,55,4,2023-08-27 14:10:00.621000+00:00
9149,22,5,2023-08-27 14:10:00.621000+00:00
9149,44,12,2023-08-27 14:10:16.355000+00:00
9149,77,13,2023-08-27 14:10:16.355000+00:00
9149,4,10,2023-08-27 14:10:21.886000+00:00
9149,27,11,2023-08-27 14:10:21.886000+00:00
9149,81,13,2023-08-27 14:10:23.792000+00:00
9149,24,15,2023-08-27 14:10:23.792000+00:00
9149,77,14,2023-08-27 14:10:23.792000+00:00
9149,24,14,2023-08-27 14:10:23.886000+00:00
9149,77,15,2023-08-27 14:10:23.886000+00:00
9149,18,15,2023-08-27 14:10:26.449000+00:00
9149,77,16,2023-08-27 14:10:26.449000+00:00
9149,77,17,2023-08-27 14:10:29.386000+00:00
9149,20,16,2023-08-27 14:10:29.386000+00:00
9149,14,3,2023-08-27 14:11:05.214000+00:00
9149,11,2,2023-08-27 14:11:05.214000+00:00
9149,14,4,2023-08-27 14:11:16.073000+00:00
9149,55,3,2023-08-27 14:11:16.073000+00:00
9149,14,5,2023-08-27 14:11:25.010000+00:00
9149,22,4,2023-08-27 14:11:25.010000+00:00
9149,44,11,2023-08-27 14:11:31.119000+00:00
9149,27,12,2023-08-27 14:11:31.119000+00:00
9149,81,12,2023-08-27 14:11:38.651000+00:00
9149,27,13,2023-08-27 14:11:38.651000+00:00
9149,27,14,2023-08-27 14:11:40.229000+00:00
9149,24,13,2023-08-27 14:11:40.229000+00:00
9149,18,14,2023-08-27 14:11:42.213000+00:00
9149,27,15,2023-08-27 14:11:42.213000+00:00
9149,27,16,2023-08-27 14:11:45.635000+00:00
9149,20,15,2023-08-27 14:11:45.635000+00:00
9149,14,4,2023-08-27 14:12:08.838000+00:00
9149,22,5,2023-08-27 14:12:08.838000+00:00
9149,10,5,2023-08-27 14:13:20.539000+00:00
9149,22,6,2023-08-27 14:13:20.539000+00:00
9149,14,3,2023-08-27 14:15:08.975000+00:00
9149,55,4,2023-08-27 14:15:08.975000+00:00
9149,63,6,2023-08-27 14:15:15.694000+00:00
9149,22,7,2023-08-27 14:15:15.694000+00:00
9149,23,7,2023-08-27 14:15:55.818000+00:00
9149,22,8,2023-08-27 14:15:55.818000+00:00
9149,23,8,2023-08-27 14:16:00.990000+00:00
9149,22,7,2023-08-27 14:16:00.990000+00:00
9149,23,7,2023-08-27 14:16:24.739000+00:00
9149,22,8,2023-08-27 14:16:24.739000+00:00
9149,31,8,2023-08-27 14:17:42.550000+00:00
9149,22,9,2023-08-27 14:17:42.550000+00:00
9149,4,9,2023-08-27 14:19:01.986000+00:00
9149,22,10,2023-08-27 14:19:01.986000+00:00
9149,44,10,2023-08-27 14:19:09.455000+00:00
9149,22,11,2023-08-27 14:19:09.455000+00:00
9149,4,10,2023-08-27 14:20:17.188000+00:00
9149,44,9,2023-08-27 14:20:17.188000+00:00
9149,81,11,2023-08-27 14:20:17.891000+00:00
9149,22,12,2023-08-27 14:20:17.891000+00:00
9149,63,7,2023-08-27 14:20:18.579000+00:00
9149,23,6,2023-08-27 14:20:18.579000+00:00
9149,27,15,2023-08-27 14:20:37.782000+00:00
9149,20,16,2023-08-27 14:20:37.782000+00:00
9149,44,8,2023-08-27 14:22:45.279000+00:00
9149,31,9,2023-08-27 14:22:45.279000+00:00
9149,63,8,2023-08-27 14:24:52.527000+00:00
9149,44,7,2023-08-27 14:24:52.527000+00:00
9149,55,5,2023-08-27 14:25:11.949000+00:00
9149,10,4,2023-08-27 14:25:11.949000+00:00
9149,14,2,2023-08-27 14:26:10.526000+00:00
9149,11,3,2023-08-27 14:26:10.526000+00:00
9149,23,3,2023-08-27 14:26:27.541000+00:00
9149,55,6,2023-08-27 14:26:27.541000+00:00
9149,11,4,2023-08-27 14:26:27.541000+00:00
9149,10,5,2023-08-27 14:26:27.541000+00:00
9149,63,9,2023-08-27 14:26:31.244000+00:00
9149,44,8,2023-08-27 14:26:31.244000+00:00
9149,31,7,2023-08-27 14:26:31.244000+00:00
9149,55,7,2023-08-27 14:26:33.494000+00:00
9149,10,6,2023-08-27 14:26:33.494000+00:00
9149,31,5,2023-08-27 14:26:33.494000+00:00
9149,4,9,2023-08-27 14:26:55.634000+00:00
9149,63,10,2023-08-27 14:26:55.634000+00:00
9149,77,16,2023-08-27 14:27:28.993000+00:00
9149,20,17,2023-08-27 14:27:28.993000+00:00
9149,23,4,2023-08-27 14:27:40.118000+00:00
9149,11,3,2023-08-27 14:27:40.118000+00:00
9149,40,17,2023-08-27 14:27:42.587000+00:00
9149,20,18,2023-08-27 14:27:42.587000+00:00
9149,14,3,2023-08-27 14:27:54.743000+00:00
9149,11,2,2023-08-27 14:27:54.743000+00:00
9149,10,5,2023-08-27 14:28:03.946000+00:00
9149,31,6,2023-08-27 14:28:03.946000+00:00
9149,23,5,2023-08-27 14:28:06.305000+00:00
9149,10,4,2023-08-27 14:28:06.305000+00:00
9149,23,6,2023-08-27 14:28:07.977000+00:00
9149,55,5,2023-08-27 14:28:07.977000+00:00
9149,31,7,2023-08-27 14:28:07.977000+00:00
9149,23,7,2023-08-27 14:28:15.195000+00:00
9149,44,6,2023-08-27 14:28:15.195000+00:00
9149,31,8,2023-08-27 14:28:15.195000+00:00
9149,4,8,2023-08-27 14:28:20.133000+00:00
9149,31,9,2023-08-27 14:28:20.133000+00:00
9149,63,9,2023-08-27 14:28:22.070000+00:00
9149,31,10,2023-08-27 14:28:22.070000+00:00
9149,4,7,2023-08-27 14:28:28.179000+00:00
9149,23,8,2023-08-27 14:28:28.179000+00:00
9149,81,10,2023-08-27 14:28:36.273000+00:00
9149,31,11,2023-08-27 14:28:36.273000+00:00
9149,63,8,2023-08-27 14:28:45.664000+00:00
9149,23,9,2023-08-27 14:28:45.664000+00:00
9149,14,2,2023-08-27 14:29:33.178000+00:00
9149,11,3,2023-08-27 14:29:33.178000+00:00
9149,18,13,2023-08-27 14:30:24.021000+00:00
9149,24,14,2023-08-27 14:30:24.021000+00:00
9149,27,14,2023-08-27 14:30:26.521000+00:00
9149,24,15,2023-08-27 14:30:26.521000+00:00
9149,24,16,2023-08-27 14:30:39.162000+00:00
9149,77,17,2023-08-27 14:30:39.162000+00:00
9149,40,15,2023-08-27 14:30:39.162000+00:00
9149,24,17,2023-08-27 14:30:39.646000+00:00
9149,77,15,2023-08-27 14:30:39.646000+00:00
9149,40,16,2023-08-27 14:30:39.646000+00:00
9149,24,18,2023-08-27 14:30:41.474000+00:00
9149,20,17,2023-08-27 14:30:41.474000+00:00
9149,11,4,2023-08-27 14:31:05.567000+00:00
9149,10,3,2023-08-27 14:31:05.567000+00:00
9149,55,4,2023-08-27 14:31:12.786000+00:00
9149,11,5,2023-08-27 14:31:12.786000+00:00
9149,11,6,2023-08-27 14:31:17.020000+00:00
9149,44,5,2023-08-27 14:31:17.020000+00:00
9149,55,5,2023-08-27 15:14:22.177000+00:00
9149,11,3,2023-08-27 15:14:22.177000+00:00
9149,10,4,2023-08-27 15:14:22.177000+00:00
9149,44,6,2023-08-27 15:14:22.177000+00:00
9149,4,8,2023-08-27 15:19:28.172000+00:00
9149,63,7,2023-08-27 15:19:28.172000+00:00
9149,77,16,2023-08-27 15:19:32.875000+00:00
9149,40,15,2023-08-27 15:19:32.875000+00:00
9149,4,7,2023-08-27 15:20:01.874000+00:00
9149,63,8,2023-08-27 15:20:01.874000+00:00
9149,4,8,2023-08-27 15:20:05.343000+00:00
9149,63,7,2023-08-27 15:20:05.343000+00:00
9149,4,7,2023-08-27 15:20:11.890000+00:00
9149,63,8,2023-08-27 15:20:11.890000+00:00
9149,18,12,2023-08-27 15:20:15.827000+00:00
9149,22,13,2023-08-27 15:20:15.827000+00:00
9149,63,9,2023-08-27 15:20:17.077000+00:00
9149,23,8,2023-08-27 15:20:17.077000+00:00
9149,63,10,2023-08-27 15:20:17.734000+00:00
9149,81,9,2023-08-27 15:20:17.734000+00:00
9149,27,13,2023-08-27 15:20:20.921000+00:00
9149,22,14,2023-08-27 15:20:20.921000+00:00
9149,63,11,2023-08-27 15:20:24.124000+00:00
9149,31,10,2023-08-27 15:20:24.124000+00:00
9149,63,12,2023-08-27 15:20:25.374000+00:00
9149,18,11,2023-08-27 15:20:25.374000+00:00
9149,63,13,2023-08-27 15:20:26.390000+00:00
9149,27,12,2023-08-27 15:20:26.390000+00:00
9149,63,14,2023-08-27 15:20:26.671000+00:00
9149,22,13,2023-08-27 15:20:26.671000+00:00
9149,63,15,2023-08-27 15:20:26.905000+00:00
9149,40,14,2023-08-27 15:20:26.905000+00:00
9149,63,16,2023-08-27 15:20:27.858000+00:00
9149,77,15,2023-08-27 15:20:27.858000+00:00
9149,63,17,2023-08-27 15:20:28.608000+00:00
9149,20,16,2023-08-27 15:20:28.608000+00:00
9149,77,16,2023-08-27 15:21:02.936000+00:00
9149,20,15,2023-08-27 15:21:02.936000+00:00
9149,11,4,2023-08-27 15:27:23.288000+00:00
9149,10,3,2023-08-27 15:27:23.288000+00:00
9149,22,16,2023-08-27 15:27:23.288000+00:00
9149,77,15,2023-08-27 15:27:23.288000+00:00
9149,40,13,2023-08-27 15:27:23.288000+00:00
9149,20,14,2023-08-27 15:27:23.288000+00:00
9149,22,13,2023-08-27 15:27:34.913000+00:00
9149,77,16,2023-08-27 15:27:34.913000+00:00
9149,40,14,2023-08-27 15:27:34.913000+00:00
9149,20,15,2023-08-27 15:27:34.913000+00:00
9149,22,14,2023-08-27 15:27:36.179000+00:00
9149,40,13,2023-08-27 15:27:36.179000+00:00
9149,22,15,2023-08-27 15:27:36.444000+00:00
9149,20,14,2023-08-27 15:27:36.444000+00:00
9149,22,16,2023-08-27 15:27:37.382000+00:00
9149,77,15,2023-08-27 15:27:37.382000+00:00
9157,55,1,2023-09-03 12:01:07.559000+00:00
9157,1,2,2023-09-03 12:01:07.559000+00:00
9157,16,3,2023-09-03 12:01:07.559000+00:00
9157,63,4,2023-09-03 12:01:07.559000+00:00
9157,11,5,2023-09-03 12:01:07.559000+00:00
9157,23,6,2023-09-03 12:01:07.559000+00:00
9157,81,7,2023-09-03 12:01:07.559000+00:00
9157,44,8,2023-09-03 12:01:07.559000+00:00
9157,4,9,2023-09-03 12:01:07.559000+00:00
9157,14,10,2023-09-03 12:01:07.559000+00:00
9157,22,11,2023-09-03 12:01:07.559000+00:00
9157,40,12,2023-09-03 12:01:07.559000+00:00
9157,27,13,2023-09-03 12:01:07.559000+00:00
9157,77,14,2023-09-03 12:01:07.559000+00:00
9157,2,15,2023-09-03 12:01:07.559000+00:00
9157,24,16,2023-09-03 12:01:07.559000+00:00
9157,10,17,2023-09-03 12:01:07.559000+00:00
9157,31,18,2023-09-03 12:01:07.559000+00:00
9157,20,19,2023-09-03 12:01:07.559000+00:00
9157,18,20,2023-09-03 12:01:07.559000+00:00
9157,22,12,2023-09-03 13:23:33.207000+00:00
9157,40,13,2023-09-03 13:23:33.207000+00:00
9157,27,11,2023-09-03 13:23:33.207000+00:00
9157,22,13,2023-09-03 13:23:33.426000+00:00
9157,40,14,2023-09-03 13:23:33.426000+00:00
9157,77,12,2023-09-03 13:23:33.426000+00:00
9157,22,14,2023-09-03 13:23:33.535000+00:00
9157,40,13,2023-09-03 13:23:33.535000+00:00
9157,22,15,2023-09-03 13:23:33.598000+00:00
9157,2,14,2023-09-03 13:23:33.598000+00:00
9157,22,16,2023-09-03 13:23:33.676000+00:00
9157,24,15,2023-09-03 13:23:33.676000+00:00
9157,22,17,2023-09-03 13:23:33.785000+00:00
9157,10,16,2023-09-03 13:23:33.785000+00:00
9157,22,18,2023-09-03 13:23:33.863000+00:00
9157,31,17,2023-09-03 13:23:33.863000+00:00
9157,22,19,2023-09-03 13:23:33.988000+00:00
9157,20,18,2023-09-03 13:23:33.988000+00:00
9157,22,20,2023-09-03 13:23:34.082000+00:00
9157,18,19,2023-09-03 13:23:34.082000+00:00
9157,23,7,2023-09-03 13:23:34.520000+00:00
9157,81,6,2023-09-03 13:23:34.520000+00:00
9157,40,12,2023-09-03 13:23:35.488000+00:00
9157,77,13,2023-09-03 13:23:35.488000+00:00
9157,44,9,2023-09-03 13:23:43.598000+00:00
9157,4,8,2023-09-03 13:23:43.598000+00:00
9157,10,17,2023-09-03 13:23:45.629000+00:00
9157,31,16,2023-09-03 13:23:45.629000+00:00
9157,14,11,2023-09-03 13:24:04.660000+00:00
9157,27,10,2023-09-03 13:24:04.660000+00:00
9157,77,14,2023-09-03 13:24:05.426000+00:00
9157,2,13,2023-09-03 13:24:05.426000+00:00
9157,23,6,2023-09-03 13:25:24.081000+00:00
9157,81,7,2023-09-03 13:25:24.081000+00:00
9157,20,19,2023-09-03 13:28:14.610000+00:00
9157,18,18,2023-09-03 13:28:14.610000+00:00
9157,14,10,2023-09-03 13:33:57.263000+00:00
9157,27,11,2023-09-03 13:33:57.263000+00:00
9157,10,18,2023-09-03 13:38:09.526000+00:00
9157,18,17,2023-09-03 13:38:09.526000+00:00
9157,10,19,2023-09-03 13:38:18.885000+00:00
9157,20,18,2023-09-03 13:38:18.885000+00:00
9157,24,16,2023-09-03 13:39:34.509000+00:00
9157,31,15,2023-09-03 13:39:34.509000+00:00
9157,24,17,2023-09-03 13:39:36.915000+00:00
9157,18,16,2023-09-03 13:39:36.915000+00:00
9157,24,18,2023-09-03 13:39:47.649000+00:00
9157,20,17,2023-09-03 13:39:47.649000+00:00
9157,40,11,2023-09-03 13:39:48.962000+00:00
9157,27,12,2023-09-03 13:39:48.962000+00:00
9157,24,17,2023-09-03 13:41:29.398000+00:00
9157,20,18,2023-09-03 13:41:29.398000+00:00
9157,10,18,2023-09-03 13:41:33.664000+00:00
9157,20,19,2023-09-03 13:41:33.664000+00:00
9157,63,5,2023-09-03 13:42:21.007000+00:00
9157,11,4,2023-09-03 13:42:21.007000+00:00
9157,40,12,2023-09-03 13:42:28.070000+00:00
9157,27,11,2023-09-03 13:42:28.070000+00:00
9157,40,13,2023-09-03 13:42:28.741000+00:00
9157,2,12,2023-09-03 13:42:28.741000+00:00
9157,40,14,2023-09-03 13:42:29.726000+00:00
9157,77,13,2023-09-03 13:42:29.726000+00:00
9157,40,15,2023-09-03 13:42:30.585000+00:00
9157,31,14,2023-09-03 13:42:30.585000+00:00
9157,40,16,2023-09-03 13:42:37.054000+00:00
9157,18,15,2023-09-03 13:42:37.054000+00:00
9157,63,4,2023-09-03 13:42:42.663000+00:00
9157,11,5,2023-09-03 13:42:42.663000+00:00
9157,55,2,2023-09-03 13:43:54.647000+00:00
9157,1,1,2023-09-03 13:43:54.647000+00:00
9157,27,12,2023-09-03 13:43:57.772000+00:00
9157,77,11,2023-09-03 13:43:57.772000+00:00
9157,2,13,2023-09-03 13:43:57.772000+00:00
9157,27,13,2023-09-03 13:43:58.709000+00:00
9157,2,14,2023-09-03 13:43:58.709000+00:00
9157,31,12,2023-09-03 13:43:58.709000+00:00
9157,55,1,2023-09-03 13:43:59.584000+00:00
9157,1,2,2023-09-03 13:43:59.584000+00:00
9157,2,15,2023-09-03 13:44:00.990000+00:00
9157,18,14,2023-09-03 13:44:00.990000+00:00
9157,27,14,2023-09-03 13:44:05.115000+00:00
9157,18,13,2023-09-03 13:44:05.115000+00:00
9157,55,2,2023-09-03 13:44:11.022000+00:00
9157,1,1,2023-09-03 13:44:11.022000+00:00
9157,27,15,2023-09-03 13:44:22.631000+00:00
9157,2,14,2023-09-03 13:44:22.631000+00:00
9157,40,15,2023-09-03 13:44:22.818000+00:00
9157,27,16,2023-09-03 13:44:22.818000+00:00
9157,40,14,2023-09-03 13:44:26.615000+00:00
9157,2,15,2023-09-03 13:44:26.615000+00:00
9157,27,17,2023-09-03 13:44:27.037000+00:00
9157,2,16,2023-09-03 13:44:27.037000+00:00
9157,24,15,2023-09-03 13:44:27.037000+00:00
9157,23,7,2023-09-03 13:45:13.865000+00:00
9157,81,6,2023-09-03 13:45:13.865000+00:00
9157,63,5,2023-09-03 13:45:13.958000+00:00
9157,11,4,2023-09-03 13:45:13.958000+00:00
9157,23,8,2023-09-03 13:45:14.661000+00:00
9157,4,7,2023-09-03 13:45:14.661000+00:00
9157,23,9,2023-09-03 13:45:15.318000+00:00
9157,44,8,2023-09-03 13:45:15.318000+00:00
9157,23,10,2023-09-03 13:45:22.380000+00:00
9157,14,9,2023-09-03 13:45:22.380000+00:00
9157,23,11,2023-09-03 13:45:29.349000+00:00
9157,77,10,2023-09-03 13:45:29.349000+00:00
9157,23,12,2023-09-03 13:45:31.036000+00:00
9157,31,11,2023-09-03 13:45:31.036000+00:00
9157,23,13,2023-09-03 13:45:33.302000+00:00
9157,18,12,2023-09-03 13:45:33.302000+00:00
9157,55,3,2023-09-03 13:50:52.798000+00:00
9157,16,2,2023-09-03 13:50:52.798000+00:00
9157,55,4,2023-09-03 13:50:53.548000+00:00
9157,11,3,2023-09-03 13:50:53.548000+00:00
9157,55,5,2023-09-03 13:51:07.408000+00:00
9157,63,6,2023-09-03 13:51:07.408000+00:00
9157,81,4,2023-09-03 13:51:07.408000+00:00
9157,55,6,2023-09-03 13:51:08.064000+00:00
9157,63,7,2023-09-03 13:51:08.064000+00:00
9157,4,5,2023-09-03 13:51:08.064000+00:00
9157,55,7,2023-09-03 13:51:08.986000+00:00
9157,63,8,2023-09-03 13:51:08.986000+00:00
9157,44,6,2023-09-03 13:51:08.986000+00:00
9157,55,8,2023-09-03 13:51:11.283000+00:00
9157,63,9,2023-09-03 13:51:11.283000+00:00
9157,14,7,2023-09-03 13:51:11.283000+00:00
9157,63,10,2023-09-03 13:51:19.892000+00:00
9157,77,9,2023-09-03 13:51:19.892000+00:00
9157,55,9,2023-09-03 13:51:23.736000+00:00
9157,77,8,2023-09-03 13:51:23.736000+00:00
9157,63,11,2023-09-03 13:51:29.282000+00:00
9157,31,10,2023-09-03 13:51:29.282000+00:00
9157,63,10,2023-09-03 13:51:37.173000+00:00
9157,31,11,2023-09-03 13:51:37.173000+00:00
9157,55,8,2023-09-03 13:52:16.438000+00:00
9157,77,9,2023-09-03 13:52:16.438000+00:00
9157,16,3,2023-09-03 13:52:20.063000+00:00
9157,11,2,2023-09-03 13:52:20.063000+00:00
9157,1,2,2023-09-03 13:52:24.219000+00:00
9157,11,1,2023-09-03 13:52:24.219000+00:00
9157,1,3,2023-09-03 13:52:35.157000+00:00
9157,16,4,2023-09-03 13:52:35.157000+00:00
9157,81,2,2023-09-03 13:52:35.157000+00:00
9157,1,4,2023-09-03 13:52:35.828000+00:00
9157,16,5,2023-09-03 13:52:35.828000+00:00
9157,4,3,2023-09-03 13:52:35.828000+00:00
9157,1,5,2023-09-03 13:52:36.797000+00:00
9157,16,6,2023-09-03 13:52:36.797000+00:00
9157,44,4,2023-09-03 13:52:36.797000+00:00
9157,16,7,2023-09-03 13:52:39.563000+00:00
9157,14,6,2023-09-03 13:52:39.563000+00:00
9157,1,6,2023-09-03 13:52:43.313000+00:00
9157,14,5,2023-09-03 13:52:43.313000+00:00
9157,55,7,2023-09-03 13:52:52.547000+00:00
9157,16,8,2023-09-03 13:52:52.547000+00:00
9157,23,12,2023-09-03 13:52:53.531000+00:00
9157,18,13,2023-09-03 13:52:53.531000+00:00
9157,40,13,2023-09-03 13:53:05.047000+00:00
9157,18,14,2023-09-03 13:53:05.047000+00:00
9157,24,14,2023-09-03 13:53:06.422000+00:00
9157,18,15,2023-09-03 13:53:06.422000+00:00
9157,2,15,2023-09-03 13:53:08.422000+00:00
9157,18,16,2023-09-03 13:53:08.422000+00:00
9157,27,16,2023-09-03 13:53:10.125000+00:00
9157,18,17,2023-09-03 13:53:10.125000+00:00
9157,10,17,2023-09-03 13:53:11.031000+00:00
9157,18,18,2023-09-03 13:53:11.031000+00:00
9157,63,9,2023-09-03 13:53:43.218000+00:00
9157,77,10,2023-09-03 13:53:43.218000+00:00
9157,1,5,2023-09-03 13:54:01.656000+00:00
9157,14,6,2023-09-03 13:54:01.656000+00:00
9157,11,2,2023-09-03 13:54:02.781000+00:00
9157,81,1,2023-09-03 13:54:02.781000+00:00
9157,11,3,2023-09-03 13:54:03.515000+00:00
9157,4,2,2023-09-03 13:54:03.515000+00:00
9157,11,4,2023-09-03 13:54:04.187000+00:00
9157,44,3,2023-09-03 13:54:04.187000+00:00
9157,1,4,2023-09-03 13:54:07.671000+00:00
9157,11,5,2023-09-03 13:54:07.671000+00:00
9157,55,6,2023-09-03 13:54:13.390000+00:00
9157,14,7,2023-09-03 13:54:13.390000+00:00
9157,16,7,2023-09-03 13:54:13.827000+00:00
9157,14,8,2023-09-03 13:54:13.827000+00:00
9157,63,8,2023-09-03 13:54:16.265000+00:00
9157,14,9,2023-09-03 13:54:16.265000+00:00
9157,55,5,2023-09-03 13:54:17.187000+00:00
9157,11,6,2023-09-03 13:54:17.187000+00:00
9157,14,10,2023-09-03 13:54:17.343000+00:00
9157,77,9,2023-09-03 13:54:17.343000+00:00
9157,16,6,2023-09-03 13:54:17.468000+00:00
9157,11,7,2023-09-03 13:54:17.468000+00:00
9157,14,11,2023-09-03 13:54:21.765000+00:00
9157,31,10,2023-09-03 13:54:21.765000+00:00
9157,23,11,2023-09-03 13:54:24.187000+00:00
9157,14,12,2023-09-03 13:54:24.187000+00:00
9157,44,2,2023-09-03 13:55:27.280000+00:00
9157,4,3,2023-09-03 13:55:27.280000+00:00
9157,1,3,2023-09-03 13:55:29.452000+00:00
9157,4,4,2023-09-03 13:55:29.452000+00:00
9157,55,4,2023-09-03 13:55:39.045000+00:00
9157,4,5,2023-09-03 13:55:39.045000+00:00
9157,16,5,2023-09-03 13:55:39.514000+00:00
9157,4,6,2023-09-03 13:55:39.514000+00:00
9157,11,6,2023-09-03 13:55:40.295000+00:00
9157,4,7,2023-09-03 13:55:40.295000+00:00
9157,63,7,2023-09-03 13:55:42.920000+00:00
9157,4,8,2023-09-03 13:55:42.920000+00:00
9157,4,9,2023-09-03 13:55:45.483000+00:00
9157,77,8,2023-09-03 13:55:45.483000+00:00
9157,4,10,2023-09-03 13:55:50.670000+00:00
9157,31,9,2023-09-03 13:55:50.670000+00:00
9157,23,10,2023-09-03 13:55:54.623000+00:00
9157,4,11,2023-09-03 13:55:54.623000+00:00
9157,23,9,2023-09-03 13:55:56.045000+00:00
9157,31,10,2023-09-03 13:55:56.045000+00:00
9157,81,2,2023-09-03 13:56:54.544000+00:00
9157,44,1,2023-09-03 13:56:54.544000+00:00
9157,1,2,2023-09-03 13:56:55.638000+00:00
9157,81,3,2023-09-03 13:56:55.638000+00:00
9157,55,3,2023-09-03 13:57:04.747000+00:00
9157,81,4,2023-09-03 13:57:04.747000+00:00
9157,16,4,2023-09-03 13:57:05.310000+00:00
9157,81,5,2023-09-03 13:57:05.310000+00:00
9157,11,5,2023-09-03 13:57:05.857000+00:00
9157,81,6,2023-09-03 13:57:05.857000+00:00
9157,63,6,2023-09-03 13:57:09.732000+00:00
9157,81,7,2023-09-03 13:57:09.732000+00:00
9157,81,8,2023-09-03 13:57:13.622000+00:00
9157,77,7,2023-09-03 13:57:13.622000+00:00
9157,23,8,2023-09-03 13:57:18.028000+00:00
9157,81,9,2023-09-03 13:57:18.028000+00:00
9157,81,10,2023-09-03 13:57:23.919000+00:00
9157,31,9,2023-09-03 13:57:23.919000+00:00
9157,81,11,2023-09-03 13:57:26.638000+00:00
9157,4,10,2023-09-03 13:57:26.638000+00:00
9157,4,9,2023-09-03 13:58:14.809000+00:00
9157,31,10,2023-09-03 13:58:14.809000+00:00
9157,1,1,2023-09-03 13:58:25.981000+00:00
9157,44,2,2023-09-03 13:58:25.981000+00:00
9157,81,10,2023-09-03 13:58:29.778000+00:00
9157,31,11,2023-09-03 13:58:29.778000+00:00
9157,81,11,2023-09-03 13:58:29.793000+00:00
9157,31,10,2023-09-03 13:58:29.793000+00:00
9157,81,10,2023-09-03 13:58:31.856000+00:00
9157,31,11,2023-09-03 13:58:31.856000+00:00
9157,14,11,2023-09-03 13:58:48.887000+00:00
9157,31,12,2023-09-03 13:58:48.887000+00:00
9157,40,12,2023-09-03 13:58:54.496000+00:00
9157,31,13,2023-09-03 13:58:54.496000+00:00
9157,24,13,2023-09-03 13:58:55.340000+00:00
9157,31,14,2023-09-03 13:58:55.340000+00:00
9157,2,14,2023-09-03 13:58:57.496000+00:00
9157,31,15,2023-09-03 13:58:57.496000+00:00
9157,27,15,2023-09-03 13:58:58.746000+00:00
9157,31,16,2023-09-03 13:58:58.746000+00:00
9157,10,16,2023-09-03 13:59:00.512000+00:00
9157,31,17,2023-09-03 13:59:00.512000+00:00
9157,31,18,2023-09-03 13:59:08.699000+00:00
9157,18,17,2023-09-03 13:59:08.699000+00:00
9157,31,19,2023-09-03 13:59:15.777000+00:00
9157,20,18,2023-09-03 13:59:15.777000+00:00
9157,23,7,2023-09-03 14:00:07.527000+00:00
9157,77,8,2023-09-03 14:00:07.527000+00:00
9157,81,9,2023-09-03 14:00:09.886000+00:00
9157,4,8,2023-09-03 14:00:09.886000+00:00
9157,14,10,2023-09-03 14:00:09.886000+00:00
9157,40,11,2023-09-03 14:00:09.886000+00:00
9157,27,14,2023-09-03 14:00:09.886000+00:00
9157,77,19,2023-09-03 14:00:09.886000+00:00
9157,2,13,2023-09-03 14:00:09.886000+00:00
9157,24,12,2023-09-03 14:00:09.886000+00:00
9157,10,15,2023-09-03 14:00:09.886000+00:00
9157,31,18,2023-09-03 14:00:09.886000+00:00
9157,20,17,2023-09-03 14:00:09.886000+00:00
9157,18,16,2023-09-03 14:00:09.886000+00:00
9157,81,10,2023-09-03 14:00:09.902000+00:00
9157,14,11,2023-09-03 14:00:09.902000+00:00
9157,40,12,2023-09-03 14:00:09.902000+00:00
9157,27,15,2023-09-03 14:00:09.902000+00:00
9157,77,9,2023-09-03 14:00:09.902000+00:00
9157,2,14,2023-09-03 14:00:09.902000+00:00
9157,24,13,2023-09-03 14:00:09.902000+00:00
9157,10,16,2023-09-03 14:00:09.902000+00:00
9157,31,19,2023-09-03 14:00:09.902000+00:00
9157,20,18,2023-09-03 14:00:09.902000+00:00
9157,18,17,2023-09-03 14:00:09.902000+00:00
9157,81,9,2023-09-03 14:00:15.230000+00:00
9157,77,10,2023-09-03 14:00:15.230000+00:00
9157,14,10,2023-09-03 14:00:19.948000+00:00
9157,77,11,2023-09-03 14:00:19.948000+00:00
9157,40,11,2023-09-03 14:00:21.776000+00:00
9157,77,12,2023-09-03 14:00:21.776000+00:00
9157,77,13,2023-09-03 14:00:22.386000+00:00
9157,24,12,2023-09-03 14:00:22.386000+00:00
9157,77,14,2023-09-03 14:00:24.667000+00:00
9157,2,13,2023-09-03 14:00:24.667000+00:00
9157,27,14,2023-09-03 14:00:26.026000+00:00
9157,77,15,2023-09-03 14:00:26.026000+00:00
9157,77,16,2023-09-03 14:00:27.729000+00:00
9157,10,15,2023-09-03 14:00:27.729000+00:00
9157,55,2,2023-09-03 14:02:17.759000+00:00
9157,44,3,2023-09-03 14:02:17.759000+00:00
9157,16,3,2023-09-03 14:02:27.962000+00:00
9157,44,4,2023-09-03 14:02:27.962000+00:00
9157,16,4,2023-09-03 14:02:27.994000+00:00
9157,44,3,2023-09-03 14:02:27.994000+00:00
9157,16,3,2023-09-03 14:02:30.337000+00:00
9157,44,4,2023-09-03 14:02:30.337000+00:00
9157,16,4,2023-09-03 14:02:32.447000+00:00
9157,44,3,2023-09-03 14:02:32.447000+00:00
9157,16,3,2023-09-03 14:02:34.900000+00:00
9157,44,4,2023-09-03 14:02:34.900000+00:00
9157,11,4,2023-09-03 14:02:44.009000+00:00
9157,44,5,2023-09-03 14:02:44.009000+00:00
9157,63,5,2023-09-03 14:02:55.134000+00:00
9157,44,6,2023-09-03 14:02:55.134000+00:00
9157,23,6,2023-09-03 14:03:05.462000+00:00
9157,44,7,2023-09-03 14:03:05.462000+00:00
9157,44,8,2023-09-03 14:03:06.884000+00:00
9157,4,7,2023-09-03 14:03:06.884000+00:00
9157,81,8,2023-09-03 14:03:07.728000+00:00
9157,44,9,2023-09-03 14:03:07.728000+00:00
9157,44,10,2023-09-03 14:03:17.118000+00:00
9157,14,9,2023-09-03 14:03:17.118000+00:00
9157,44,9,2023-09-03 14:04:45.273000+00:00
9157,14,10,2023-09-03 14:04:45.273000+00:00
9157,16,4,2023-09-03 14:08:36.802000+00:00
9157,11,3,2023-09-03 14:08:36.802000+00:00
9157,77,15,2023-09-03 14:09:06.989000+00:00
9157,10,16,2023-09-03 14:09:06.989000+00:00
9157,10,17,2023-09-03 14:09:13.192000+00:00
9157,18,16,2023-09-03 14:09:13.192000+00:00
9157,10,18,2023-09-03 14:09:23.473000+00:00
9157,20,17,2023-09-03 14:09:23.473000+00:00
9157,10,19,2023-09-03 14:09:24.270000+00:00
9157,31,18,2023-09-03 14:09:24.270000+00:00
9157,31,17,2023-09-03 14:10:56.363000+00:00
9157,20,18,2023-09-03 14:10:56.363000+00:00
9157,27,15,2023-09-03 14:11:35.425000+00:00
9157,77,14,2023-09-03 14:11:35.425000+00:00
9157,40,12,2023-09-03 14:11:59.347000+00:00
9157,2,11,2023-09-03 14:11:59.347000+00:00
9157,24,13,2023-09-03 14:11:59.347000+00:00
9157,77,13,2023-09-03 14:12:02.425000+00:00
9157,24,14,2023-09-03 14:12:02.425000+00:00
9157,40,13,2023-09-03 14:12:06.440000+00:00
9157,77,12,2023-09-03 14:12:06.440000+00:00
9157,40,14,2023-09-03 14:12:07.362000+00:00
9157,27,13,2023-09-03 14:12:07.362000+00:00
9157,24,15,2023-09-03 14:12:07.362000+00:00
9157,40,15,2023-09-03 14:12:11.112000+00:00
9157,24,16,2023-09-03 14:12:11.112000+00:00
9157,18,14,2023-09-03 14:12:11.112000+00:00
9157,40,16,2023-09-03 14:12:18.471000+00:00
9157,24,17,2023-09-03 14:12:18.471000+00:00
9157,31,15,2023-09-03 14:12:18.471000+00:00
9157,10,18,2023-09-03 14:12:30.456000+00:00
9157,20,19,2023-09-03 14:12:30.456000+00:00
9157,23,7,2023-09-03 14:17:46.374000+00:00
9157,4,6,2023-09-03 14:17:46.374000+00:00
9157,23,6,2023-09-03 14:17:52.515000+00:00
9157,4,7,2023-09-03 14:17:52.515000+00:00
9157,27,14,2023-09-03 14:18:04.858000+00:00
9157,18,13,2023-09-03 14:18:04.858000+00:00
9157,40,15,2023-09-03 14:20:31.700000+00:00
9157,31,16,2023-09-03 14:20:31.700000+00:00
9157,24,16,2023-09-03 14:20:50.934000+00:00
9157,31,17,2023-09-03 14:20:50.934000+00:00
9157,81,9,2023-09-03 14:20:54.606000+00:00
9157,44,8,2023-09-03 14:20:54.606000+00:00
9157,10,17,2023-09-03 14:20:56.106000+00:00
9157,31,18,2023-09-03 14:20:56.106000+00:00
9157,81,8,2023-09-03 14:21:01.309000+00:00
9157,44,9,2023-09-03 14:21:01.309000+00:00
9157,40,14,2023-09-03 14:21:02.622000+00:00
9157,27,15,2023-09-03 14:21:02.622000+00:00
9157,27,16,2023-09-03 14:21:07.762000+00:00
9157,24,15,2023-09-03 14:21:07.762000+00:00
9157,27,17,2023-09-03 14:21:10.622000+00:00
9157,10,16,2023-09-03 14:21:10.622000+00:00
9157,31,19,2023-09-03 14:21:27.325000+00:00
9157,20,18,2023-09-03 14:21:27.325000+00:00
9157,81,9,2023-09-03 14:22:21.605000+00:00
9157,44,8,2023-09-03 14:22:21.605000+00:00
9157,81,10,2023-09-03 14:23:22.933000+00:00
9157,14,9,2023-09-03 14:23:22.933000+00:00
9157,81,11,2023-09-03 14:23:41.386000+00:00
9157,2,10,2023-09-03 14:23:41.386000+00:00
9157,81,12,2023-09-03 14:23:41.995000+00:00
9157,77,11,2023-09-03 14:23:41.995000+00:00
9157,81,13,2023-09-03 14:23:47.683000+00:00
9157,18,12,2023-09-03 14:23:47.683000+00:00
9157,81,14,2023-09-03 14:23:59.073000+00:00
9157,40,13,2023-09-03 14:23:59.073000+00:00
9157,55,3,2023-09-03 14:24:31.229000+00:00
9157,11,2,2023-09-03 14:24:31.229000+00:00
9157,55,2,2023-09-03 14:24:34.557000+00:00
9157,11,3,2023-09-03 14:24:34.557000+00:00
9157,77,10,2023-09-03 14:25:22.119000+00:00
9157,2,11,2023-09-03 14:25:22.119000+00:00
9157,55,3,2023-09-03 14:27:23.727000+00:00
9157,11,2,2023-09-03 14:27:23.727000+00:00
9157,55,2,2023-09-03 14:27:34.883000+00:00
9157,11,3,2023-09-03 14:27:34.883000+00:00
9157,44,7,2023-09-03 14:27:45.899000+00:00
9157,4,8,2023-09-03 14:27:45.899000+00:00
9157,40,12,2023-09-03 14:27:59.055000+00:00
9157,18,13,2023-09-03 14:27:59.055000+00:00
9157,81,13,2023-09-03 14:28:06.273000+00:00
9157,18,14,2023-09-03 14:28:06.273000+00:00
9157,81,14,2023-09-03 14:28:09.992000+00:00
9157,18,13,2023-09-03 14:28:09.992000+00:00
9157,55,3,2023-09-03 14:28:41.195000+00:00
9157,11,2,2023-09-03 14:28:41.195000+00:00
9157,81,13,2023-09-03 14:28:47.257000+00:00
9157,18,14,2023-09-03 14:28:47.257000+00:00
9157,55,4,2023-09-03 14:30:04.850000+00:00
9157,16,3,2023-09-03 14:30:04.850000+00:00
9157,55,3,2023-09-03 14:30:21.897000+00:00
9157,16,4,2023-09-03 14:30:21.897000+00:00
9157,55,4,2023-09-03 14:30:24.397000+00:00
9157,16,3,2023-09-03 14:30:24.397000+00:00
9157,55,3,2023-09-03 14:30:31.350000+00:00
9157,16,4,2023-09-03 14:30:31.350000+00:00
9157,55,4,2023-09-03 14:30:31.381000+00:00
9157,16,3,2023-09-03 14:30:31.381000+00:00
9157,55,3,2023-09-03 14:30:37.975000+00:00
9157,16,4,2023-09-03 14:30:37.975000+00:00
9157,23,7,2023-09-03 14:30:49.537000+00:00
9157,44,6,2023-09-03 14:30:49.537000+00:00
9157,23,8,2023-09-03 14:33:36.207000+00:00
9157,4,7,2023-09-03 14:33:36.207000+00:00
9157,23,7,2023-09-03 14:33:55.019000+00:00
9157,4,8,2023-09-03 14:33:55.019000+00:00
9157,81,12,2023-09-03 14:34:11.113000+00:00
9157,40,13,2023-09-03 14:34:11.113000+00:00
9157,81,13,2023-09-03 14:34:19.613000+00:00
9157,40,12,2023-09-03 14:34:19.613000+00:00
9157,81,12,2023-09-03 14:34:24.332000+00:00
9157,40,13,2023-09-03 14:34:24.332000+00:00
9157,55,4,2023-09-03 14:34:30.566000+00:00
9157,16,3,2023-09-03 14:34:30.566000+00:00
9157,55,3,2023-09-03 14:34:39.081000+00:00
9157,16,4,2023-09-03 14:34:39.081000+00:00
9157,24,14,2023-09-03 14:35:37.581000+00:00
9157,18,15,2023-09-03 14:35:37.581000+00:00
9157,81,11,2023-09-03 14:36:18.268000+00:00
9157,2,12,2023-09-03 14:36:18.268000+00:00
9157,81,12,2023-09-03 14:43:33.122000+00:00
9157,40,11,2023-09-03 14:43:33.122000+00:00
9157,2,13,2023-09-03 14:43:33.122000+00:00
9157,10,15,2023-09-03 14:43:33.122000+00:00
9157,18,16,2023-09-03 14:43:33.122000+00:00
9165,55,1,2023-09-17 11:01:04.137000+00:00
9165,63,2,2023-09-17 11:01:04.137000+00:00
9165,16,3,2023-09-17 11:01:04.137000+00:00
9165,4,4,2023-09-17 11:01:04.137000+00:00
9165,44,5,2023-09-17 11:01:04.137000+00:00
9165,20,6,2023-09-17 11:01:04.137000+00:00
9165,14,7,2023-09-17 11:01:04.137000+00:00
9165,31,8,2023-09-17 11:01:04.137000+00:00
9165,27,9,2023-09-17 11:01:04.137000+00:00
9165,40,10,2023-09-17 11:01:04.137000+00:00
9165,1,11,2023-09-17 11:01:04.137000+00:00
9165,10,12,2023-09-17 11:01:04.137000+00:00
9165,11,13,2023-09-17 11:01:04.137000+00:00
9165,23,14,2023-09-17 11:01:04.137000+00:00
9165,22,15,2023-09-17 11:01:04.137000+00:00
9165,77,16,2023-09-17 11:01:04.137000+00:00
9165,81,17,2023-09-17 11:01:04.137000+00:00
9165,2,18,2023-09-17 11:01:04.137000+00:00
9165,24,19,2023-09-17 11:01:04.137000+00:00
9165,63,3,2023-09-17 12:03:52.986000+00:00
9165,16,2,2023-09-17 12:03:52.986000+00:00
9165,4,5,2023-09-17 12:03:53.330000+00:00
9165,44,4,2023-09-17 12:03:53.330000+00:00
9165,20,7,2023-09-17 12:03:53.674000+00:00
9165,14,6,2023-09-17 12:03:53.674000+00:00
9165,40,11,2023-09-17 12:03:54.408000+00:00
9165,1,10,2023-09-17 12:03:54.408000+00:00
9165,40,12,2023-09-17 12:03:54.533000+00:00
9165,10,11,2023-09-17 12:03:54.533000+00:00
9165,40,13,2023-09-17 12:03:54.705000+00:00
9165,11,14,2023-09-17 12:03:54.705000+00:00
9165,23,15,2023-09-17 12:03:54.705000+00:00
9165,22,12,2023-09-17 12:03:54.705000+00:00
9165,23,16,2023-09-17 12:03:55.111000+00:00
9165,77,17,2023-09-17 12:03:55.111000+00:00
9165,81,15,2023-09-17 12:03:55.111000+00:00
9165,63,4,2023-09-17 12:03:56.408000+00:00
9165,44,3,2023-09-17 12:03:56.408000+00:00
9165,40,12,2023-09-17 12:03:58.267000+00:00
9165,22,13,2023-09-17 12:03:58.267000+00:00
9165,23,15,2023-09-17 12:03:58.970000+00:00
9165,81,16,2023-09-17 12:03:58.970000+00:00
9165,20,8,2023-09-17 12:04:03.877000+00:00
9165,31,7,2023-09-17 12:04:03.877000+00:00
9165,27,9,2023-09-17 12:04:03.877000+00:00
9165,40,12,2023-09-17 12:04:03.877000+00:00
9165,1,10,2023-09-17 12:04:03.877000+00:00
9165,10,11,2023-09-17 12:04:03.877000+00:00
9165,11,14,2023-09-17 12:04:03.877000+00:00
9165,23,15,2023-09-17 12:04:03.877000+00:00
9165,22,13,2023-09-17 12:04:03.877000+00:00
9165,77,17,2023-09-17 12:04:03.877000+00:00
9165,81,16,2023-09-17 12:04:03.877000+00:00
9165,2,18,2023-09-17 12:04:03.877000+00:00
9165,24,19,2023-09-17 12:04:03.877000+00:00
9165,23,16,2023-09-17 12:04:05.533000+00:00
9165,81,15,2023-09-17 12:04:05.533000+00:00
9165,77,18,2023-09-17 12:04:06.158000+00:00
9165,2,17,2023-09-17 12:04:06.158000+00:00
9165,11,13,2023-09-17 12:04:12.861000+00:00
9165,22,14,2023-09-17 12:04:12.861000+00:00
9165,40,11,2023-09-17 12:04:27.361000+00:00
9165,10,12,2023-09-17 12:04:27.361000+00:00
9165,40,12,2023-09-17 12:04:34.751000+00:00
9165,10,11,2023-09-17 12:04:34.751000+00:00
9165,22,15,2023-09-17 12:04:45.829000+00:00
9165,81,14,2023-09-17 12:04:45.829000+00:00
9165,23,15,2023-09-17 12:05:03.220000+00:00
9165,22,16,2023-09-17 12:05:03.220000+00:00
9165,22,17,2023-09-17 12:05:09.876000+00:00
9165,2,16,2023-09-17 12:05:09.876000+00:00
9165,22,18,2023-09-17 12:05:10.157000+00:00
9165,77,17,2023-09-17 12:05:10.157000+00:00
9165,22,19,2023-09-17 12:05:10.516000+00:00
9165,24,18,2023-09-17 12:05:10.516000+00:00
9165,63,3,2023-09-17 12:06:13.469000+00:00
9165,44,4,2023-09-17 12:06:13.469000+00:00
9165,27,10,2023-09-17 12:06:41.640000+00:00
9165,1,9,2023-09-17 12:06:41.640000+00:00
9165,4,4,2023-09-17 12:10:14.341000+00:00
9165,44,5,2023-09-17 12:10:14.341000+00:00
9165,20,9,2023-09-17 12:13:40.386000+00:00
9165,1,8,2023-09-17 12:13:40.386000+00:00
9165,11,14,2023-09-17 12:13:51.245000+00:00
9165,81,13,2023-09-17 12:13:51.245000+00:00
9165,11,13,2023-09-17 12:13:58.354000+00:00
9165,81,14,2023-09-17 12:13:58.354000+00:00
9165,11,14,2023-09-17 12:14:09.213000+00:00
9165,81,13,2023-09-17 12:14:09.213000+00:00
9165,11,13,2023-09-17 12:14:14.713000+00:00
9165,81,14,2023-09-17 12:14:14.713000+00:00
9165,77,16,2023-09-17 12:35:07.558000+00:00
9165,2,17,2023-09-17 12:35:07.558000+00:00
9165,2,18,2023-09-17 12:35:28.152000+00:00
9165,24,17,2023-09-17 12:35:28.152000+00:00
9165,14,7,2023-09-17 12:37:45.807000+00:00
9165,31,8,2023-09-17 12:37:45.807000+00:00
9165,1,6,2023-09-17 12:37:45.807000+00:00
9165,63,4,2023-09-17 12:37:49.510000+00:00
9165,16,3,2023-09-17 12:37:49.510000+00:00
9165,4,5,2023-09-17 12:37:49.510000+00:00
9165,44,6,2023-09-17 12:37:49.510000+00:00
9165,1,2,2023-09-17 12:37:49.510000+00:00
9165,20,10,2023-09-17 12:37:57.603000+00:00
9165,27,11,2023-09-17 12:37:57.603000+00:00
9165,40,13,2023-09-17 12:37:57.603000+00:00
9165,10,12,2023-09-17 12:37:57.603000+00:00
9165,11,9,2023-09-17 12:37:57.603000+00:00
9165,63,3,2023-09-17 12:37:59.822000+00:00
9165,16,4,2023-09-17 12:37:59.822000+00:00
9165,16,5,2023-09-17 12:38:01.166000+00:00
9165,4,4,2023-09-17 12:38:01.166000+00:00
9165,16,6,2023-09-17 12:38:01.619000+00:00
9165,44,7,2023-09-17 12:38:01.619000+00:00
9165,14,8,2023-09-17 12:38:01.619000+00:00
9165,31,9,2023-09-17 12:38:01.619000+00:00
9165,11,5,2023-09-17 12:38:01.619000+00:00
9165,4,5,2023-09-17 12:38:08.009000+00:00
9165,11,4,2023-09-17 12:38:08.009000+00:00
9165,20,11,2023-09-17 12:38:15.166000+00:00
9165,27,12,2023-09-17 12:38:15.166000+00:00
9165,40,14,2023-09-17 12:38:15.166000+00:00
9165,10,13,2023-09-17 12:38:15.166000+00:00
9165,23,16,2023-09-17 12:38:15.166000+00:00
9165,77,10,2023-09-17 12:38:15.166000+00:00
9165,81,15,2023-09-17 12:38:15.166000+00:00
9165,27,13,2023-09-17 12:38:26.228000+00:00
9165,10,12,2023-09-17 12:38:26.228000+00:00
9165,27,14,2023-09-17 12:38:27.869000+00:00
9165,40,15,2023-09-17 12:38:27.869000+00:00
9165,81,13,2023-09-17 12:38:27.869000+00:00
9165,27,15,2023-09-17 12:38:28.540000+00:00
9165,40,14,2023-09-17 12:38:28.540000+00:00
9165,16,7,2023-09-17 12:43:45.881000+00:00
9165,44,6,2023-09-17 12:43:45.881000+00:00
9165,20,10,2023-09-17 12:44:33.677000+00:00
9165,77,11,2023-09-17 12:44:33.677000+00:00
9165,10,11,2023-09-17 12:44:33.880000+00:00
9165,77,12,2023-09-17 12:44:33.880000+00:00
9165,63,2,2023-09-17 12:44:37.099000+00:00
9165,1,3,2023-09-17 12:44:37.099000+00:00
9165,4,4,2023-09-17 12:44:38.239000+00:00
9165,11,5,2023-09-17 12:44:38.239000+00:00
9165,20,11,2023-09-17 12:44:41.567000+00:00
9165,10,10,2023-09-17 12:44:41.567000+00:00
9165,20,10,2023-09-17 12:44:50.286000+00:00
9165,10,11,2023-09-17 12:44:50.286000+00:00
9165,77,13,2023-09-17 12:44:56.614000+00:00
9165,81,12,2023-09-17 12:44:56.614000+00:00
9165,40,13,2023-09-17 12:45:06.286000+00:00
9165,77,14,2023-09-17 12:45:06.286000+00:00
9165,27,14,2023-09-17 12:45:13.286000+00:00
9165,77,15,2023-09-17 12:45:13.286000+00:00
9165,23,15,2023-09-17 12:45:16.208000+00:00
9165,77,16,2023-09-17 12:45:16.208000+00:00
9165,23,16,2023-09-17 12:45:21.036000+00:00
9165,77,15,2023-09-17 12:45:21.036000+00:00
9165,23,15,2023-09-17 12:45:24.614000+00:00
9165,77,16,2023-09-17 12:45:24.614000+00:00
9165,44,5,2023-09-17 12:45:29.317000+00:00
9165,11,6,2023-09-17 12:45:29.317000+00:00
9165,77,17,2023-09-17 12:45:52.832000+00:00
9165,24,16,2023-09-17 12:45:52.832000+00:00
9165,4,3,2023-09-17 12:46:11.301000+00:00
9165,1,4,2023-09-17 12:46:11.301000+00:00
9165,16,6,2023-09-17 12:47:04.738000+00:00
9165,11,7,2023-09-17 12:47:04.738000+00:00
9165,44,4,2023-09-17 12:50:29.532000+00:00
9165,1,5,2023-09-17 12:50:29.532000+00:00
9165,16,5,2023-09-17 12:52:04.250000+00:00
9165,1,6,2023-09-17 12:52:04.250000+00:00
9165,14,9,2023-09-17 12:53:29.686000+00:00
9165,31,8,2023-09-17 12:53:29.686000+00:00
9165,20,9,2023-09-17 12:53:30.405000+00:00
9165,14,10,2023-09-17 12:53:30.405000+00:00
9165,14,11,2023-09-17 12:53:30.811000+00:00
9165,10,10,2023-09-17 12:53:30.811000+00:00
9165,14,12,2023-09-17 12:53:31.405000+00:00
9165,81,11,2023-09-17 12:53:31.405000+00:00
9165,14,13,2023-09-17 12:53:32.155000+00:00
9165,40,12,2023-09-17 12:53:32.155000+00:00
9165,14,14,2023-09-17 12:53:33.483000+00:00
9165,27,13,2023-09-17 12:53:33.483000+00:00
9165,14,15,2023-09-17 12:53:34.624000+00:00
9165,23,14,2023-09-17 12:53:34.624000+00:00
9165,14,16,2023-09-17 12:53:35.155000+00:00
9165,24,15,2023-09-17 12:53:35.155000+00:00
9165,20,10,2023-09-17 12:53:35.186000+00:00
9165,14,8,2023-09-17 12:53:35.186000+00:00
9165,31,9,2023-09-17 12:53:35.186000+00:00
9165,27,14,2023-09-17 12:53:35.186000+00:00
9165,40,13,2023-09-17 12:53:35.186000+00:00
9165,10,11,2023-09-17 12:53:35.186000+00:00
9165,23,15,2023-09-17 12:53:35.186000+00:00
9165,81,12,2023-09-17 12:53:35.186000+00:00
9165,24,16,2023-09-17 12:53:35.186000+00:00
9165,20,11,2023-09-17 13:04:01.742000+00:00
9165,10,10,2023-09-17 13:04:01.742000+00:00
9165,20,10,2023-09-17 13:04:09.011000+00:00
9165,10,11,2023-09-17 13:04:09.011000+00:00
9165,20,11,2023-09-17 13:05:44.444000+00:00
9165,10,10,2023-09-17 13:05:44.444000+00:00
9165,20,12,2023-09-17 13:05:44.803000+00:00
9165,81,11,2023-09-17 13:05:44.803000+00:00
9165,20,13,2023-09-17 13:05:45.865000+00:00
9165,40,12,2023-09-17 13:05:45.865000+00:00
9165,20,14,2023-09-17 13:05:53.553000+00:00
9165,27,13,2023-09-17 13:05:53.553000+00:00
9165,20,15,2023-09-17 13:05:59.553000+00:00
9165,23,14,2023-09-17 13:05:59.553000+00:00
9165,20,16,2023-09-17 13:06:34.099000+00:00
9165,24,15,2023-09-17 13:06:34.099000+00:00
9165,14,9,2023-09-17 13:07:33.130000+00:00
9165,31,8,2023-09-17 13:07:33.130000+00:00
9165,14,8,2023-09-17 13:07:37.692000+00:00
9165,31,9,2023-09-17 13:07:37.692000+00:00
9165,14,9,2023-09-17 13:07:41.848000+00:00
9165,31,8,2023-09-17 13:07:41.848000+00:00
9165,31,7,2023-09-17 13:10:51.737000+00:00
9165,11,8,2023-09-17 13:10:51.737000+00:00
9165,14,8,2023-09-17 13:11:23.440000+00:00
9165,11,9,2023-09-17 13:11:23.440000+00:00
9165,10,9,2023-09-17 13:11:34.955000+00:00
9165,11,10,2023-09-17 13:11:34.955000+00:00
9165,10,10,2023-09-17 13:11:34.971000+00:00
9165,11,9,2023-09-17 13:11:34.971000+00:00
9165,10,9,2023-09-17 13:11:46.283000+00:00
9165,11,10,2023-09-17 13:11:46.283000+00:00
9165,11,11,2023-09-17 13:11:54.205000+00:00
9165,81,10,2023-09-17 13:11:54.205000+00:00
9165,40,11,2023-09-17 13:11:55.002000+00:00
9165,11,12,2023-09-17 13:11:55.002000+00:00
9165,27,12,2023-09-17 13:11:55.892000+00:00
9165,11,13,2023-09-17 13:11:55.892000+00:00
9165,11,14,2023-09-17 13:11:56.846000+00:00
9165,23,13,2023-09-17 13:11:56.846000+00:00
9165,11,15,2023-09-17 13:11:58.236000+00:00
9165,24,14,2023-09-17 13:11:58.236000+00:00
9165,20,15,2023-09-17 13:12:05.455000+00:00
9165,11,16,2023-09-17 13:12:05.455000+00:00
9165,11,17,2023-09-17 13:12:08.752000+00:00
9165,77,16,2023-09-17 13:12:08.752000+00:00
9165,11,18,2023-09-17 13:12:19.486000+00:00
9165,2,17,2023-09-17 13:12:19.486000+00:00
9165,31,6,2023-09-17 13:13:33.126000+00:00
9165,1,7,2023-09-17 13:13:33.126000+00:00
9165,14,7,2023-09-17 13:13:35.344000+00:00
9165,1,8,2023-09-17 13:13:35.344000+00:00
9165,1,9,2023-09-17 13:13:36.391000+00:00
9165,10,8,2023-09-17 13:13:36.391000+00:00
9165,1,10,2023-09-17 13:13:37.626000+00:00
9165,81,9,2023-09-17 13:13:37.626000+00:00
9165,40,10,2023-09-17 13:13:39.329000+00:00
9165,1,11,2023-09-17 13:13:39.329000+00:00
9165,27,11,2023-09-17 13:13:40.188000+00:00
9165,1,12,2023-09-17 13:13:40.188000+00:00
9165,1,13,2023-09-17 13:13:40.813000+00:00
9165,23,12,2023-09-17 13:13:40.813000+00:00
9165,1,14,2023-09-17 13:13:42.172000+00:00
9165,24,13,2023-09-17 13:13:42.172000+00:00
9165,20,14,2023-09-17 13:13:47.188000+00:00
9165,1,15,2023-09-17 13:13:47.188000+00:00
9165,77,17,2023-09-17 13:13:59.766000+00:00
9165,2,16,2023-09-17 13:13:59.766000+00:00
9165,11,17,2023-09-17 13:14:04.266000+00:00
9165,77,18,2023-09-17 13:14:04.266000+00:00
9165,14,6,2023-09-17 13:17:01.108000+00:00
9165,31,7,2023-09-17 13:17:01.108000+00:00
9165,31,8,2023-09-17 13:17:01.561000+00:00
9165,10,7,2023-09-17 13:17:01.561000+00:00
9165,31,9,2023-09-17 13:17:02.717000+00:00
9165,81,8,2023-09-17 13:17:02.717000+00:00
9165,31,10,2023-09-17 13:17:05.248000+00:00
9165,40,9,2023-09-17 13:17:05.248000+00:00
9165,31,11,2023-09-17 13:17:06.858000+00:00
9165,27,10,2023-09-17 13:17:06.858000+00:00
9165,31,12,2023-09-17 13:17:07.389000+00:00
9165,23,11,2023-09-17 13:17:07.389000+00:00
9165,31,13,2023-09-17 13:17:08.998000+00:00
9165,24,12,2023-09-17 13:17:08.998000+00:00
9165,20,13,2023-09-17 13:17:21.482000+00:00
9165,31,14,2023-09-17 13:17:21.482000+00:00
9165,31,15,2023-09-17 13:17:21.732000+00:00
9165,1,14,2023-09-17 13:17:21.732000+00:00
9165,31,16,2023-09-17 13:17:33.185000+00:00
9165,2,15,2023-09-17 13:17:33.185000+00:00
9165,31,17,2023-09-17 13:17:33.576000+00:00
9165,11,16,2023-09-17 13:17:33.576000+00:00
9165,20,14,2023-09-17 13:17:42.545000+00:00
9165,1,13,2023-09-17 13:17:42.545000+00:00
9165,31,18,2023-09-17 13:17:50.998000+00:00
9165,77,17,2023-09-17 13:17:50.998000+00:00
9165,11,15,2023-09-17 13:17:54.232000+00:00
9165,2,16,2023-09-17 13:17:54.232000+00:00
9165,23,12,2023-09-17 13:18:54.684000+00:00
9165,24,11,2023-09-17 13:18:54.684000+00:00
9165,1,12,2023-09-17 13:19:06.684000+00:00
9165,23,13,2023-09-17 13:19:06.684000+00:00
9165,20,15,2023-09-17 13:19:22.809000+00:00
9165,11,14,2023-09-17 13:19:22.809000+00:00
9165,11,13,2023-09-17 13:19:28.981000+00:00
9165,23,14,2023-09-17 13:19:28.981000+00:00
9165,11,14,2023-09-17 13:19:39.137000+00:00
9165,23,13,2023-09-17 13:19:39.137000+00:00
9165,77,16,2023-09-17 13:19:45.965000+00:00
9165,2,17,2023-09-17 13:19:45.965000+00:00
9165,63,3,2023-09-17 13:20:24.887000+00:00
9165,4,2,2023-09-17 13:20:24.887000+00:00
9165,63,4,2023-09-17 13:20:27.543000+00:00
9165,16,3,2023-09-17 13:20:27.543000+00:00
9165,44,5,2023-09-17 13:20:27.543000+00:00
9165,14,7,2023-09-17 13:21:01.480000+00:00
9165,10,6,2023-09-17 13:21:01.480000+00:00
9165,14,8,2023-09-17 13:21:02.949000+00:00
9165,81,7,2023-09-17 13:21:02.949000+00:00
9165,14,9,2023-09-17 13:21:07.089000+00:00
9165,40,8,2023-09-17 13:21:07.089000+00:00
9165,14,10,2023-09-17 13:21:13.167000+00:00
9165,27,9,2023-09-17 13:21:13.167000+00:00
9165,14,11,2023-09-17 13:21:16.761000+00:00
9165,24,10,2023-09-17 13:21:16.761000+00:00
9165,14,12,2023-09-17 13:21:24.448000+00:00
9165,1,11,2023-09-17 13:21:24.448000+00:00
9165,14,13,2023-09-17 13:21:39.214000+00:00
9165,23,12,2023-09-17 13:21:39.214000+00:00
9165,14,14,2023-09-17 13:21:39.917000+00:00
9165,11,13,2023-09-17 13:21:39.917000+00:00
9165,20,14,2023-09-17 13:21:57.839000+00:00
9165,14,15,2023-09-17 13:21:57.839000+00:00
9165,14,16,2023-09-17 13:24:53.102000+00:00
9165,77,15,2023-09-17 13:24:53.102000+00:00
9165,14,17,2023-09-17 13:24:55.602000+00:00
9165,2,16,2023-09-17 13:24:55.602000+00:00
9165,1,10,2023-09-17 13:25:47.836000+00:00
9165,24,11,2023-09-17 13:25:47.836000+00:00
9165,27,10,2023-09-17 13:27:31.694000+00:00
9165,1,9,2023-09-17 13:27:31.694000+00:00
9165,40,9,2023-09-17 13:31:08.848000+00:00
9165,1,8,2023-09-17 13:31:08.848000+00:00
9165,23,11,2023-09-17 13:33:38.252000+00:00
9165,24,12,2023-09-17 13:33:38.252000+00:00
9165,11,12,2023-09-17 13:34:10.815000+00:00
9165,24,13,2023-09-17 13:34:10.815000+00:00
9165,77,16,2023-09-17 13:34:47.752000+00:00
9165,2,15,2023-09-17 13:34:47.752000+00:00
9165,14,16,2023-09-17 13:34:55.767000+00:00
9165,77,17,2023-09-17 13:34:55.767000+00:00
9165,63,3,2023-09-17 13:35:16.642000+00:00
9165,16,4,2023-09-17 13:35:16.642000+00:00
9165,27,11,2023-09-17 13:35:18.923000+00:00
9165,23,10,2023-09-17 13:35:18.923000+00:00
9165,27,12,2023-09-17 13:35:19.329000+00:00
9165,11,11,2023-09-17 13:35:19.329000+00:00
9165,16,5,2023-09-17 13:36:07.063000+00:00
9165,44,4,2023-09-17 13:36:07.063000+00:00
9165,1,7,2023-09-17 13:37:24.344000+00:00
9165,81,8,2023-09-17 13:37:24.344000+00:00
9165,1,6,2023-09-17 13:42:18.012000+00:00
9165,10,7,2023-09-17 13:42:18.012000+00:00
9165,11,10,2023-09-17 13:44:06.198000+00:00
9165,23,11,2023-09-17 13:44:06.198000+00:00
9165,27,11,2023-09-17 13:44:20.230000+00:00
9165,23,12,2023-09-17 13:44:20.230000+00:00
9165,23,13,2023-09-17 13:44:21.355000+00:00
9165,24,12,2023-09-17 13:44:21.355000+00:00
9165,20,13,2023-09-17 13:44:27.542000+00:00
9165,23,14,2023-09-17 13:44:27.542000+00:00
9165,20,12,2023-09-17 13:45:18.744000+00:00
9165,24,13,2023-09-17 13:45:18.744000+00:00
9165,23,13,2023-09-17 13:45:26.260000+00:00
9165,24,14,2023-09-17 13:45:26.260000+00:00
9165,20,11,2023-09-17 13:46:45.634000+00:00
9165,27,12,2023-09-17 13:46:45.634000+00:00
9165,27,13,2023-09-17 13:46:52.572000+00:00
9165,23,12,2023-09-17 13:46:52.572000+00:00
9165,40,10,2023-09-17 13:47:04.712000+00:00
9165,11,9,2023-09-17 13:47:04.712000+00:00
9165,63,4,2023-09-17 13:49:39.054000+00:00
9165,44,3,2023-09-17 13:49:39.054000+00:00
9165,27,14,2023-09-17 13:49:42.398000+00:00
9165,24,13,2023-09-17 13:49:42.398000+00:00
9165,63,5,2023-09-17 13:49:57.866000+00:00
9165,16,4,2023-09-17 13:49:57.866000+00:00
9165,63,6,2023-09-17 13:49:59.335000+00:00
9165,1,5,2023-09-17 13:49:59.335000+00:00
9165,63,7,2023-09-17 13:50:15.007000+00:00
9165,10,6,2023-09-17 13:50:15.007000+00:00
9165,63,8,2023-09-17 13:50:18.444000+00:00
9165,81,7,2023-09-17 13:50:18.444000+00:00
9165,63,9,2023-09-17 13:50:32.803000+00:00
9165,11,8,2023-09-17 13:50:32.803000+00:00
9165,63,10,2023-09-17 13:50:42.663000+00:00
9165,40,9,2023-09-17 13:50:42.663000+00:00
9165,63,11,2023-09-17 13:50:49.553000+00:00
9165,20,10,2023-09-17 13:50:49.553000+00:00
9165,63,12,2023-09-17 13:50:50.866000+00:00
9165,23,11,2023-09-17 13:50:50.866000+00:00
9165,63,13,2023-09-17 13:51:00.287000+00:00
9165,24,12,2023-09-17 13:51:00.287000+00:00
9165,63,14,2023-09-17 13:51:01.850000+00:00
9165,27,13,2023-09-17 13:51:01.850000+00:00
9165,63,15,2023-09-17 13:51:02.287000+00:00
9165,2,14,2023-09-17 13:51:02.287000+00:00
9165,63,16,2023-09-17 13:51:02.725000+00:00
9165,14,15,2023-09-17 13:51:02.725000+00:00
9173,1,1,2023-09-24 04:01:03.866000+00:00
9173,81,2,2023-09-24 04:01:03.866000+00:00
9173,4,3,2023-09-24 04:01:03.866000+00:00
9173,16,4,2023-09-24 04:01:03.866000+00:00
9173,11,5,2023-09-24 04:01:03.866000+00:00
9173,55,6,2023-09-24 04:01:03.866000+00:00
9173,44,7,2023-09-24 04:01:03.866000+00:00
9173,63,8,2023-09-24 04:01:03.866000+00:00
9173,22,9,2023-09-24 04:01:03.866000+00:00
9173,14,10,2023-09-24 04:01:03.866000+00:00
9173,40,11,2023-09-24 04:01:03.866000+00:00
9173,10,12,2023-09-24 04:01:03.866000+00:00
9173,23,13,2023-09-24 04:01:03.866000+00:00
9173,31,14,2023-09-24 04:01:03.866000+00:00
9173,20,15,2023-09-24 04:01:03.866000+00:00
9173,77,16,2023-09-24 04:01:03.866000+00:00
9173,18,17,2023-09-24 04:01:03.866000+00:00
9173,27,18,2023-09-24 04:01:03.866000+00:00
9173,24,19,2023-09-24 04:01:03.866000+00:00
9173,2,20,2023-09-24 04:01:03.866000+00:00
9173,1,2,2023-09-24 05:04:13.018000+00:00
9173,81,3,2023-09-24 05:04:13.018000+00:00
9173,4,1,2023-09-24 05:04:13.018000+00:00
9173,16,5,2023-09-24 05:04:13.658000+00:00
9173,11,6,2023-09-24 05:04:13.658000+00:00
9173,55,4,2023-09-24 05:04:13.658000+00:00
9173,16,4,2023-09-24 05:04:13.705000+00:00
9173,55,5,2023-09-24 05:04:13.705000+00:00
9173,23,14,2023-09-24 05:04:14.721000+00:00
9173,31,13,2023-09-24 05:04:14.721000+00:00
9173,23,15,2023-09-24 05:04:14.987000+00:00
9173,20,16,2023-09-24 05:04:14.987000+00:00
9173,77,14,2023-09-24 05:04:14.987000+00:00
9173,23,16,2023-09-24 05:04:15.002000+00:00
9173,20,17,2023-09-24 05:04:15.002000+00:00
9173,18,15,2023-09-24 05:04:15.002000+00:00
9173,63,9,2023-09-24 05:04:18.049000+00:00
9173,22,10,2023-09-24 05:04:18.049000+00:00
9173,14,8,2023-09-24 05:04:18.049000+00:00
9173,31,14,2023-09-24 05:04:19.002000+00:00
9173,77,15,2023-09-24 05:04:19.002000+00:00
9173,18,13,2023-09-24 05:04:19.002000+00:00
9173,23,17,2023-09-24 05:04:19.346000+00:00
9173,20,18,2023-09-24 05:04:19.346000+00:00
9173,77,16,2023-09-24 05:04:19.346000+00:00
9173,27,15,2023-09-24 05:04:19.346000+00:00
9173,23,18,2023-09-24 05:04:19.674000+00:00
9173,20,17,2023-09-24 05:04:19.674000+00:00
9173,1,1,2023-09-24 05:04:20.236000+00:00
9173,4,2,2023-09-24 05:04:20.236000+00:00
9173,22,11,2023-09-24 05:04:22.721000+00:00
9173,40,10,2023-09-24 05:04:22.721000+00:00
9173,31,15,2023-09-24 05:04:23.611000+00:00
9173,27,14,2023-09-24 05:04:23.611000+00:00
9173,31,16,2023-09-24 05:04:24.049000+00:00
9173,20,15,2023-09-24 05:04:24.049000+00:00
9173,77,17,2023-09-24 05:04:24.049000+00:00
9173,31,17,2023-09-24 05:04:24.518000+00:00
9173,77,16,2023-09-24 05:04:24.518000+00:00
9173,11,7,2023-09-24 05:04:25.752000+00:00
9173,44,8,2023-09-24 05:04:25.752000+00:00
9173,14,6,2023-09-24 05:04:25.752000+00:00
9173,23,16,2023-09-24 05:04:29.346000+00:00
9173,31,18,2023-09-24 05:04:29.346000+00:00
9173,77,17,2023-09-24 05:04:29.346000+00:00
9173,22,10,2023-09-24 05:04:30.627000+00:00
9173,40,11,2023-09-24 05:04:30.627000+00:00
9173,31,19,2023-09-24 05:04:35.283000+00:00
9173,77,18,2023-09-24 05:04:35.283000+00:00
9173,24,17,2023-09-24 05:04:35.283000+00:00
9173,31,18,2023-09-24 05:04:35.424000+00:00
9173,77,19,2023-09-24 05:04:35.424000+00:00
9173,77,20,2023-09-24 05:04:35.705000+00:00
9173,2,19,2023-09-24 05:04:35.705000+00:00
9173,22,11,2023-09-24 05:04:37.814000+00:00
9173,40,10,2023-09-24 05:04:37.814000+00:00
9173,22,10,2023-09-24 05:04:42.658000+00:00
9173,40,11,2023-09-24 05:04:42.658000+00:00
9173,10,13,2023-09-24 05:04:43.236000+00:00
9173,18,12,2023-09-24 05:04:43.236000+00:00
9173,31,19,2023-09-24 05:04:43.580000+00:00
9173,24,18,2023-09-24 05:04:43.580000+00:00
9173,2,17,2023-09-24 05:04:43.580000+00:00
9173,10,14,2023-09-24 05:04:46.767000+00:00
9173,27,13,2023-09-24 05:04:46.767000+00:00
9173,10,15,2023-09-24 05:04:46.970000+00:00
9173,20,14,2023-09-24 05:04:46.970000+00:00
9173,10,13,2023-09-24 05:04:47.017000+00:00
9173,20,15,2023-09-24 05:04:47.017000+00:00
9173,27,14,2023-09-24 05:04:47.017000+00:00
9173,22,11,2023-09-24 05:04:49.783000+00:00
9173,40,10,2023-09-24 05:04:49.783000+00:00
9173,10,14,2023-09-24 05:04:50.580000+00:00
9173,27,13,2023-09-24 05:04:50.580000+00:00
9173,23,17,2023-09-24 05:06:28.375000+00:00
9173,2,16,2023-09-24 05:06:28.375000+00:00
9173,23,18,2023-09-24 05:07:12.843000+00:00
9173,31,17,2023-09-24 05:07:12.843000+00:00
9173,24,19,2023-09-24 05:07:12.843000+00:00
9173,23,19,2023-09-24 05:07:15.515000+00:00
9173,24,18,2023-09-24 05:07:15.515000+00:00
9173,11,6,2023-09-24 05:08:52.044000+00:00
9173,14,7,2023-09-24 05:08:52.044000+00:00
9173,11,7,2023-09-24 05:08:57.685000+00:00
9173,14,6,2023-09-24 05:08:57.685000+00:00
9173,11,8,2023-09-24 05:09:07.981000+00:00
9173,44,7,2023-09-24 05:09:07.981000+00:00
9173,11,9,2023-09-24 05:09:10.044000+00:00
9173,63,8,2023-09-24 05:09:10.044000+00:00
9173,31,16,2023-09-24 05:09:11.841000+00:00
9173,2,17,2023-09-24 05:09:11.841000+00:00
9173,11,10,2023-09-24 05:09:12.137000+00:00
9173,40,9,2023-09-24 05:09:12.137000+00:00
9173,11,11,2023-09-24 05:09:14.481000+00:00
9173,22,10,2023-09-24 05:09:14.481000+00:00
9173,11,12,2023-09-24 05:09:15.716000+00:00
9173,18,11,2023-09-24 05:09:15.716000+00:00
9173,11,13,2023-09-24 05:09:16.278000+00:00
9173,27,12,2023-09-24 05:09:16.278000+00:00
9173,11,14,2023-09-24 05:09:16.966000+00:00
9173,10,13,2023-09-24 05:09:16.966000+00:00
9173,11,15,2023-09-24 05:09:18.715000+00:00
9173,20,14,2023-09-24 05:09:18.715000+00:00
9173,11,16,2023-09-24 05:09:19.872000+00:00
9173,31,15,2023-09-24 05:09:19.872000+00:00
9173,11,17,2023-09-24 05:09:22.450000+00:00
9173,24,16,2023-09-24 05:09:22.450000+00:00
9173,2,18,2023-09-24 05:09:22.450000+00:00
9173,11,18,2023-09-24 05:09:24.903000+00:00
9173,23,17,2023-09-24 05:09:24.903000+00:00
9173,2,19,2023-09-24 05:09:24.903000+00:00
9173,11,17,2023-09-24 05:09:45.293000+00:00
9173,23,18,2023-09-24 05:09:45.293000+00:00
9173,11,18,2023-09-24 05:09:57.982000+00:00
9173,23,17,2023-09-24 05:09:57.982000+00:00
9173,11,17,2023-09-24 05:16:09.177000+00:00
9173,23,18,2023-09-24 05:16:09.177000+00:00
9173,44,8,2023-09-24 05:16:11.208000+00:00
9173,63,7,2023-09-24 05:16:11.208000+00:00
9173,44,7,2023-09-24 05:16:19.067000+00:00
9173,63,8,2023-09-24 05:16:19.067000+00:00
9173,77,19,2023-09-24 05:16:48.583000+00:00
9173,2,20,2023-09-24 05:16:48.583000+00:00
9173,77,20,2023-09-24 05:18:49.924000+00:00
9173,2,19,2023-09-24 05:18:49.924000+00:00
9173,11,16,2023-09-24 05:19:30.033000+00:00
9173,24,17,2023-09-24 05:19:30.033000+00:00
9173,10,12,2023-09-24 05:21:18.593000+00:00
9173,27,13,2023-09-24 05:21:18.593000+00:00
9173,20,13,2023-09-24 05:21:19.984000+00:00
9173,27,14,2023-09-24 05:21:19.984000+00:00
9173,31,14,2023-09-24 05:21:24.749000+00:00
9173,27,15,2023-09-24 05:21:24.749000+00:00
9173,11,15,2023-09-24 05:21:25.281000+00:00
9173,27,16,2023-09-24 05:21:25.281000+00:00
9173,27,17,2023-09-24 05:21:26.968000+00:00
9173,24,16,2023-09-24 05:21:26.968000+00:00
9173,23,17,2023-09-24 05:21:29.015000+00:00
9173,27,18,2023-09-24 05:21:29.015000+00:00
9173,22,11,2023-09-24 05:22:57.357000+00:00
9173,18,10,2023-09-24 05:22:57.357000+00:00
9173,22,12,2023-09-24 05:22:58.529000+00:00
9173,10,11,2023-09-24 05:22:58.529000+00:00
9173,22,13,2023-09-24 05:23:04.841000+00:00
9173,20,12,2023-09-24 05:23:04.841000+00:00
9173,22,14,2023-09-24 05:23:05.341000+00:00
9173,31,13,2023-09-24 05:23:05.341000+00:00
9173,11,14,2023-09-24 05:23:05.701000+00:00
9173,22,15,2023-09-24 05:23:05.701000+00:00
9173,22,16,2023-09-24 05:23:07.888000+00:00
9173,24,15,2023-09-24 05:23:07.888000+00:00
9173,22,17,2023-09-24 05:23:09.763000+00:00
9173,23,16,2023-09-24 05:23:09.763000+00:00
9173,40,10,2023-09-24 05:24:37.199000+00:00
9173,18,9,2023-09-24 05:24:37.199000+00:00
9173,40,11,2023-09-24 05:24:43.340000+00:00
9173,10,10,2023-09-24 05:24:43.340000+00:00
9173,23,15,2023-09-24 05:24:45.668000+00:00
9173,24,16,2023-09-24 05:24:45.668000+00:00
9173,40,12,2023-09-24 05:24:45.855000+00:00
9173,20,11,2023-09-24 05:24:45.855000+00:00
9173,40,13,2023-09-24 05:24:45.918000+00:00
9173,31,12,2023-09-24 05:24:45.918000+00:00
9173,11,13,2023-09-24 05:24:46.480000+00:00
9173,40,14,2023-09-24 05:24:46.480000+00:00
9173,31,11,2023-09-24 05:24:48.090000+00:00
9173,20,12,2023-09-24 05:24:48.090000+00:00
9173,40,15,2023-09-24 05:24:50.199000+00:00
9173,23,14,2023-09-24 05:24:50.199000+00:00
9173,22,16,2023-09-24 05:25:00.714000+00:00
9173,24,17,2023-09-24 05:25:00.714000+00:00
9173,27,17,2023-09-24 05:25:02.621000+00:00
9173,24,18,2023-09-24 05:25:02.621000+00:00
9173,22,15,2023-09-24 05:25:03.058000+00:00
9173,40,16,2023-09-24 05:25:03.058000+00:00
9173,44,6,2023-09-24 05:26:11.010000+00:00
9173,14,7,2023-09-24 05:26:11.010000+00:00
9173,63,7,2023-09-24 05:26:17.447000+00:00
9173,14,8,2023-09-24 05:26:17.447000+00:00
9173,14,9,2023-09-24 05:26:21.994000+00:00
9173,18,8,2023-09-24 05:26:21.994000+00:00
9173,14,10,2023-09-24 05:26:23.635000+00:00
9173,10,9,2023-09-24 05:26:23.635000+00:00
9173,14,11,2023-09-24 05:26:25.994000+00:00
9173,31,10,2023-09-24 05:26:25.994000+00:00
9173,14,12,2023-09-24 05:26:26.713000+00:00
9173,20,11,2023-09-24 05:26:26.713000+00:00
9173,11,12,2023-09-24 05:26:27.400000+00:00
9173,14,13,2023-09-24 05:26:27.400000+00:00
9173,14,14,2023-09-24 05:26:31.369000+00:00
9173,23,13,2023-09-24 05:26:31.369000+00:00
9173,11,11,2023-09-24 05:27:18.962000+00:00
9173,20,12,2023-09-24 05:27:18.962000+00:00
9173,23,12,2023-09-24 05:27:22.602000+00:00
9173,20,13,2023-09-24 05:27:22.602000+00:00
9173,14,13,2023-09-24 05:27:26.149000+00:00
9173,20,14,2023-09-24 05:27:26.149000+00:00
9173,22,14,2023-09-24 05:27:29.384000+00:00
9173,20,15,2023-09-24 05:27:29.384000+00:00
9173,40,15,2023-09-24 05:27:30.274000+00:00
9173,20,16,2023-09-24 05:27:30.274000+00:00
9173,20,17,2023-09-24 05:27:32.477000+00:00
9173,27,16,2023-09-24 05:27:32.477000+00:00
9173,11,12,2023-09-24 05:27:42.696000+00:00
9173,23,11,2023-09-24 05:27:42.696000+00:00
9173,11,13,2023-09-24 05:27:49.071000+00:00
9173,14,12,2023-09-24 05:27:49.071000+00:00
9173,11,14,2023-09-24 05:28:03.414000+00:00
9173,22,13,2023-09-24 05:28:03.414000+00:00
9173,11,15,2023-09-24 05:28:04.055000+00:00
9173,40,14,2023-09-24 05:28:04.055000+00:00
9173,11,16,2023-09-24 05:28:14.852000+00:00
9173,27,15,2023-09-24 05:28:14.852000+00:00
9173,11,17,2023-09-24 05:28:23.742000+00:00
9173,20,18,2023-09-24 05:28:23.742000+00:00
9173,24,16,2023-09-24 05:28:23.742000+00:00
9173,11,18,2023-09-24 05:28:47.632000+00:00
9173,20,17,2023-09-24 05:28:47.632000+00:00
9173,11,19,2023-09-24 05:28:51.179000+00:00
9173,2,18,2023-09-24 05:28:51.179000+00:00
9173,14,11,2023-09-24 05:29:05.288000+00:00
9173,23,12,2023-09-24 05:29:05.288000+00:00
9173,81,4,2023-09-24 05:29:25.819000+00:00
9173,16,3,2023-09-24 05:29:25.819000+00:00
9173,81,5,2023-09-24 05:29:31.850000+00:00
9173,55,4,2023-09-24 05:29:31.850000+00:00
9173,81,6,2023-09-24 05:29:34.288000+00:00
9173,44,5,2023-09-24 05:29:34.288000+00:00
9173,81,7,2023-09-24 05:29:35.897000+00:00
9173,63,6,2023-09-24 05:29:35.897000+00:00
9173,81,8,2023-09-24 05:29:47.022000+00:00
9173,18,7,2023-09-24 05:29:47.022000+00:00
9173,81,9,2023-09-24 05:29:53.912000+00:00
9173,10,8,2023-09-24 05:29:53.912000+00:00
9173,22,12,2023-09-24 05:30:07.740000+00:00
9173,23,13,2023-09-24 05:30:07.740000+00:00
9173,40,13,2023-09-24 05:30:10.865000+00:00
9173,23,14,2023-09-24 05:30:10.865000+00:00
9173,23,15,2023-09-24 05:30:12.990000+00:00
9173,27,14,2023-09-24 05:30:12.990000+00:00
9173,23,16,2023-09-24 05:30:20.365000+00:00
9173,24,15,2023-09-24 05:30:20.365000+00:00
9173,23,17,2023-09-24 05:30:49.411000+00:00
9173,20,16,2023-09-24 05:30:49.411000+00:00
9173,23,18,2023-09-24 05:30:55.599000+00:00
9173,2,17,2023-09-24 05:30:55.599000+00:00
9173,23,17,2023-09-24 05:30:59.536000+00:00
9173,2,18,2023-09-24 05:30:59.536000+00:00
9173,10,7,2023-09-24 05:31:38.364000+00:00
9173,18,8,2023-09-24 05:31:38.364000+00:00
9173,81,8,2023-09-24 05:31:44.817000+00:00
9173,18,9,2023-09-24 05:31:44.817000+00:00
9173,31,9,2023-09-24 05:31:45.707000+00:00
9173,18,10,2023-09-24 05:31:45.707000+00:00
9173,14,10,2023-09-24 05:31:52.676000+00:00
9173,18,11,2023-09-24 05:31:52.676000+00:00
9173,22,11,2023-09-24 05:31:57.816000+00:00
9173,18,12,2023-09-24 05:31:57.816000+00:00
9173,40,12,2023-09-24 05:31:59.191000+00:00
9173,18,13,2023-09-24 05:31:59.191000+00:00
9173,18,14,2023-09-24 05:32:04.004000+00:00
9173,27,13,2023-09-24 05:32:04.004000+00:00
9173,81,7,2023-09-24 05:33:07.456000+00:00
9173,10,8,2023-09-24 05:33:07.456000+00:00
9173,44,6,2023-09-24 05:34:12.970000+00:00
9173,63,5,2023-09-24 05:34:12.970000+00:00
9173,44,5,2023-09-24 05:34:16.767000+00:00
9173,63,6,2023-09-24 05:34:16.767000+00:00
9173,1,2,2023-09-24 05:34:46.157000+00:00
9173,4,1,2023-09-24 05:34:46.157000+00:00
9173,1,3,2023-09-24 05:34:48.251000+00:00
9173,16,2,2023-09-24 05:34:48.251000+00:00
9173,44,6,2023-09-24 05:34:49.188000+00:00
9173,63,5,2023-09-24 05:34:49.188000+00:00
9173,1,4,2023-09-24 05:34:49.454000+00:00
9173,55,3,2023-09-24 05:34:49.454000+00:00
9173,1,5,2023-09-24 05:34:53.610000+00:00
9173,63,4,2023-09-24 05:34:53.610000+00:00
9173,81,6,2023-09-24 05:35:01.688000+00:00
9173,44,7,2023-09-24 05:35:01.688000+00:00
9173,44,8,2023-09-24 05:35:04.219000+00:00
9173,10,7,2023-09-24 05:35:04.219000+00:00
9173,44,9,2023-09-24 05:35:05.469000+00:00
9173,31,8,2023-09-24 05:35:05.469000+00:00
9173,44,10,2023-09-24 05:35:09.500000+00:00
9173,14,9,2023-09-24 05:35:09.500000+00:00
9173,16,3,2023-09-24 05:36:24.437000+00:00
9173,55,2,2023-09-24 05:36:24.437000+00:00
9173,4,2,2023-09-24 05:36:29.046000+00:00
9173,55,1,2023-09-24 05:36:29.046000+00:00
9173,4,3,2023-09-24 05:36:32.905000+00:00
9173,16,4,2023-09-24 05:36:32.905000+00:00
9173,63,2,2023-09-24 05:36:32.905000+00:00
9173,1,3,2023-09-24 05:36:36.155000+00:00
9173,4,4,2023-09-24 05:36:36.155000+00:00
9173,16,5,2023-09-24 05:36:36.155000+00:00
9173,81,4,2023-09-24 05:36:40.358000+00:00
9173,4,5,2023-09-24 05:36:40.358000+00:00
9173,16,6,2023-09-24 05:36:40.358000+00:00
9173,4,6,2023-09-24 05:36:44.280000+00:00
9173,16,7,2023-09-24 05:36:44.280000+00:00
9173,10,5,2023-09-24 05:36:44.280000+00:00
9173,16,8,2023-09-24 05:36:45.467000+00:00
9173,31,7,2023-09-24 05:36:45.467000+00:00
9173,4,7,2023-09-24 05:36:47.702000+00:00
9173,31,6,2023-09-24 05:36:47.702000+00:00
9173,16,9,2023-09-24 05:36:50.155000+00:00
9173,14,8,2023-09-24 05:36:50.155000+00:00
9173,18,13,2023-09-24 05:37:03.389000+00:00
9173,27,14,2023-09-24 05:37:03.389000+00:00
9173,55,2,2023-09-24 05:38:12.497000+00:00
9173,63,1,2023-09-24 05:38:12.497000+00:00
9173,1,2,2023-09-24 05:38:13.497000+00:00
9173,55,3,2023-09-24 05:38:13.497000+00:00
9173,4,6,2023-09-24 05:38:17.669000+00:00
9173,31,7,2023-09-24 05:38:17.669000+00:00
9173,81,3,2023-09-24 05:38:18.997000+00:00
9173,55,4,2023-09-24 05:38:18.997000+00:00
9173,4,5,2023-09-24 05:38:20.872000+00:00
9173,10,6,2023-09-24 05:38:20.872000+00:00
9173,10,7,2023-09-24 05:38:21.638000+00:00
9173,31,6,2023-09-24 05:38:21.638000+00:00
9173,14,7,2023-09-24 05:38:22.513000+00:00
9173,10,8,2023-09-24 05:38:22.513000+00:00
9173,4,4,2023-09-24 05:38:25.341000+00:00
9173,55,5,2023-09-24 05:38:25.341000+00:00
9173,55,6,2023-09-24 05:38:26.075000+00:00
9173,31,5,2023-09-24 05:38:26.075000+00:00
9173,16,6,2023-09-24 05:38:27.044000+00:00
9173,55,7,2023-09-24 05:38:27.044000+00:00
9173,14,8,2023-09-24 05:38:27.044000+00:00
9173,10,9,2023-09-24 05:38:27.044000+00:00
9173,55,8,2023-09-24 05:38:27.091000+00:00
9173,14,7,2023-09-24 05:38:27.091000+00:00
9173,44,9,2023-09-24 05:38:32.419000+00:00
9173,10,10,2023-09-24 05:38:32.419000+00:00
9173,22,10,2023-09-24 05:38:38.137000+00:00
9173,10,11,2023-09-24 05:38:38.137000+00:00
9173,40,11,2023-09-24 05:38:39.419000+00:00
9173,10,12,2023-09-24 05:38:39.419000+00:00
9173,10,13,2023-09-24 05:38:40.606000+00:00
9173,18,12,2023-09-24 05:38:40.606000+00:00
9173,10,14,2023-09-24 05:38:42.497000+00:00
9173,27,13,2023-09-24 05:38:42.497000+00:00
9173,10,15,2023-09-24 05:38:49.122000+00:00
9173,24,14,2023-09-24 05:38:49.122000+00:00
9173,1,1,2023-09-24 05:39:02.481000+00:00
9173,63,2,2023-09-24 05:39:02.481000+00:00
9173,16,5,2023-09-24 05:39:26.433000+00:00
9173,31,6,2023-09-24 05:39:26.433000+00:00
9173,10,14,2023-09-24 05:40:28.854000+00:00
9173,24,15,2023-09-24 05:40:28.854000+00:00
9173,55,7,2023-09-24 05:41:02.307000+00:00
9173,14,8,2023-09-24 05:41:02.307000+00:00
9173,55,8,2023-09-24 05:41:07.775000+00:00
9173,14,7,2023-09-24 05:41:07.775000+00:00
9173,55,7,2023-09-24 05:41:11.322000+00:00
9173,14,8,2023-09-24 05:41:11.322000+00:00
9173,55,6,2023-09-24 05:41:47.181000+00:00
9173,31,7,2023-09-24 05:41:47.181000+00:00
9173,18,13,2023-09-24 05:42:03.399000+00:00
9173,27,12,2023-09-24 05:42:03.399000+00:00
9173,10,13,2023-09-24 05:42:04.071000+00:00
9173,18,14,2023-09-24 05:42:04.071000+00:00
9173,18,15,2023-09-24 05:42:07.274000+00:00
9173,24,14,2023-09-24 05:42:07.274000+00:00
9173,20,15,2023-09-24 05:42:23.071000+00:00
9173,18,16,2023-09-24 05:42:23.071000+00:00
9173,23,16,2023-09-24 05:42:31.836000+00:00
9173,18,17,2023-09-24 05:42:31.836000+00:00
9173,18,18,2023-09-24 05:42:39.227000+00:00
9173,2,17,2023-09-24 05:42:39.227000+00:00
9173,44,8,2023-09-24 05:43:09.242000+00:00
9173,14,9,2023-09-24 05:43:09.242000+00:00
9173,44,7,2023-09-24 05:43:33.679000+00:00
9173,31,8,2023-09-24 05:43:33.679000+00:00
9173,10,12,2023-09-24 05:43:39.648000+00:00
9173,27,13,2023-09-24 05:43:39.648000+00:00
9173,27,14,2023-09-24 05:43:47.898000+00:00
9173,24,13,2023-09-24 05:43:47.898000+00:00
9173,20,14,2023-09-24 05:44:02.694000+00:00
9173,27,15,2023-09-24 05:44:02.694000+00:00
9173,40,12,2023-09-24 05:45:27.427000+00:00
9173,10,11,2023-09-24 05:45:27.427000+00:00
9173,22,11,2023-09-24 05:47:03.035000+00:00
9173,10,10,2023-09-24 05:47:03.035000+00:00
9173,81,2,2023-09-24 05:48:06.080000+00:00
9173,63,3,2023-09-24 05:48:06.080000+00:00
9173,4,3,2023-09-24 05:48:06.752000+00:00
9173,63,4,2023-09-24 05:48:06.752000+00:00
9173,16,4,2023-09-24 05:48:16.065000+00:00
9173,63,5,2023-09-24 05:48:16.065000+00:00
9173,55,5,2023-09-24 05:48:19.002000+00:00
9173,63,6,2023-09-24 05:48:19.002000+00:00
9173,44,6,2023-09-24 05:48:23.471000+00:00
9173,63,7,2023-09-24 05:48:23.471000+00:00
9173,63,8,2023-09-24 05:48:29.924000+00:00
9173,31,7,2023-09-24 05:48:29.924000+00:00
9173,63,9,2023-09-24 05:48:32.205000+00:00
9173,14,8,2023-09-24 05:48:32.205000+00:00
9173,63,8,2023-09-24 05:49:25.220000+00:00
9173,14,9,2023-09-24 05:49:25.220000+00:00
9173,63,7,2023-09-24 05:49:51.016000+00:00
9173,31,8,2023-09-24 05:49:51.016000+00:00
9173,14,10,2023-09-24 05:50:18.344000+00:00
9173,10,9,2023-09-24 05:50:18.344000+00:00
9173,22,10,2023-09-24 05:50:22.344000+00:00
9173,14,11,2023-09-24 05:50:22.344000+00:00
9173,14,12,2023-09-24 05:50:28.453000+00:00
9173,40,13,2023-09-24 05:50:28.453000+00:00
9173,24,11,2023-09-24 05:50:28.453000+00:00
9173,40,14,2023-09-24 05:50:41.359000+00:00
9173,20,13,2023-09-24 05:50:41.359000+00:00
9173,40,15,2023-09-24 05:50:42.328000+00:00
9173,27,14,2023-09-24 05:50:42.328000+00:00
9173,81,3,2023-09-24 05:51:30.514000+00:00
9173,4,2,2023-09-24 05:51:30.514000+00:00
9173,20,14,2023-09-24 05:51:38.952000+00:00
9173,27,13,2023-09-24 05:51:38.952000+00:00
9173,14,11,2023-09-24 05:52:59.153000+00:00
9173,24,12,2023-09-24 05:52:59.153000+00:00
9173,10,8,2023-09-24 05:55:09.917000+00:00
9173,31,9,2023-09-24 05:55:09.917000+00:00
9173,22,9,2023-09-24 05:55:24.088000+00:00
9173,31,10,2023-09-24 05:55:24.088000+00:00
9173,14,10,2023-09-24 05:55:25.088000+00:00
9173,31,11,2023-09-24 05:55:25.088000+00:00
9173,31,12,2023-09-24 05:55:29.932000+00:00
9173,24,11,2023-09-24 05:55:29.932000+00:00
9173,22,10,2023-09-24 05:56:24.618000+00:00
9173,14,9,2023-09-24 05:56:24.618000+00:00
9173,31,11,2023-09-24 05:57:12.899000+00:00
9173,24,12,2023-09-24 05:57:12.899000+00:00
9173,27,12,2023-09-24 05:57:16.430000+00:00
9173,24,13,2023-09-24 05:57:16.430000+00:00
9173,40,13,2023-09-24 05:57:22.258000+00:00
9173,20,15,2023-09-24 05:57:22.258000+00:00
9173,24,14,2023-09-24 05:57:22.258000+00:00
9173,20,14,2023-09-24 05:57:22.274000+00:00
9173,24,15,2023-09-24 05:57:22.274000+00:00
9173,22,11,2023-09-24 05:58:50.491000+00:00
9173,31,10,2023-09-24 05:58:50.491000+00:00
9173,22,12,2023-09-24 05:58:55.053000+00:00
9173,27,11,2023-09-24 05:58:55.053000+00:00
9173,22,13,2023-09-24 05:59:01.319000+00:00
9173,40,12,2023-09-24 05:59:01.319000+00:00
9173,22,14,2023-09-24 05:59:03.366000+00:00
9173,20,13,2023-09-24 05:59:03.366000+00:00
9173,22,13,2023-09-24 06:00:46.958000+00:00
9173,20,14,2023-09-24 06:00:46.958000+00:00
9173,20,15,2023-09-24 06:00:49.161000+00:00
9173,24,14,2023-09-24 06:00:49.161000+00:00
9173,16,5,2023-09-24 06:04:39.719000+00:00
9173,55,4,2023-09-24 06:04:39.719000+00:00
9173,16,6,2023-09-24 06:04:51.500000+00:00
9173,44,7,2023-09-24 06:04:51.500000+00:00
9173,63,5,2023-09-24 06:04:51.500000+00:00
9173,14,8,2023-09-24 06:05:11.094000+00:00
9173,10,9,2023-09-24 06:05:11.094000+00:00
9173,10,10,2023-09-24 06:05:21.515000+00:00
9173,31,9,2023-09-24 06:05:21.515000+00:00
9173,10,11,2023-09-24 06:05:32.109000+00:00
9173,27,10,2023-09-24 06:05:32.109000+00:00
9173,81,4,2023-09-24 06:06:23.014000+00:00
9173,55,3,2023-09-24 06:06:23.014000+00:00
9173,81,5,2023-09-24 06:06:29.717000+00:00
9173,63,4,2023-09-24 06:06:29.717000+00:00
9173,10,10,2023-09-24 06:07:11.013000+00:00
9173,27,11,2023-09-24 06:07:11.013000+00:00
9173,4,3,2023-09-24 06:08:01.497000+00:00
9173,55,2,2023-09-24 06:08:01.497000+00:00
9173,4,4,2023-09-24 06:08:10.028000+00:00
9173,63,3,2023-09-24 06:08:10.028000+00:00
9173,4,3,2023-09-24 06:09:48.448000+00:00
9173,63,4,2023-09-24 06:09:48.448000+00:00
9173,40,11,2023-09-24 06:10:31.603000+00:00
9173,27,12,2023-09-24 06:10:31.603000+00:00
9173,22,12,2023-09-24 06:10:34.478000+00:00
9173,27,13,2023-09-24 06:10:34.478000+00:00
9173,27,14,2023-09-24 06:10:40.166000+00:00
9173,24,13,2023-09-24 06:10:40.166000+00:00
9173,4,2,2023-09-24 06:11:22.540000+00:00
9173,55,3,2023-09-24 06:11:22.540000+00:00
9173,55,4,2023-09-24 06:11:25.243000+00:00
9173,63,3,2023-09-24 06:11:25.243000+00:00
9173,81,4,2023-09-24 06:11:28.149000+00:00
9173,55,5,2023-09-24 06:11:28.149000+00:00
9173,16,5,2023-09-24 06:11:30.837000+00:00
9173,55,6,2023-09-24 06:11:30.837000+00:00
9173,55,7,2023-09-24 06:11:34.493000+00:00
9173,44,6,2023-09-24 06:11:34.493000+00:00
9173,81,3,2023-09-24 06:16:24.347000+00:00
9173,63,4,2023-09-24 06:16:24.347000+00:00
9173,16,4,2023-09-24 06:21:23.561000+00:00
9173,63,5,2023-09-24 06:21:23.561000+00:00
9173,10,9,2023-09-24 06:24:43.385000+00:00
9173,31,10,2023-09-24 06:24:43.385000+00:00
9173,44,5,2023-09-24 06:27:54.663000+00:00
9173,63,6,2023-09-24 06:27:54.663000+00:00
9173,55,6,2023-09-24 06:29:31.411000+00:00
9173,63,7,2023-09-24 06:29:31.411000+00:00
9173,10,10,2023-09-24 06:36:20.357000+00:00
9173,31,9,2023-09-24 06:36:20.357000+00:00
9220,81,1,2023-10-07 16:33:23.626000+00:00
9220,4,2,2023-10-07 16:33:23.626000+00:00
9220,1,3,2023-10-07 16:33:23.626000+00:00
9220,63,4,2023-10-07 16:33:23.626000+00:00
9220,55,5,2023-10-07 16:33:23.626000+00:00
9220,16,6,2023-10-07 16:33:23.626000+00:00
9220,27,7,2023-10-07 16:33:23.626000+00:00
9220,11,8,2023-10-07 16:33:23.626000+00:00
9220,14,9,2023-10-07 16:33:23.626000+00:00
9220,31,10,2023-10-07 16:33:23.626000+00:00
9220,10,11,2023-10-07 16:33:23.626000+00:00
9220,44,12,2023-10-07 16:33:23.626000+00:00
9220,77,13,2023-10-07 16:33:23.626000+00:00
9220,40,14,2023-10-07 16:33:23.626000+00:00
9220,24,15,2023-10-07 16:33:23.626000+00:00
9220,18,16,2023-10-07 16:33:23.626000+00:00
9220,23,17,2023-10-07 16:33:23.626000+00:00
9220,22,18,2023-10-07 16:33:23.626000+00:00
9220,20,19,2023-10-07 16:33:23.626000+00:00
9220,2,20,2023-10-07 16:33:23.626000+00:00
9220,81,2,2023-10-07 17:33:46.555000+00:00
9220,4,3,2023-10-07 17:33:46.555000+00:00
9220,1,4,2023-10-07 17:33:46.555000+00:00
9220,63,5,2023-10-07 17:33:46.555000+00:00
9220,55,1,2023-10-07 17:33:46.555000+00:00
9220,81,3,2023-10-07 17:33:46.695000+00:00
9220,4,4,2023-10-07 17:33:46.695000+00:00
9220,1,5,2023-10-07 17:33:46.695000+00:00
9220,63,6,2023-10-07 17:33:46.695000+00:00
9220,16,2,2023-10-07 17:33:46.695000+00:00
9220,81,4,2023-10-07 17:33:47.133000+00:00
9220,4,5,2023-10-07 17:33:47.133000+00:00
9220,1,6,2023-10-07 17:33:47.133000+00:00
9220,63,7,2023-10-07 17:33:47.133000+00:00
9220,27,3,2023-10-07 17:33:47.133000+00:00
9220,81,5,2023-10-07 17:33:47.164000+00:00
9220,4,6,2023-10-07 17:33:47.164000+00:00
9220,1,7,2023-10-07 17:33:47.164000+00:00
9220,63,8,2023-10-07 17:33:47.164000+00:00
9220,11,9,2023-10-07 17:33:47.164000+00:00
9220,14,4,2023-10-07 17:33:47.164000+00:00
9220,81,6,2023-10-07 17:33:47.195000+00:00
9220,4,7,2023-10-07 17:33:47.195000+00:00
9220,1,8,2023-10-07 17:33:47.195000+00:00
9220,63,9,2023-10-07 17:33:47.195000+00:00
9220,11,5,2023-10-07 17:33:47.195000+00:00
9220,81,7,2023-10-07 17:33:47.242000+00:00
9220,4,8,2023-10-07 17:33:47.242000+00:00
9220,1,9,2023-10-07 17:33:47.242000+00:00
9220,63,10,2023-10-07 17:33:47.242000+00:00
9220,31,6,2023-10-07 17:33:47.242000+00:00
9220,81,8,2023-10-07 17:33:47.289000+00:00
9220,4,9,2023-10-07 17:33:47.289000+00:00
9220,1,10,2023-10-07 17:33:47.289000+00:00
9220,63,11,2023-10-07 17:33:47.289000+00:00
9220,10,7,2023-10-07 17:33:47.289000+00:00
9220,81,9,2023-10-07 17:33:47.336000+00:00
9220,4,10,2023-10-07 17:33:47.336000+00:00
9220,1,11,2023-10-07 17:33:47.336000+00:00
9220,63,12,2023-10-07 17:33:47.336000+00:00
9220,44,8,2023-10-07 17:33:47.336000+00:00
9220,81,10,2023-10-07 17:33:47.477000+00:00
9220,4,11,2023-10-07 17:33:47.477000+00:00
9220,1,12,2023-10-07 17:33:47.477000+00:00
9220,63,13,2023-10-07 17:33:47.477000+00:00
9220,77,9,2023-10-07 17:33:47.477000+00:00
9220,81,11,2023-10-07 17:33:47.633000+00:00
9220,4,12,2023-10-07 17:33:47.633000+00:00
9220,1,13,2023-10-07 17:33:47.633000+00:00
9220,63,14,2023-10-07 17:33:47.633000+00:00
9220,40,15,2023-10-07 17:33:47.633000+00:00
9220,24,10,2023-10-07 17:33:47.633000+00:00
9220,81,12,2023-10-07 17:33:47.898000+00:00
9220,4,13,2023-10-07 17:33:47.898000+00:00
9220,1,14,2023-10-07 17:33:47.898000+00:00
9220,63,15,2023-10-07 17:33:47.898000+00:00
9220,40,11,2023-10-07 17:33:47.898000+00:00
9220,81,13,2023-10-07 17:33:48.055000+00:00
9220,4,14,2023-10-07 17:33:48.055000+00:00
9220,1,15,2023-10-07 17:33:48.055000+00:00
9220,63,16,2023-10-07 17:33:48.055000+00:00
9220,18,12,2023-10-07 17:33:48.055000+00:00
9220,81,14,2023-10-07 17:33:48.148000+00:00
9220,4,15,2023-10-07 17:33:48.148000+00:00
9220,1,16,2023-10-07 17:33:48.148000+00:00
9220,63,17,2023-10-07 17:33:48.148000+00:00
9220,23,13,2023-10-07 17:33:48.148000+00:00
9220,81,15,2023-10-07 17:33:48.211000+00:00
9220,4,16,2023-10-07 17:33:48.211000+00:00
9220,1,17,2023-10-07 17:33:48.211000+00:00
9220,63,18,2023-10-07 17:33:48.211000+00:00
9220,22,19,2023-10-07 17:33:48.211000+00:00
9220,20,14,2023-10-07 17:33:48.211000+00:00
9220,81,16,2023-10-07 17:33:48.242000+00:00
9220,4,17,2023-10-07 17:33:48.242000+00:00
9220,1,18,2023-10-07 17:33:48.242000+00:00
9220,63,19,2023-10-07 17:33:48.242000+00:00
9220,22,15,2023-10-07 17:33:48.242000+00:00
9220,81,17,2023-10-07 17:33:48.305000+00:00
9220,4,18,2023-10-07 17:33:48.305000+00:00
9220,1,19,2023-10-07 17:33:48.305000+00:00
9220,63,20,2023-10-07 17:33:48.305000+00:00
9220,2,16,2023-10-07 17:33:48.305000+00:00
9220,81,1,2023-10-07 17:33:48.523000+00:00
9220,55,2,2023-10-07 17:33:48.523000+00:00
9220,16,3,2023-10-07 17:33:48.523000+00:00
9220,27,4,2023-10-07 17:33:48.523000+00:00
9220,11,6,2023-10-07 17:33:48.523000+00:00
9220,14,5,2023-10-07 17:33:48.523000+00:00
9220,31,7,2023-10-07 17:33:48.523000+00:00
9220,10,8,2023-10-07 17:33:48.523000+00:00
9220,44,9,2023-10-07 17:33:48.523000+00:00
9220,77,10,2023-10-07 17:33:48.523000+00:00
9220,40,12,2023-10-07 17:33:48.523000+00:00
9220,24,11,2023-10-07 17:33:48.523000+00:00
9220,18,13,2023-10-07 17:33:48.523000+00:00
9220,23,14,2023-10-07 17:33:48.523000+00:00
9220,22,16,2023-10-07 17:33:48.523000+00:00
9220,20,15,2023-10-07 17:33:48.523000+00:00
9220,2,17,2023-10-07 17:33:48.523000+00:00
9220,63,2,2023-10-07 17:33:48.805000+00:00
9220,55,3,2023-10-07 17:33:48.805000+00:00
9220,16,4,2023-10-07 17:33:48.805000+00:00
9220,27,5,2023-10-07 17:33:48.805000+00:00
9220,11,7,2023-10-07 17:33:48.805000+00:00
9220,14,6,2023-10-07 17:33:48.805000+00:00
9220,31,8,2023-10-07 17:33:48.805000+00:00
9220,10,9,2023-10-07 17:33:48.805000+00:00
9220,44,10,2023-10-07 17:33:48.805000+00:00
9220,77,11,2023-10-07 17:33:48.805000+00:00
9220,40,13,2023-10-07 17:33:48.805000+00:00
9220,24,12,2023-10-07 17:33:48.805000+00:00
9220,18,20,2023-10-07 17:33:48.805000+00:00
9220,4,19,2023-10-07 17:33:48.820000+00:00
9220,1,20,2023-10-07 17:33:48.820000+00:00
9220,18,14,2023-10-07 17:33:48.820000+00:00
9220,23,15,2023-10-07 17:33:48.820000+00:00
9220,22,17,2023-10-07 17:33:48.820000+00:00
9220,20,16,2023-10-07 17:33:48.820000+00:00
9220,2,18,2023-10-07 17:33:48.820000+00:00
9220,4,4,2023-10-07 17:33:49.039000+00:00
9220,16,5,2023-10-07 17:33:49.039000+00:00
9220,27,6,2023-10-07 17:33:49.039000+00:00
9220,11,8,2023-10-07 17:33:49.039000+00:00
9220,14,7,2023-10-07 17:33:49.039000+00:00
9220,31,9,2023-10-07 17:33:49.039000+00:00
9220,10,10,2023-10-07 17:33:49.039000+00:00
9220,44,11,2023-10-07 17:33:49.039000+00:00
9220,77,12,2023-10-07 17:33:49.039000+00:00
9220,40,14,2023-10-07 17:33:49.039000+00:00
9220,24,13,2023-10-07 17:33:49.039000+00:00
9220,18,15,2023-10-07 17:33:49.039000+00:00
9220,23,16,2023-10-07 17:33:49.039000+00:00
9220,22,18,2023-10-07 17:33:49.039000+00:00
9220,20,17,2023-10-07 17:33:49.039000+00:00
9220,2,19,2023-10-07 17:33:49.039000+00:00
9220,1,5,2023-10-07 17:33:49.180000+00:00
9220,16,6,2023-10-07 17:33:49.180000+00:00
9220,27,7,2023-10-07 17:33:49.180000+00:00
9220,11,9,2023-10-07 17:33:49.180000+00:00
9220,14,8,2023-10-07 17:33:49.180000+00:00
9220,31,10,2023-10-07 17:33:49.180000+00:00
9220,10,11,2023-10-07 17:33:49.180000+00:00
9220,44,12,2023-10-07 17:33:49.180000+00:00
9220,77,13,2023-10-07 17:33:49.180000+00:00
9220,40,15,2023-10-07 17:33:49.180000+00:00
9220,24,14,2023-10-07 17:33:49.180000+00:00
9220,18,16,2023-10-07 17:33:49.180000+00:00
9220,23,17,2023-10-07 17:33:49.180000+00:00
9220,22,19,2023-10-07 17:33:49.180000+00:00
9220,20,18,2023-10-07 17:33:49.180000+00:00
9220,2,20,2023-10-07 17:33:49.180000+00:00
9220,31,11,2023-10-07 17:33:49.633000+00:00
9220,10,12,2023-10-07 17:33:49.633000+00:00
9220,44,10,2023-10-07 17:33:49.633000+00:00
9220,31,10,2023-10-07 17:33:49.836000+00:00
9220,44,11,2023-10-07 17:33:49.836000+00:00
9220,10,13,2023-10-07 17:33:49.914000+00:00
9220,77,12,2023-10-07 17:33:49.914000+00:00
9220,10,12,2023-10-07 17:33:50.039000+00:00
9220,77,13,2023-10-07 17:33:50.039000+00:00
9220,40,14,2023-10-07 17:33:50.164000+00:00
9220,24,15,2023-10-07 17:33:50.164000+00:00
9220,24,16,2023-10-07 17:33:50.242000+00:00
9220,18,15,2023-10-07 17:33:50.242000+00:00
9220,40,15,2023-10-07 17:33:50.555000+00:00
9220,24,14,2023-10-07 17:33:50.555000+00:00
9220,18,16,2023-10-07 17:33:50.555000+00:00
9220,63,3,2023-10-07 17:33:54.305000+00:00
9220,55,2,2023-10-07 17:33:54.305000+00:00
9220,4,5,2023-10-07 17:33:54.867000+00:00
9220,1,6,2023-10-07 17:33:54.867000+00:00
9220,16,4,2023-10-07 17:33:54.867000+00:00
9220,10,11,2023-10-07 17:33:56.258000+00:00
9220,44,12,2023-10-07 17:33:56.258000+00:00
9220,77,14,2023-10-07 17:33:56.523000+00:00
9220,40,13,2023-10-07 17:33:56.523000+00:00
9220,24,15,2023-10-07 17:33:56.523000+00:00
9220,24,16,2023-10-07 17:33:56.805000+00:00
9220,18,15,2023-10-07 17:33:56.805000+00:00
9220,22,20,2023-10-07 17:33:57.211000+00:00
9220,20,19,2023-10-07 17:33:57.211000+00:00
9220,2,18,2023-10-07 17:33:57.211000+00:00
9220,63,2,2023-10-07 17:33:59.773000+00:00
9220,55,3,2023-10-07 17:33:59.773000+00:00
9220,4,6,2023-10-07 17:34:00.914000+00:00
9220,1,5,2023-10-07 17:34:00.914000+00:00
9220,27,8,2023-10-07 17:34:01.289000+00:00
9220,14,7,2023-10-07 17:34:01.289000+00:00
9220,11,10,2023-10-07 17:34:01.648000+00:00
9220,31,9,2023-10-07 17:34:01.648000+00:00
9220,44,13,2023-10-07 17:34:02.617000+00:00
9220,77,12,2023-10-07 17:34:02.617000+00:00
9220,40,14,2023-10-07 17:34:02.617000+00:00
9220,40,15,2023-10-07 17:34:02.930000+00:00
9220,18,14,2023-10-07 17:34:02.930000+00:00
9220,40,16,2023-10-07 17:34:03.086000+00:00
9220,24,15,2023-10-07 17:34:03.086000+00:00
9220,40,17,2023-10-07 17:34:03.539000+00:00
9220,23,18,2023-10-07 17:34:03.539000+00:00
9220,20,16,2023-10-07 17:34:03.539000+00:00
9220,2,19,2023-10-07 17:34:03.539000+00:00
9220,40,18,2023-10-07 17:34:03.586000+00:00
9220,23,17,2023-10-07 17:34:03.586000+00:00
9220,40,19,2023-10-07 17:34:03.789000+00:00
9220,2,18,2023-10-07 17:34:03.789000+00:00
9220,40,20,2023-10-07 17:34:03.961000+00:00
9220,22,19,2023-10-07 17:34:03.961000+00:00
9220,27,9,2023-10-07 17:34:08.742000+00:00
9220,31,8,2023-10-07 17:34:08.742000+00:00
9220,44,12,2023-10-07 17:34:34.414000+00:00
9220,77,13,2023-10-07 17:34:34.414000+00:00
9220,24,16,2023-10-07 17:34:56.741000+00:00
9220,20,15,2023-10-07 17:34:56.741000+00:00
9220,24,15,2023-10-07 17:36:40.162000+00:00
9220,20,16,2023-10-07 17:36:40.162000+00:00
9220,11,11,2023-10-07 17:38:02.583000+00:00
9220,10,10,2023-10-07 17:38:02.583000+00:00
9220,77,14,2023-10-07 17:38:15.630000+00:00
9220,18,13,2023-10-07 17:38:15.630000+00:00
9220,77,13,2023-10-07 17:38:15.864000+00:00
9220,18,14,2023-10-07 17:38:15.864000+00:00
9220,23,16,2023-10-07 17:38:16.833000+00:00
9220,20,17,2023-10-07 17:38:16.833000+00:00
9220,77,14,2023-10-07 17:38:19.161000+00:00
9220,18,13,2023-10-07 17:38:19.161000+00:00
9220,23,17,2023-10-07 17:38:23.817000+00:00
9220,20,16,2023-10-07 17:38:23.817000+00:00
9220,81,2,2023-10-07 17:38:30.645000+00:00
9220,63,1,2023-10-07 17:38:30.645000+00:00
9220,14,8,2023-10-07 17:38:37.614000+00:00
9220,31,7,2023-10-07 17:38:37.614000+00:00
9220,22,18,2023-10-07 17:38:55.879000+00:00
9220,2,19,2023-10-07 17:38:55.879000+00:00
9220,81,3,2023-10-07 17:46:39.140000+00:00
9220,55,2,2023-10-07 17:46:39.140000+00:00
9220,14,7,2023-10-07 17:46:41.671000+00:00
9220,31,8,2023-10-07 17:46:41.671000+00:00
9220,81,2,2023-10-07 17:46:46.577000+00:00
9220,55,3,2023-10-07 17:46:46.577000+00:00
9220,23,18,2023-10-07 17:46:54.171000+00:00
9220,22,17,2023-10-07 17:46:54.171000+00:00
9220,1,4,2023-10-07 17:49:37.794000+00:00
9220,16,5,2023-10-07 17:49:37.794000+00:00
9220,11,10,2023-10-07 17:49:44.497000+00:00
9220,10,11,2023-10-07 17:49:44.497000+00:00
9220,23,17,2023-10-07 17:49:49.919000+00:00
9220,22,18,2023-10-07 17:49:49.919000+00:00
9220,11,11,2023-10-07 17:49:50.138000+00:00
9220,10,10,2023-10-07 17:49:50.138000+00:00
9220,11,10,2023-10-07 17:49:55.778000+00:00
9220,10,11,2023-10-07 17:49:55.778000+00:00
9220,1,3,2023-10-07 17:51:06.387000+00:00
9220,55,4,2023-10-07 17:51:06.387000+00:00
9220,10,12,2023-10-07 17:51:13.527000+00:00
9220,44,11,2023-10-07 17:51:13.527000+00:00
9220,23,16,2023-10-07 17:51:20.590000+00:00
9220,20,17,2023-10-07 17:51:20.590000+00:00
9220,81,1,2023-10-07 17:52:31.933000+00:00
9220,63,2,2023-10-07 17:52:31.933000+00:00
9220,4,5,2023-10-07 17:52:44.839000+00:00
9220,16,6,2023-10-07 17:52:44.839000+00:00
9220,77,13,2023-10-07 17:52:45.854000+00:00
9220,18,14,2023-10-07 17:52:45.854000+00:00
9220,77,14,2023-10-07 17:52:45.870000+00:00
9220,18,13,2023-10-07 17:52:45.870000+00:00
9220,77,13,2023-10-07 17:52:47.573000+00:00
9220,18,14,2023-10-07 17:52:47.573000+00:00
9220,27,10,2023-10-07 17:52:54.995000+00:00
9220,11,11,2023-10-07 17:52:54.995000+00:00
9220,31,9,2023-10-07 17:52:54.995000+00:00
9220,44,8,2023-10-07 17:52:54.995000+00:00
9220,27,11,2023-10-07 17:52:57.182000+00:00
9220,11,12,2023-10-07 17:52:57.182000+00:00
9220,31,10,2023-10-07 17:52:57.182000+00:00
9220,10,9,2023-10-07 17:52:57.182000+00:00
9220,27,12,2023-10-07 17:52:58.573000+00:00
9220,11,13,2023-10-07 17:52:58.573000+00:00
9220,31,11,2023-10-07 17:52:58.573000+00:00
9220,77,10,2023-10-07 17:52:58.573000+00:00
9220,27,13,2023-10-07 17:52:59.261000+00:00
9220,11,14,2023-10-07 17:52:59.261000+00:00
9220,31,12,2023-10-07 17:52:59.261000+00:00
9220,18,11,2023-10-07 17:52:59.261000+00:00
9220,27,14,2023-10-07 17:52:59.792000+00:00
9220,11,15,2023-10-07 17:52:59.792000+00:00
9220,31,13,2023-10-07 17:52:59.792000+00:00
9220,24,12,2023-10-07 17:52:59.792000+00:00
9220,27,15,2023-10-07 17:53:01.120000+00:00
9220,11,16,2023-10-07 17:53:01.120000+00:00
9220,31,14,2023-10-07 17:53:01.120000+00:00
9220,23,13,2023-10-07 17:53:01.120000+00:00
9220,27,16,2023-10-07 17:53:02.479000+00:00
9220,11,17,2023-10-07 17:53:02.479000+00:00
9220,31,15,2023-10-07 17:53:02.479000+00:00
9220,20,14,2023-10-07 17:53:02.479000+00:00
9220,27,17,2023-10-07 17:53:03.307000+00:00
9220,11,18,2023-10-07 17:53:03.307000+00:00
9220,31,16,2023-10-07 17:53:03.307000+00:00
9220,22,15,2023-10-07 17:53:03.307000+00:00
9220,27,16,2023-10-07 17:53:03.667000+00:00
9220,31,17,2023-10-07 17:53:03.667000+00:00
9220,24,13,2023-10-07 17:54:26.853000+00:00
9220,18,12,2023-10-07 17:54:26.853000+00:00
9220,23,11,2023-10-07 17:54:26.853000+00:00
9220,22,14,2023-10-07 17:54:29.416000+00:00
9220,20,15,2023-10-07 17:54:29.416000+00:00
9220,24,14,2023-10-07 17:54:38.166000+00:00
9220,18,13,2023-10-07 17:54:38.166000+00:00
9220,22,12,2023-10-07 17:54:38.166000+00:00
9220,4,6,2023-10-07 18:01:44.161000+00:00
9220,16,5,2023-10-07 18:01:44.161000+00:00
9220,10,8,2023-10-07 18:01:51.286000+00:00
9220,44,9,2023-10-07 18:01:51.286000+00:00
9220,1,2,2023-10-07 18:03:04.910000+00:00
9220,63,3,2023-10-07 18:03:04.910000+00:00
9220,77,11,2023-10-07 18:03:11.629000+00:00
9220,23,10,2023-10-07 18:03:11.629000+00:00
9220,4,5,2023-10-07 18:04:36.815000+00:00
9220,16,6,2023-10-07 18:04:36.815000+00:00
9220,4,4,2023-10-07 18:04:54.409000+00:00
9220,55,5,2023-10-07 18:04:54.409000+00:00
9220,10,9,2023-10-07 18:05:11.284000+00:00
9220,44,8,2023-10-07 18:05:11.284000+00:00
9220,10,10,2023-10-07 18:06:07.564000+00:00
9220,23,9,2023-10-07 18:06:07.564000+00:00
9220,14,8,2023-10-07 18:06:13.502000+00:00
9220,44,7,2023-10-07 18:06:13.502000+00:00
9220,4,3,2023-10-07 18:07:30.891000+00:00
9220,63,4,2023-10-07 18:07:30.891000+00:00
9220,16,7,2023-10-07 18:07:37.329000+00:00
9220,44,6,2023-10-07 18:07:37.329000+00:00
9220,14,9,2023-10-07 18:07:37.407000+00:00
9220,23,8,2023-10-07 18:07:37.407000+00:00
9220,24,15,2023-10-07 18:07:49.063000+00:00
9220,20,14,2023-10-07 18:07:49.063000+00:00
9220,55,6,2023-10-07 18:08:17.203000+00:00
9220,44,5,2023-10-07 18:08:17.203000+00:00
9221,1,1,2023-10-08 16:01:06.129000+00:00
9221,63,2,2023-10-08 16:01:06.129000+00:00
9221,44,3,2023-10-08 16:01:06.129000+00:00
9221,14,4,2023-10-08 16:01:06.129000+00:00
9221,16,5,2023-10-08 16:01:06.129000+00:00
9221,81,6,2023-10-08 16:01:06.129000+00:00
9221,10,7,2023-10-08 16:01:06.129000+00:00
9221,31,8,2023-10-08 16:01:06.129000+00:00
9221,77,9,2023-10-08 16:01:06.129000+00:00
9221,4,10,2023-10-08 16:01:06.129000+00:00
9221,22,11,2023-10-08 16:01:06.129000+00:00
9221,55,12,2023-10-08 16:01:06.129000+00:00
9221,23,13,2023-10-08 16:01:06.129000+00:00
9221,27,14,2023-10-08 16:01:06.129000+00:00
9221,2,15,2023-10-08 16:01:06.129000+00:00
9221,18,16,2023-10-08 16:01:06.129000+00:00
9221,40,17,2023-10-08 16:01:06.129000+00:00
9221,20,18,2023-10-08 16:01:06.129000+00:00
9221,24,19,2023-10-08 16:01:06.129000+00:00
9221,11,20,2023-10-08 16:01:06.129000+00:00
9221,1,2,2023-10-08 17:03:41.119000+00:00
9221,63,3,2023-10-08 17:03:41.119000+00:00
9221,44,4,2023-10-08 17:03:41.119000+00:00
9221,14,5,2023-10-08 17:03:41.119000+00:00
9221,16,1,2023-10-08 17:03:41.119000+00:00
9221,1,3,2023-10-08 17:03:41.244000+00:00
9221,63,4,2023-10-08 17:03:41.244000+00:00
9221,44,5,2023-10-08 17:03:41.244000+00:00
9221,14,6,2023-10-08 17:03:41.244000+00:00
9221,81,2,2023-10-08 17:03:41.244000+00:00
9221,1,4,2023-10-08 17:03:41.431000+00:00
9221,63,5,2023-10-08 17:03:41.431000+00:00
9221,44,6,2023-10-08 17:03:41.431000+00:00
9221,14,7,2023-10-08 17:03:41.431000+00:00
9221,10,3,2023-10-08 17:03:41.431000+00:00
9221,1,5,2023-10-08 17:03:41.540000+00:00
9221,63,6,2023-10-08 17:03:41.540000+00:00
9221,44,7,2023-10-08 17:03:41.540000+00:00
9221,14,8,2023-10-08 17:03:41.540000+00:00
9221,31,4,2023-10-08 17:03:41.540000+00:00
9221,1,6,2023-10-08 17:03:41.572000+00:00
9221,63,7,2023-10-08 17:03:41.572000+00:00
9221,44,8,2023-10-08 17:03:41.572000+00:00
9221,14,9,2023-10-08 17:03:41.572000+00:00
9221,77,5,2023-10-08 17:03:41.572000+00:00
9221,1,7,2023-10-08 17:03:41.712000+00:00
9221,63,8,2023-10-08 17:03:41.712000+00:00
9221,44,9,2023-10-08 17:03:41.712000+00:00
9221,14,10,2023-10-08 17:03:41.712000+00:00
9221,4,6,2023-10-08 17:03:41.712000+00:00
9221,1,8,2023-10-08 17:03:41.744000+00:00
9221,63,9,2023-10-08 17:03:41.744000+00:00
9221,44,10,2023-10-08 17:03:41.744000+00:00
9221,14,11,2023-10-08 17:03:41.744000+00:00
9221,22,7,2023-10-08 17:03:41.744000+00:00
9221,1,9,2023-10-08 17:03:41.962000+00:00
9221,63,10,2023-10-08 17:03:41.962000+00:00
9221,44,11,2023-10-08 17:03:41.962000+00:00
9221,14,12,2023-10-08 17:03:41.962000+00:00
9221,55,13,2023-10-08 17:03:41.962000+00:00
9221,23,8,2023-10-08 17:03:41.962000+00:00
9221,1,10,2023-10-08 17:03:42.072000+00:00
9221,63,11,2023-10-08 17:03:42.072000+00:00
9221,44,12,2023-10-08 17:03:42.072000+00:00
9221,14,13,2023-10-08 17:03:42.072000+00:00
9221,55,14,2023-10-08 17:03:42.072000+00:00
9221,27,9,2023-10-08 17:03:42.072000+00:00
9221,1,11,2023-10-08 17:03:42.384000+00:00
9221,63,12,2023-10-08 17:03:42.384000+00:00
9221,44,13,2023-10-08 17:03:42.384000+00:00
9221,14,14,2023-10-08 17:03:42.384000+00:00
9221,55,15,2023-10-08 17:03:42.384000+00:00
9221,2,10,2023-10-08 17:03:42.384000+00:00
9221,1,12,2023-10-08 17:03:42.525000+00:00
9221,63,13,2023-10-08 17:03:42.525000+00:00
9221,44,14,2023-10-08 17:03:42.525000+00:00
9221,14,15,2023-10-08 17:03:42.525000+00:00
9221,55,16,2023-10-08 17:03:42.525000+00:00
9221,18,17,2023-10-08 17:03:42.525000+00:00
9221,40,11,2023-10-08 17:03:42.525000+00:00
9221,1,13,2023-10-08 17:03:42.587000+00:00
9221,63,14,2023-10-08 17:03:42.587000+00:00
9221,44,15,2023-10-08 17:03:42.587000+00:00
9221,14,16,2023-10-08 17:03:42.587000+00:00
9221,55,17,2023-10-08 17:03:42.587000+00:00
9221,18,18,2023-10-08 17:03:42.587000+00:00
9221,20,12,2023-10-08 17:03:42.587000+00:00
9221,1,14,2023-10-08 17:03:42.603000+00:00
9221,63,15,2023-10-08 17:03:42.603000+00:00
9221,44,16,2023-10-08 17:03:42.603000+00:00
9221,14,17,2023-10-08 17:03:42.603000+00:00
9221,55,18,2023-10-08 17:03:42.603000+00:00
9221,18,13,2023-10-08 17:03:42.603000+00:00
9221,1,15,2023-10-08 17:03:42.744000+00:00
9221,63,16,2023-10-08 17:03:42.744000+00:00
9221,44,17,2023-10-08 17:03:42.744000+00:00
9221,14,18,2023-10-08 17:03:42.744000+00:00
9221,55,19,2023-10-08 17:03:42.744000+00:00
9221,24,14,2023-10-08 17:03:42.744000+00:00
9221,1,1,2023-10-08 17:03:42.869000+00:00
9221,16,2,2023-10-08 17:03:42.869000+00:00
9221,81,3,2023-10-08 17:03:42.869000+00:00
9221,10,4,2023-10-08 17:03:42.869000+00:00
9221,31,5,2023-10-08 17:03:42.869000+00:00
9221,77,6,2023-10-08 17:03:42.869000+00:00
9221,4,7,2023-10-08 17:03:42.869000+00:00
9221,22,8,2023-10-08 17:03:42.869000+00:00
9221,23,9,2023-10-08 17:03:42.869000+00:00
9221,27,10,2023-10-08 17:03:42.869000+00:00
9221,2,11,2023-10-08 17:03:42.869000+00:00
9221,18,14,2023-10-08 17:03:42.869000+00:00
9221,40,12,2023-10-08 17:03:42.869000+00:00
9221,20,13,2023-10-08 17:03:42.869000+00:00
9221,24,15,2023-10-08 17:03:42.869000+00:00
9221,63,2,2023-10-08 17:03:42.931000+00:00
9221,16,3,2023-10-08 17:03:42.931000+00:00
9221,81,4,2023-10-08 17:03:42.931000+00:00
9221,10,5,2023-10-08 17:03:42.931000+00:00
9221,31,6,2023-10-08 17:03:42.931000+00:00
9221,77,7,2023-10-08 17:03:42.931000+00:00
9221,4,8,2023-10-08 17:03:42.931000+00:00
9221,22,9,2023-10-08 17:03:42.931000+00:00
9221,23,10,2023-10-08 17:03:42.931000+00:00
9221,27,11,2023-10-08 17:03:42.931000+00:00
9221,2,12,2023-10-08 17:03:42.931000+00:00
9221,18,15,2023-10-08 17:03:42.931000+00:00
9221,40,13,2023-10-08 17:03:42.931000+00:00
9221,20,14,2023-10-08 17:03:42.931000+00:00
9221,24,16,2023-10-08 17:03:42.931000+00:00
9221,44,3,2023-10-08 17:03:43.119000+00:00
9221,16,4,2023-10-08 17:03:43.119000+00:00
9221,81,5,2023-10-08 17:03:43.119000+00:00
9221,10,6,2023-10-08 17:03:43.119000+00:00
9221,31,7,2023-10-08 17:03:43.119000+00:00
9221,77,8,2023-10-08 17:03:43.119000+00:00
9221,4,9,2023-10-08 17:03:43.119000+00:00
9221,22,10,2023-10-08 17:03:43.119000+00:00
9221,23,11,2023-10-08 17:03:43.119000+00:00
9221,27,12,2023-10-08 17:03:43.119000+00:00
9221,2,13,2023-10-08 17:03:43.119000+00:00
9221,18,16,2023-10-08 17:03:43.119000+00:00
9221,40,14,2023-10-08 17:03:43.119000+00:00
9221,20,15,2023-10-08 17:03:43.119000+00:00
9221,24,17,2023-10-08 17:03:43.119000+00:00
9221,14,4,2023-10-08 17:03:43.337000+00:00
9221,16,5,2023-10-08 17:03:43.337000+00:00
9221,81,6,2023-10-08 17:03:43.337000+00:00
9221,10,7,2023-10-08 17:03:43.337000+00:00
9221,31,8,2023-10-08 17:03:43.337000+00:00
9221,77,9,2023-10-08 17:03:43.337000+00:00
9221,4,10,2023-10-08 17:03:43.337000+00:00
9221,22,11,2023-10-08 17:03:43.337000+00:00
9221,23,12,2023-10-08 17:03:43.337000+00:00
9221,27,13,2023-10-08 17:03:43.337000+00:00
9221,2,14,2023-10-08 17:03:43.337000+00:00
9221,18,17,2023-10-08 17:03:43.337000+00:00
9221,40,15,2023-10-08 17:03:43.337000+00:00
9221,20,16,2023-10-08 17:03:43.337000+00:00
9221,24,18,2023-10-08 17:03:43.337000+00:00
9221,40,16,2023-10-08 17:03:44.915000+00:00
9221,20,15,2023-10-08 17:03:44.915000+00:00
9221,63,3,2023-10-08 17:03:49.947000+00:00
9221,44,4,2023-10-08 17:03:49.947000+00:00
9221,14,5,2023-10-08 17:03:49.947000+00:00
9221,16,6,2023-10-08 17:03:49.947000+00:00
9221,81,2,2023-10-08 17:03:49.947000+00:00
9221,63,4,2023-10-08 17:03:50.290000+00:00
9221,44,5,2023-10-08 17:03:50.290000+00:00
9221,14,3,2023-10-08 17:03:50.290000+00:00
9221,55,20,2023-10-08 17:03:50.447000+00:00
9221,11,19,2023-10-08 17:03:50.447000+00:00
9221,63,5,2023-10-08 17:03:50.540000+00:00
9221,44,6,2023-10-08 17:03:50.540000+00:00
9221,16,7,2023-10-08 17:03:50.540000+00:00
9221,10,8,2023-10-08 17:03:50.540000+00:00
9221,31,4,2023-10-08 17:03:50.540000+00:00
9221,63,6,2023-10-08 17:03:50.634000+00:00
9221,44,7,2023-10-08 17:03:50.634000+00:00
9221,16,5,2023-10-08 17:03:50.634000+00:00
9221,63,7,2023-10-08 17:03:50.790000+00:00
9221,44,8,2023-10-08 17:03:50.790000+00:00
9221,10,9,2023-10-08 17:03:50.790000+00:00
9221,77,10,2023-10-08 17:03:50.790000+00:00
9221,4,6,2023-10-08 17:03:50.790000+00:00
9221,63,8,2023-10-08 17:03:50.853000+00:00
9221,44,9,2023-10-08 17:03:50.853000+00:00
9221,10,7,2023-10-08 17:03:50.853000+00:00
9221,63,10,2023-10-08 17:03:51.197000+00:00
9221,44,11,2023-10-08 17:03:51.197000+00:00
9221,77,9,2023-10-08 17:03:51.197000+00:00
9221,22,8,2023-10-08 17:03:51.197000+00:00
9221,63,11,2023-10-08 17:03:51.447000+00:00
9221,44,12,2023-10-08 17:03:51.447000+00:00
9221,23,10,2023-10-08 17:03:51.447000+00:00
9221,63,12,2023-10-08 17:03:51.619000+00:00
9221,44,13,2023-10-08 17:03:51.619000+00:00
9221,27,11,2023-10-08 17:03:51.619000+00:00
9221,63,13,2023-10-08 17:03:51.759000+00:00
9221,44,14,2023-10-08 17:03:51.759000+00:00
9221,2,15,2023-10-08 17:03:51.759000+00:00
9221,20,12,2023-10-08 17:03:51.759000+00:00
9221,63,14,2023-10-08 17:03:51.806000+00:00
9221,44,15,2023-10-08 17:03:51.806000+00:00
9221,2,13,2023-10-08 17:03:51.806000+00:00
9221,63,15,2023-10-08 17:03:51.900000+00:00
9221,44,16,2023-10-08 17:03:51.900000+00:00
9221,18,14,2023-10-08 17:03:51.900000+00:00
9221,40,17,2023-10-08 17:03:51.900000+00:00
9221,63,16,2023-10-08 17:03:52.087000+00:00
9221,44,17,2023-10-08 17:03:52.087000+00:00
9221,40,15,2023-10-08 17:03:52.087000+00:00
9221,63,17,2023-10-08 17:03:52.118000+00:00
9221,44,18,2023-10-08 17:03:52.118000+00:00
9221,24,16,2023-10-08 17:03:52.118000+00:00
9221,16,4,2023-10-08 17:03:56.431000+00:00
9221,31,5,2023-10-08 17:03:56.431000+00:00
9221,77,8,2023-10-08 17:03:57.134000+00:00
9221,22,9,2023-10-08 17:03:57.134000+00:00
9221,44,19,2023-10-08 17:03:57.306000+00:00
9221,11,18,2023-10-08 17:03:57.306000+00:00
9221,23,11,2023-10-08 17:03:57.462000+00:00
9221,27,10,2023-10-08 17:03:57.462000+00:00
9221,2,12,2023-10-08 17:03:57.759000+00:00
9221,20,13,2023-10-08 17:03:57.759000+00:00
9221,77,9,2023-10-08 17:04:00.822000+00:00
9221,22,8,2023-10-08 17:04:00.822000+00:00
9221,2,13,2023-10-08 17:04:05.040000+00:00
9221,20,12,2023-10-08 17:04:05.040000+00:00
9221,23,12,2023-10-08 17:04:11.821000+00:00
9221,2,11,2023-10-08 17:04:11.821000+00:00
9221,20,13,2023-10-08 17:04:11.821000+00:00
9221,18,13,2023-10-08 17:04:12.134000+00:00
9221,20,14,2023-10-08 17:04:12.134000+00:00
9221,23,11,2023-10-08 17:04:22.743000+00:00
9221,2,12,2023-10-08 17:04:22.743000+00:00
9221,18,14,2023-10-08 17:04:26.165000+00:00
9221,20,13,2023-10-08 17:04:26.165000+00:00
9221,18,13,2023-10-08 17:04:39.087000+00:00
9221,20,14,2023-10-08 17:04:39.087000+00:00
9221,63,18,2023-10-08 17:05:48.461000+00:00
9221,11,17,2023-10-08 17:05:48.461000+00:00
9221,63,18,2023-10-08 17:10:25.286000+00:00
9221,44,19,2023-10-08 17:10:25.286000+00:00
9221,77,10,2023-10-08 17:10:25.286000+00:00
9221,23,11,2023-10-08 17:10:25.286000+00:00
9221,27,9,2023-10-08 17:10:25.286000+00:00
9221,2,12,2023-10-08 17:10:25.286000+00:00
9221,18,13,2023-10-08 17:10:25.286000+00:00
9221,40,15,2023-10-08 17:10:25.286000+00:00
9221,20,14,2023-10-08 17:10:25.286000+00:00
9221,24,16,2023-10-08 17:10:25.286000+00:00
9221,11,17,2023-10-08 17:10:25.286000+00:00
9221,77,11,2023-10-08 17:10:26.130000+00:00
9221,23,10,2023-10-08 17:10:26.130000+00:00
9221,77,12,2023-10-08 17:10:27.161000+00:00
9221,2,11,2023-10-08 17:10:27.161000+00:00
9221,18,14,2023-10-08 17:10:29.645000+00:00
9221,40,16,2023-10-08 17:10:29.645000+00:00
9221,20,15,2023-10-08 17:10:29.645000+00:00
9221,24,13,2023-10-08 17:10:29.645000+00:00
9221,18,15,2023-10-08 17:10:31.114000+00:00
9221,40,17,2023-10-08 17:10:31.114000+00:00
9221,20,16,2023-10-08 17:10:31.114000+00:00
9221,11,14,2023-10-08 17:10:31.114000+00:00
9221,18,16,2023-10-08 17:10:31.395000+00:00
9221,20,15,2023-10-08 17:10:31.395000+00:00
9221,77,13,2023-10-08 17:10:36.708000+00:00
9221,24,12,2023-10-08 17:10:36.708000+00:00
9221,77,14,2023-10-08 17:10:37.926000+00:00
9221,11,13,2023-10-08 17:10:37.926000+00:00
9221,63,14,2023-10-08 17:10:39.067000+00:00
9221,77,15,2023-10-08 17:10:39.067000+00:00
9221,18,17,2023-10-08 17:10:39.067000+00:00
9221,40,18,2023-10-08 17:10:39.067000+00:00
9221,20,16,2023-10-08 17:10:39.067000+00:00
9221,22,9,2023-10-08 17:14:31.783000+00:00
9221,27,8,2023-10-08 17:14:31.783000+00:00
9221,63,13,2023-10-08 17:14:53.017000+00:00
9221,11,14,2023-10-08 17:14:53.017000+00:00
9221,18,16,2023-10-08 17:17:46.719000+00:00
9221,20,17,2023-10-08 17:17:46.719000+00:00
9221,63,12,2023-10-08 17:18:10.187000+00:00
9221,24,13,2023-10-08 17:18:10.187000+00:00
9221,63,11,2023-10-08 17:19:13.311000+00:00
9221,2,12,2023-10-08 17:19:13.311000+00:00
9221,22,10,2023-10-08 17:20:29.889000+00:00
9221,23,9,2023-10-08 17:20:29.889000+00:00
9221,63,10,2023-10-08 17:20:30.592000+00:00
9221,44,18,2023-10-08 17:20:30.592000+00:00
9221,77,14,2023-10-08 17:20:30.592000+00:00
9221,22,19,2023-10-08 17:20:30.592000+00:00
9221,2,11,2023-10-08 17:20:30.592000+00:00
9221,18,15,2023-10-08 17:20:30.592000+00:00
9221,40,17,2023-10-08 17:20:30.592000+00:00
9221,20,16,2023-10-08 17:20:30.592000+00:00
9221,24,12,2023-10-08 17:20:30.592000+00:00
9221,11,13,2023-10-08 17:20:30.592000+00:00
9221,44,19,2023-10-08 17:20:30.623000+00:00
9221,77,15,2023-10-08 17:20:30.623000+00:00
9221,22,11,2023-10-08 17:20:30.623000+00:00
9221,2,12,2023-10-08 17:20:30.623000+00:00
9221,18,16,2023-10-08 17:20:30.623000+00:00
9221,40,18,2023-10-08 17:20:30.623000+00:00
9221,20,17,2023-10-08 17:20:30.623000+00:00
9221,24,13,2023-10-08 17:20:30.623000+00:00
9221,11,14,2023-10-08 17:20:30.623000+00:00
9221,22,12,2023-10-08 17:20:31.811000+00:00
9221,2,11,2023-10-08 17:20:31.811000+00:00
9221,22,13,2023-10-08 17:20:32.389000+00:00
9221,24,12,2023-10-08 17:20:32.389000+00:00
9221,22,14,2023-10-08 17:20:32.764000+00:00
9221,11,13,2023-10-08 17:20:32.764000+00:00
9221,77,14,2023-10-08 17:20:40.201000+00:00
9221,22,15,2023-10-08 17:20:40.201000+00:00
9221,22,16,2023-10-08 17:20:41.170000+00:00
9221,18,15,2023-10-08 17:20:41.170000+00:00
9221,22,17,2023-10-08 17:20:42.810000+00:00
9221,20,16,2023-10-08 17:20:42.810000+00:00
9221,22,18,2023-10-08 17:20:43.342000+00:00
9221,40,17,2023-10-08 17:20:43.342000+00:00
9221,31,6,2023-10-08 17:21:54.482000+00:00
9221,4,5,2023-10-08 17:21:54.482000+00:00
9221,10,6,2023-10-08 17:21:56.060000+00:00
9221,31,7,2023-10-08 17:21:56.060000+00:00
9221,31,8,2023-10-08 17:22:05.200000+00:00
9221,27,7,2023-10-08 17:22:05.200000+00:00
9221,31,9,2023-10-08 17:22:05.731000+00:00
9221,23,8,2023-10-08 17:22:05.731000+00:00
9221,63,9,2023-10-08 17:22:06.356000+00:00
9221,31,10,2023-10-08 17:22:06.356000+00:00
9221,31,11,2023-10-08 17:22:08.841000+00:00
9221,2,10,2023-10-08 17:22:08.841000+00:00
9221,31,12,2023-10-08 17:22:09.481000+00:00
9221,24,11,2023-10-08 17:22:09.481000+00:00
9221,31,13,2023-10-08 17:22:09.856000+00:00
9221,11,12,2023-10-08 17:22:09.856000+00:00
9221,31,14,2023-10-08 17:22:10.872000+00:00
9221,77,13,2023-10-08 17:22:10.872000+00:00
9221,31,15,2023-10-08 17:22:12.138000+00:00
9221,18,14,2023-10-08 17:22:12.138000+00:00
9221,31,16,2023-10-08 17:22:14.325000+00:00
9221,20,15,2023-10-08 17:22:14.325000+00:00
9221,31,17,2023-10-08 17:22:14.528000+00:00
9221,40,16,2023-10-08 17:22:14.528000+00:00
9221,14,4,2023-10-08 17:23:20.621000+00:00
9221,16,3,2023-10-08 17:23:20.621000+00:00
9221,14,5,2023-10-08 17:23:29.793000+00:00
9221,4,4,2023-10-08 17:23:29.793000+00:00
9221,10,7,2023-10-08 17:23:30.027000+00:00
9221,27,6,2023-10-08 17:23:30.027000+00:00
9221,14,6,2023-10-08 17:23:35.918000+00:00
9221,27,5,2023-10-08 17:23:35.918000+00:00
9221,14,7,2023-10-08 17:23:36.215000+00:00
9221,10,8,2023-10-08 17:23:36.215000+00:00
9221,23,6,2023-10-08 17:23:36.215000+00:00
9221,63,7,2023-10-08 17:23:36.918000+00:00
9221,14,8,2023-10-08 17:23:36.918000+00:00
9221,10,9,2023-10-08 17:23:36.918000+00:00
9221,14,9,2023-10-08 17:23:39.887000+00:00
9221,10,10,2023-10-08 17:23:39.887000+00:00
9221,2,8,2023-10-08 17:23:39.887000+00:00
9221,14,10,2023-10-08 17:23:40.402000+00:00
9221,10,11,2023-10-08 17:23:40.402000+00:00
9221,24,9,2023-10-08 17:23:40.402000+00:00
9221,14,11,2023-10-08 17:23:40.637000+00:00
9221,10,12,2023-10-08 17:23:40.637000+00:00
9221,11,10,2023-10-08 17:23:40.637000+00:00
9221,14,12,2023-10-08 17:23:42.449000+00:00
9221,10,13,2023-10-08 17:23:42.449000+00:00
9221,77,11,2023-10-08 17:23:42.449000+00:00
9221,14,13,2023-10-08 17:23:42.855000+00:00
9221,10,14,2023-10-08 17:23:42.855000+00:00
9221,18,12,2023-10-08 17:23:42.855000+00:00
9221,14,14,2023-10-08 17:23:45.246000+00:00
9221,10,15,2023-10-08 17:23:45.246000+00:00
9221,20,13,2023-10-08 17:23:45.246000+00:00
9221,14,15,2023-10-08 17:23:45.637000+00:00
9221,10,16,2023-10-08 17:23:45.637000+00:00
9221,40,14,2023-10-08 17:23:45.637000+00:00
9221,10,17,2023-10-08 17:23:59.293000+00:00
9221,31,16,2023-10-08 17:23:59.293000+00:00
9221,63,6,2023-10-08 17:24:11.167000+00:00
9221,23,7,2023-10-08 17:24:11.167000+00:00
9221,16,4,2023-10-08 17:24:53.073000+00:00
9221,4,3,2023-10-08 17:24:53.073000+00:00
9221,81,3,2023-10-08 17:24:59.042000+00:00
9221,4,2,2023-10-08 17:24:59.042000+00:00
9221,16,5,2023-10-08 17:25:06.292000+00:00
9221,81,4,2023-10-08 17:25:06.292000+00:00
9221,27,3,2023-10-08 17:25:06.292000+00:00
9221,63,4,2023-10-08 17:25:06.479000+00:00
9221,16,6,2023-10-08 17:25:06.479000+00:00
9221,81,5,2023-10-08 17:25:06.479000+00:00
9221,16,7,2023-10-08 17:25:08.151000+00:00
9221,81,6,2023-10-08 17:25:08.151000+00:00
9221,23,5,2023-10-08 17:25:08.151000+00:00
9221,16,8,2023-10-08 17:25:10.620000+00:00
9221,81,7,2023-10-08 17:25:10.620000+00:00
9221,2,6,2023-10-08 17:25:10.620000+00:00
9221,16,9,2023-10-08 17:25:11.214000+00:00
9221,81,8,2023-10-08 17:25:11.214000+00:00
9221,24,7,2023-10-08 17:25:11.214000+00:00
9221,16,10,2023-10-08 17:25:11.761000+00:00
9221,81,9,2023-10-08 17:25:11.761000+00:00
9221,11,8,2023-10-08 17:25:11.761000+00:00
9221,16,11,2023-10-08 17:25:13.698000+00:00
9221,81,10,2023-10-08 17:25:13.698000+00:00
9221,77,9,2023-10-08 17:25:13.698000+00:00
9221,63,3,2023-10-08 17:25:13.823000+00:00
9221,27,4,2023-10-08 17:25:13.823000+00:00
9221,16,12,2023-10-08 17:25:14.261000+00:00
9221,81,11,2023-10-08 17:25:14.261000+00:00
9221,18,10,2023-10-08 17:25:14.261000+00:00
9221,16,13,2023-10-08 17:25:17.292000+00:00
9221,20,12,2023-10-08 17:25:17.292000+00:00
9221,16,14,2023-10-08 17:25:17.464000+00:00
9221,40,13,2023-10-08 17:25:17.464000+00:00
9221,81,12,2023-10-08 17:25:19.089000+00:00
9221,20,11,2023-10-08 17:25:19.089000+00:00
9221,81,13,2023-10-08 17:25:19.245000+00:00
9221,40,12,2023-10-08 17:25:19.245000+00:00
9221,14,14,2023-10-08 17:25:47.323000+00:00
9221,16,15,2023-10-08 17:25:47.323000+00:00
9221,23,4,2023-10-08 17:26:33.025000+00:00
9221,27,5,2023-10-08 17:26:33.025000+00:00
9221,63,2,2023-10-08 17:26:35.619000+00:00
9221,4,3,2023-10-08 17:26:35.619000+00:00
9221,27,6,2023-10-08 17:26:36.181000+00:00
9221,2,7,2023-10-08 17:26:36.181000+00:00
9221,24,5,2023-10-08 17:26:36.181000+00:00
9221,2,8,2023-10-08 17:26:36.760000+00:00
9221,11,7,2023-10-08 17:26:36.760000+00:00
9221,4,4,2023-10-08 17:26:38.650000+00:00
9221,23,3,2023-10-08 17:26:38.650000+00:00
9221,77,8,2023-10-08 17:26:38.900000+00:00
9221,2,9,2023-10-08 17:26:38.900000+00:00
9221,4,5,2023-10-08 17:26:41.869000+00:00
9221,24,4,2023-10-08 17:26:41.869000+00:00
9221,4,6,2023-10-08 17:26:42.322000+00:00
9221,27,7,2023-10-08 17:26:42.322000+00:00
9221,11,5,2023-10-08 17:26:42.322000+00:00
9221,77,6,2023-10-08 17:26:44.869000+00:00
9221,4,7,2023-10-08 17:26:44.869000+00:00
9221,27,8,2023-10-08 17:26:44.869000+00:00
9221,4,8,2023-10-08 17:26:45.306000+00:00
9221,27,9,2023-10-08 17:26:45.306000+00:00
9221,2,10,2023-10-08 17:26:45.306000+00:00
9221,18,7,2023-10-08 17:26:45.306000+00:00
9221,4,9,2023-10-08 17:26:48.900000+00:00
9221,27,10,2023-10-08 17:26:48.900000+00:00
9221,2,11,2023-10-08 17:26:48.900000+00:00
9221,20,8,2023-10-08 17:26:48.900000+00:00
9221,81,9,2023-10-08 17:26:49.806000+00:00
9221,4,10,2023-10-08 17:26:49.806000+00:00
9221,27,11,2023-10-08 17:26:49.806000+00:00
9221,2,12,2023-10-08 17:26:49.806000+00:00
9221,40,13,2023-10-08 17:26:49.806000+00:00
9221,4,11,2023-10-08 17:26:50.056000+00:00
9221,27,12,2023-10-08 17:26:50.056000+00:00
9221,2,13,2023-10-08 17:26:50.056000+00:00
9221,40,10,2023-10-08 17:26:50.056000+00:00
9221,14,12,2023-10-08 17:26:52.275000+00:00
9221,27,13,2023-10-08 17:26:52.275000+00:00
9221,2,14,2023-10-08 17:26:52.275000+00:00
9221,16,13,2023-10-08 17:26:53.103000+00:00
9221,27,14,2023-10-08 17:26:53.103000+00:00
9221,2,15,2023-10-08 17:26:53.103000+00:00
9221,14,11,2023-10-08 17:26:54.056000+00:00
9221,4,12,2023-10-08 17:26:54.056000+00:00
9221,16,12,2023-10-08 17:26:54.713000+00:00
9221,4,13,2023-10-08 17:26:54.713000+00:00
9221,31,14,2023-10-08 17:26:57.088000+00:00
9221,27,15,2023-10-08 17:26:57.088000+00:00
9221,2,16,2023-10-08 17:26:57.088000+00:00
9221,10,15,2023-10-08 17:26:58.869000+00:00
9221,27,16,2023-10-08 17:26:58.869000+00:00
9221,2,17,2023-10-08 17:26:58.869000+00:00
9221,22,16,2023-10-08 17:27:01.759000+00:00
9221,27,17,2023-10-08 17:27:01.759000+00:00
9221,2,18,2023-10-08 17:27:01.759000+00:00
9221,27,18,2023-10-08 17:27:07.275000+00:00
9221,2,17,2023-10-08 17:27:07.275000+00:00
9221,63,3,2023-10-08 17:28:08.555000+00:00
9221,23,2,2023-10-08 17:28:08.555000+00:00
9221,63,4,2023-10-08 17:28:12.430000+00:00
9221,24,3,2023-10-08 17:28:12.430000+00:00
9221,63,5,2023-10-08 17:28:12.540000+00:00
9221,11,4,2023-10-08 17:28:12.540000+00:00
9221,24,4,2023-10-08 17:28:14.227000+00:00
9221,11,3,2023-10-08 17:28:14.227000+00:00
9221,63,6,2023-10-08 17:28:15.384000+00:00
9221,77,5,2023-10-08 17:28:15.384000+00:00
9221,63,7,2023-10-08 17:28:16.977000+00:00
9221,18,6,2023-10-08 17:28:16.977000+00:00
9221,63,8,2023-10-08 17:28:20.133000+00:00
9221,81,7,2023-10-08 17:28:20.133000+00:00
9221,20,9,2023-10-08 17:28:20.133000+00:00
9221,63,9,2023-10-08 17:28:20.352000+00:00
9221,20,8,2023-10-08 17:28:20.352000+00:00
9221,63,10,2023-10-08 17:28:21.102000+00:00
9221,40,9,2023-10-08 17:28:21.102000+00:00
9221,63,11,2023-10-08 17:28:21.258000+00:00
9221,14,10,2023-10-08 17:28:21.258000+00:00
9221,63,12,2023-10-08 17:28:22.337000+00:00
9221,16,11,2023-10-08 17:28:22.337000+00:00
9221,63,13,2023-10-08 17:28:24.540000+00:00
9221,4,12,2023-10-08 17:28:24.540000+00:00
9221,63,14,2023-10-08 17:28:26.477000+00:00
9221,31,13,2023-10-08 17:28:26.477000+00:00
9221,63,15,2023-10-08 17:28:27.852000+00:00
9221,10,14,2023-10-08 17:28:27.852000+00:00
9221,14,9,2023-10-08 17:28:28.727000+00:00
9221,40,10,2023-10-08 17:28:28.727000+00:00
9221,14,8,2023-10-08 17:29:51.336000+00:00
9221,20,9,2023-10-08 17:29:51.336000+00:00
9221,16,10,2023-10-08 17:29:52.914000+00:00
9221,40,11,2023-10-08 17:29:52.914000+00:00
9221,4,11,2023-10-08 17:30:00.820000+00:00
9221,40,12,2023-10-08 17:30:00.820000+00:00
9221,81,6,2023-10-08 17:31:19.491000+00:00
9221,18,7,2023-10-08 17:31:19.491000+00:00
9221,16,9,2023-10-08 17:31:22.991000+00:00
9221,20,10,2023-10-08 17:31:22.991000+00:00
9221,4,10,2023-10-08 17:31:24.913000+00:00
9221,20,11,2023-10-08 17:31:24.913000+00:00
9221,31,12,2023-10-08 17:31:32.413000+00:00
9221,40,13,2023-10-08 17:31:32.413000+00:00
9221,1,2,2023-10-08 17:32:35.927000+00:00
9221,23,1,2023-10-08 17:32:35.927000+00:00
9221,24,3,2023-10-08 17:32:43.381000+00:00
9221,11,4,2023-10-08 17:32:43.381000+00:00
9221,77,4,2023-10-08 17:32:46.709000+00:00
9221,11,5,2023-10-08 17:32:46.709000+00:00
9221,81,5,2023-10-08 17:32:46.865000+00:00
9221,11,6,2023-10-08 17:32:46.865000+00:00
9221,81,4,2023-10-08 17:32:48.552000+00:00
9221,77,5,2023-10-08 17:32:48.552000+00:00
9221,18,6,2023-10-08 17:32:48.615000+00:00
9221,11,7,2023-10-08 17:32:48.615000+00:00
9221,14,7,2023-10-08 17:32:49.130000+00:00
9221,11,8,2023-10-08 17:32:49.130000+00:00
9221,16,8,2023-10-08 17:32:52.037000+00:00
9221,11,9,2023-10-08 17:32:52.037000+00:00
9221,4,9,2023-10-08 17:32:52.130000+00:00
9221,11,10,2023-10-08 17:32:52.130000+00:00
9221,16,9,2023-10-08 17:32:53.771000+00:00
9221,4,8,2023-10-08 17:32:53.771000+00:00
9221,20,10,2023-10-08 17:32:54.787000+00:00
9221,11,11,2023-10-08 17:32:54.787000+00:00
9221,31,11,2023-10-08 17:32:54.849000+00:00
9221,11,12,2023-10-08 17:32:54.849000+00:00
9221,40,12,2023-10-08 17:32:56.318000+00:00
9221,11,13,2023-10-08 17:32:56.318000+00:00
9221,10,13,2023-10-08 17:32:56.459000+00:00
9221,11,14,2023-10-08 17:32:56.459000+00:00
9221,31,10,2023-10-08 17:32:56.521000+00:00
9221,20,11,2023-10-08 17:32:56.521000+00:00
9221,63,14,2023-10-08 17:32:57.193000+00:00
9221,11,15,2023-10-08 17:32:57.193000+00:00
9221,16,8,2023-10-08 17:32:59.771000+00:00
9221,4,9,2023-10-08 17:32:59.771000+00:00
9221,22,15,2023-10-08 17:33:01.021000+00:00
9221,11,16,2023-10-08 17:33:01.021000+00:00
9221,10,12,2023-10-08 17:33:03.880000+00:00
9221,40,13,2023-10-08 17:33:03.880000+00:00
9221,1,1,2023-10-08 17:34:01.723000+00:00
9221,23,2,2023-10-08 17:34:01.723000+00:00
9221,81,3,2023-10-08 17:34:09.895000+00:00
9221,24,4,2023-10-08 17:34:09.895000+00:00
9221,81,2,2023-10-08 17:34:15.880000+00:00
9221,23,3,2023-10-08 17:34:15.880000+00:00
9221,77,3,2023-10-08 17:34:17.942000+00:00
9221,23,4,2023-10-08 17:34:17.942000+00:00
9221,24,5,2023-10-08 17:34:17.942000+00:00
9221,14,4,2023-10-08 17:34:19.145000+00:00
9221,23,5,2023-10-08 17:34:19.145000+00:00
9221,18,7,2023-10-08 17:34:19.145000+00:00
9221,24,6,2023-10-08 17:34:19.145000+00:00
9221,23,6,2023-10-08 17:34:19.395000+00:00
9221,18,5,2023-10-08 17:34:19.395000+00:00
9221,24,7,2023-10-08 17:34:19.395000+00:00
9221,16,6,2023-10-08 17:34:22.020000+00:00
9221,23,7,2023-10-08 17:34:22.020000+00:00
9221,24,8,2023-10-08 17:34:22.020000+00:00
9221,4,7,2023-10-08 17:34:22.145000+00:00
9221,23,8,2023-10-08 17:34:22.145000+00:00
9221,24,9,2023-10-08 17:34:22.145000+00:00
9221,16,7,2023-10-08 17:34:23.817000+00:00
9221,4,6,2023-10-08 17:34:23.817000+00:00
9221,31,8,2023-10-08 17:34:24.848000+00:00
9221,23,9,2023-10-08 17:34:24.848000+00:00
9221,24,10,2023-10-08 17:34:24.848000+00:00
9221,10,9,2023-10-08 17:34:26.286000+00:00
9221,23,10,2023-10-08 17:34:26.286000+00:00
9221,20,12,2023-10-08 17:34:26.286000+00:00
9221,24,11,2023-10-08 17:34:26.286000+00:00
9221,23,11,2023-10-08 17:34:26.317000+00:00
9221,20,10,2023-10-08 17:34:26.317000+00:00
9221,24,12,2023-10-08 17:34:26.317000+00:00
9221,23,12,2023-10-08 17:34:27.708000+00:00
9221,40,11,2023-10-08 17:34:27.708000+00:00
9221,24,13,2023-10-08 17:34:27.708000+00:00
9221,63,12,2023-10-08 17:34:27.754000+00:00
9221,23,13,2023-10-08 17:34:27.754000+00:00
9221,24,14,2023-10-08 17:34:27.754000+00:00
9221,63,11,2023-10-08 17:34:29.520000+00:00
9221,40,12,2023-10-08 17:34:29.520000+00:00
9221,22,14,2023-10-08 17:34:31.207000+00:00
9221,24,15,2023-10-08 17:34:31.207000+00:00
9221,22,13,2023-10-08 17:34:33.020000+00:00
9221,23,14,2023-10-08 17:34:33.020000+00:00
9221,24,16,2023-10-08 17:34:34.973000+00:00
9221,11,15,2023-10-08 17:34:34.973000+00:00
9221,2,16,2023-10-08 17:34:36.411000+00:00
9221,24,17,2023-10-08 17:34:36.411000+00:00
9221,63,10,2023-10-08 17:35:01.410000+00:00
9221,20,11,2023-10-08 17:35:01.410000+00:00
9221,14,3,2023-10-08 17:35:48.410000+00:00
9221,77,4,2023-10-08 17:35:48.410000+00:00
9221,23,15,2023-10-08 17:36:03.081000+00:00
9221,11,14,2023-10-08 17:36:03.081000+00:00
9221,4,5,2023-10-08 17:37:22.112000+00:00
9221,18,6,2023-10-08 17:37:22.112000+00:00
9221,22,14,2023-10-08 17:37:33.080000+00:00
9221,11,13,2023-10-08 17:37:33.080000+00:00
9221,77,5,2023-10-08 17:38:43.970000+00:00
9221,4,4,2023-10-08 17:38:43.970000+00:00
9221,16,5,2023-10-08 17:38:46.095000+00:00
9221,77,6,2023-10-08 17:38:46.095000+00:00
9221,18,7,2023-10-08 17:38:46.095000+00:00
9221,31,7,2023-10-08 17:38:47.423000+00:00
9221,18,8,2023-10-08 17:38:47.423000+00:00
9221,10,8,2023-10-08 17:38:48.658000+00:00
9221,18,9,2023-10-08 17:38:48.658000+00:00
9221,63,9,2023-10-08 17:38:49.423000+00:00
9221,18,10,2023-10-08 17:38:49.423000+00:00
9221,31,6,2023-10-08 17:38:53.205000+00:00
9221,77,7,2023-10-08 17:38:53.205000+00:00
9221,10,7,2023-10-08 17:38:54.517000+00:00
9221,77,8,2023-10-08 17:38:54.517000+00:00
9221,44,18,2023-10-08 17:38:54.705000+00:00
9221,22,13,2023-10-08 17:38:54.705000+00:00
9221,23,14,2023-10-08 17:38:54.705000+00:00
9221,27,17,2023-10-08 17:38:54.705000+00:00
9221,2,15,2023-10-08 17:38:54.705000+00:00
9221,40,19,2023-10-08 17:38:54.705000+00:00
9221,20,12,2023-10-08 17:38:54.705000+00:00
9221,24,16,2023-10-08 17:38:54.705000+00:00
9221,11,11,2023-10-08 17:38:54.705000+00:00
9221,44,19,2023-10-08 17:38:54.720000+00:00
9221,22,14,2023-10-08 17:38:54.720000+00:00
9221,23,15,2023-10-08 17:38:54.720000+00:00
9221,27,18,2023-10-08 17:38:54.720000+00:00
9221,2,16,2023-10-08 17:38:54.720000+00:00
9221,40,13,2023-10-08 17:38:54.720000+00:00
9221,24,17,2023-10-08 17:38:54.720000+00:00
9221,63,8,2023-10-08 17:38:55.095000+00:00
9221,77,9,2023-10-08 17:38:55.095000+00:00
9221,22,12,2023-10-08 17:38:56.158000+00:00
9221,40,14,2023-10-08 17:38:56.158000+00:00
9221,20,13,2023-10-08 17:38:56.158000+00:00
9221,23,13,2023-10-08 17:38:56.658000+00:00
9221,40,15,2023-10-08 17:38:56.658000+00:00
9221,20,14,2023-10-08 17:38:56.658000+00:00
9221,77,10,2023-10-08 17:39:00.345000+00:00
9221,18,11,2023-10-08 17:39:00.345000+00:00
9221,11,9,2023-10-08 17:39:00.345000+00:00
9221,77,11,2023-10-08 17:39:02.064000+00:00
9221,22,10,2023-10-08 17:39:02.064000+00:00
9221,18,12,2023-10-08 17:39:02.064000+00:00
9221,77,12,2023-10-08 17:39:02.220000+00:00
9221,23,11,2023-10-08 17:39:02.220000+00:00
9221,18,13,2023-10-08 17:39:02.220000+00:00
9221,22,11,2023-10-08 17:39:03.829000+00:00
9221,23,10,2023-10-08 17:39:03.829000+00:00
9221,77,13,2023-10-08 17:39:05.595000+00:00
9221,2,12,2023-10-08 17:39:05.595000+00:00
9221,18,14,2023-10-08 17:39:05.595000+00:00
9221,40,16,2023-10-08 17:39:05.595000+00:00
9221,20,15,2023-10-08 17:39:05.595000+00:00
9221,77,14,2023-10-08 17:39:08.017000+00:00
9221,18,15,2023-10-08 17:39:08.017000+00:00
9221,40,17,2023-10-08 17:39:08.017000+00:00
9221,20,16,2023-10-08 17:39:08.017000+00:00
9221,24,13,2023-10-08 17:39:08.017000+00:00
9221,22,10,2023-10-08 17:39:09.548000+00:00
9221,23,11,2023-10-08 17:39:09.548000+00:00
9221,77,15,2023-10-08 17:39:10.423000+00:00
9221,27,14,2023-10-08 17:39:10.423000+00:00
9221,18,16,2023-10-08 17:39:10.423000+00:00
9221,40,18,2023-10-08 17:39:10.423000+00:00
9221,20,17,2023-10-08 17:39:10.423000+00:00
9221,22,11,2023-10-08 17:40:26.688000+00:00
9221,23,10,2023-10-08 17:40:26.688000+00:00
9221,22,12,2023-10-08 17:40:29.547000+00:00
9221,2,11,2023-10-08 17:40:29.547000+00:00
9221,63,7,2023-10-08 17:40:30.875000+00:00
9221,10,8,2023-10-08 17:40:30.875000+00:00
9221,22,13,2023-10-08 17:40:36.938000+00:00
9221,24,12,2023-10-08 17:40:36.938000+00:00
9221,22,14,2023-10-08 17:40:39.438000+00:00
9221,27,13,2023-10-08 17:40:39.438000+00:00
9221,77,14,2023-10-08 17:40:46.297000+00:00
9221,22,15,2023-10-08 17:40:46.297000+00:00
9221,22,16,2023-10-08 17:40:47.610000+00:00
9221,18,15,2023-10-08 17:40:47.610000+00:00
9221,22,17,2023-10-08 17:40:57.875000+00:00
9221,20,16,2023-10-08 17:40:57.875000+00:00
9221,14,2,2023-10-08 17:44:39.685000+00:00
9221,81,3,2023-10-08 17:44:39.685000+00:00
9221,81,4,2023-10-08 17:44:41.326000+00:00
9221,4,3,2023-10-08 17:44:41.326000+00:00
9221,63,5,2023-10-08 17:44:43.482000+00:00
9221,16,6,2023-10-08 17:44:43.482000+00:00
9221,31,7,2023-10-08 17:44:43.482000+00:00
9221,16,7,2023-10-08 17:44:44.872000+00:00
9221,10,6,2023-10-08 17:44:44.872000+00:00
9221,31,8,2023-10-08 17:44:44.872000+00:00
9221,31,9,2023-10-08 17:44:46.622000+00:00
9221,11,8,2023-10-08 17:44:46.622000+00:00
9221,63,4,2023-10-08 17:44:49.169000+00:00
9221,81,5,2023-10-08 17:44:49.169000+00:00
9221,81,6,2023-10-08 17:44:50.701000+00:00
9221,10,5,2023-10-08 17:44:50.701000+00:00
9221,16,8,2023-10-08 17:44:52.544000+00:00
9221,81,7,2023-10-08 17:44:52.544000+00:00
9221,11,6,2023-10-08 17:44:52.544000+00:00
9221,16,9,2023-10-08 17:44:58.310000+00:00
9221,31,10,2023-10-08 17:44:58.310000+00:00
9221,23,8,2023-10-08 17:44:58.310000+00:00
9221,16,10,2023-10-08 17:45:03.575000+00:00
9221,31,11,2023-10-08 17:45:03.575000+00:00
9221,2,9,2023-10-08 17:45:03.575000+00:00
9221,16,11,2023-10-08 17:45:03.794000+00:00
9221,31,12,2023-10-08 17:45:03.794000+00:00
9221,24,10,2023-10-08 17:45:03.794000+00:00
9221,81,8,2023-10-08 17:45:05.622000+00:00
9221,23,7,2023-10-08 17:45:05.622000+00:00
9221,16,12,2023-10-08 17:45:06.185000+00:00
9221,31,13,2023-10-08 17:45:06.185000+00:00
9221,27,11,2023-10-08 17:45:06.185000+00:00
9221,2,10,2023-10-08 17:45:11.013000+00:00
9221,24,9,2023-10-08 17:45:11.013000+00:00
9221,31,14,2023-10-08 17:45:11.810000+00:00
9221,77,13,2023-10-08 17:45:11.810000+00:00
9221,31,15,2023-10-08 17:45:12.653000+00:00
9221,18,14,2023-10-08 17:45:12.653000+00:00
9221,16,13,2023-10-08 17:45:13.700000+00:00
9221,77,12,2023-10-08 17:45:13.700000+00:00
9221,16,14,2023-10-08 17:45:20.060000+00:00
9221,18,13,2023-10-08 17:45:20.060000+00:00
9221,14,3,2023-10-08 17:46:03.309000+00:00
9221,4,2,2023-10-08 17:46:03.309000+00:00
9221,10,6,2023-10-08 17:46:14.996000+00:00
9221,11,5,2023-10-08 17:46:14.996000+00:00
9221,63,3,2023-10-08 17:46:16.590000+00:00
9221,14,4,2023-10-08 17:46:16.590000+00:00
9221,14,5,2023-10-08 17:46:20.918000+00:00
9221,11,4,2023-10-08 17:46:20.918000+00:00
9221,14,6,2023-10-08 17:46:26.824000+00:00
9221,10,7,2023-10-08 17:46:26.824000+00:00
9221,23,5,2023-10-08 17:46:26.824000+00:00
9221,14,7,2023-10-08 17:46:28.528000+00:00
9221,81,6,2023-10-08 17:46:28.528000+00:00
9221,10,8,2023-10-08 17:46:28.528000+00:00
9221,27,10,2023-10-08 17:46:29.324000+00:00
9221,2,11,2023-10-08 17:46:29.324000+00:00
9221,14,8,2023-10-08 17:46:32.418000+00:00
9221,10,9,2023-10-08 17:46:32.418000+00:00
9221,24,7,2023-10-08 17:46:32.418000+00:00
9221,10,10,2023-10-08 17:46:35.309000+00:00
9221,27,9,2023-10-08 17:46:35.309000+00:00
9221,10,11,2023-10-08 17:46:40.168000+00:00
9221,77,10,2023-10-08 17:46:40.168000+00:00
9221,2,12,2023-10-08 17:46:40.168000+00:00
9221,10,12,2023-10-08 17:46:40.746000+00:00
9221,2,13,2023-10-08 17:46:40.746000+00:00
9221,18,11,2023-10-08 17:46:40.746000+00:00
9221,16,12,2023-10-08 17:46:43.168000+00:00
9221,10,13,2023-10-08 17:46:43.168000+00:00
9221,2,14,2023-10-08 17:46:43.168000+00:00
9221,10,14,2023-10-08 17:46:45.699000+00:00
9221,31,13,2023-10-08 17:46:45.699000+00:00
9221,2,15,2023-10-08 17:46:45.699000+00:00
9221,2,16,2023-10-08 17:46:51.402000+00:00
9221,20,15,2023-10-08 17:46:51.402000+00:00
9221,22,16,2023-10-08 17:46:53.012000+00:00
9221,2,17,2023-10-08 17:46:53.012000+00:00
9221,2,18,2023-10-08 17:46:56.902000+00:00
9221,40,17,2023-10-08 17:46:56.902000+00:00
9221,63,2,2023-10-08 17:47:44.027000+00:00
9221,4,3,2023-10-08 17:47:44.027000+00:00
9221,4,4,2023-10-08 17:47:48.870000+00:00
9221,11,3,2023-10-08 17:47:48.870000+00:00
9221,4,5,2023-10-08 17:47:55.027000+00:00
9221,23,4,2023-10-08 17:47:55.027000+00:00
9221,81,5,2023-10-08 17:47:55.573000+00:00
9221,4,6,2023-10-08 17:47:55.573000+00:00
9221,77,9,2023-10-08 17:48:02.089000+00:00
9221,27,10,2023-10-08 17:48:02.089000+00:00
9221,27,11,2023-10-08 17:48:03.308000+00:00
9221,18,10,2023-10-08 17:48:03.308000+00:00
9221,4,7,2023-10-08 17:48:08.339000+00:00
9221,24,6,2023-10-08 17:48:08.339000+00:00
9221,16,11,2023-10-08 17:48:11.355000+00:00
9221,27,12,2023-10-08 17:48:11.355000+00:00
9221,31,12,2023-10-08 17:48:14.433000+00:00
9221,27,13,2023-10-08 17:48:14.433000+00:00
9221,10,13,2023-10-08 17:48:17.276000+00:00
9221,27,14,2023-10-08 17:48:17.276000+00:00
9221,27,15,2023-10-08 17:48:20.417000+00:00
9221,20,14,2023-10-08 17:48:20.417000+00:00
9221,22,15,2023-10-08 17:48:21.448000+00:00
9221,27,16,2023-10-08 17:48:21.448000+00:00
9221,27,17,2023-10-08 17:48:26.026000+00:00
9221,40,16,2023-10-08 17:48:26.026000+00:00
9221,81,4,2023-10-08 17:49:30.838000+00:00
9221,23,5,2023-10-08 17:49:30.838000+00:00
9221,4,6,2023-10-08 17:50:58.806000+00:00
9221,24,7,2023-10-08 17:50:58.806000+00:00
9221,16,10,2023-10-08 17:52:40.992000+00:00
9221,18,11,2023-10-08 17:52:40.992000+00:00
9221,81,3,2023-10-08 17:53:39.023000+00:00
9221,11,4,2023-10-08 17:53:39.023000+00:00
9221,4,5,2023-10-08 17:53:44.413000+00:00
9221,23,6,2023-10-08 17:53:44.413000+00:00
9221,4,4,2023-10-08 17:53:49.976000+00:00
9221,11,5,2023-10-08 17:53:49.976000+00:00
9221,23,7,2023-10-08 17:53:54.101000+00:00
9221,24,5,2023-10-08 17:53:54.101000+00:00
9221,11,6,2023-10-08 17:53:54.101000+00:00
9221,14,6,2023-10-08 17:53:54.335000+00:00
9221,23,8,2023-10-08 17:53:54.335000+00:00
9221,11,7,2023-10-08 17:53:54.335000+00:00
9221,77,7,2023-10-08 17:53:59.788000+00:00
9221,23,9,2023-10-08 17:53:59.788000+00:00
9221,11,8,2023-10-08 17:53:59.788000+00:00
9221,16,8,2023-10-08 17:54:01.116000+00:00
9221,23,10,2023-10-08 17:54:01.116000+00:00
9221,11,9,2023-10-08 17:54:01.116000+00:00
9221,14,5,2023-10-08 17:54:01.538000+00:00
9221,24,6,2023-10-08 17:54:01.538000+00:00
9221,23,11,2023-10-08 17:54:02.804000+00:00
9221,18,9,2023-10-08 17:54:02.804000+00:00
9221,11,10,2023-10-08 17:54:02.804000+00:00
9221,31,10,2023-10-08 17:54:05.351000+00:00
9221,23,12,2023-10-08 17:54:05.351000+00:00
9221,11,11,2023-10-08 17:54:05.351000+00:00
9221,10,11,2023-10-08 17:54:06.882000+00:00
9221,23,13,2023-10-08 17:54:06.882000+00:00
9221,11,12,2023-10-08 17:54:06.882000+00:00
9221,23,14,2023-10-08 17:54:22.850000+00:00
9221,20,13,2023-10-08 17:54:22.850000+00:00
9221,22,14,2023-10-08 17:54:41.647000+00:00
9221,23,15,2023-10-08 17:54:41.647000+00:00
9221,63,3,2023-10-08 17:55:11.240000+00:00
9221,81,2,2023-10-08 17:55:11.240000+00:00
9221,63,4,2023-10-08 17:55:16.178000+00:00
9221,4,3,2023-10-08 17:55:16.178000+00:00
9221,63,5,2023-10-08 17:55:21.600000+00:00
9221,14,4,2023-10-08 17:55:21.600000+00:00
9221,63,6,2023-10-08 17:55:23.350000+00:00
9221,24,5,2023-10-08 17:55:23.350000+00:00
9221,16,7,2023-10-08 17:55:29.771000+00:00
9221,77,8,2023-10-08 17:55:29.771000+00:00
9221,14,5,2023-10-08 17:55:36.006000+00:00
9221,24,4,2023-10-08 17:55:36.006000+00:00
9221,63,5,2023-10-08 17:55:38.178000+00:00
9221,14,6,2023-10-08 17:55:38.178000+00:00
9221,14,7,2023-10-08 17:55:40.662000+00:00
9221,16,6,2023-10-08 17:55:40.662000+00:00
9221,14,8,2023-10-08 17:55:41.099000+00:00
9221,77,7,2023-10-08 17:55:41.099000+00:00
9221,14,9,2023-10-08 17:55:43.443000+00:00
9221,18,8,2023-10-08 17:55:43.443000+00:00
9221,14,6,2023-10-08 17:55:43.959000+00:00
9221,16,7,2023-10-08 17:55:43.959000+00:00
9221,77,8,2023-10-08 17:55:43.959000+00:00
9221,18,9,2023-10-08 17:55:43.959000+00:00
9221,14,7,2023-10-08 17:55:47.428000+00:00
9221,16,6,2023-10-08 17:55:47.428000+00:00
9221,63,4,2023-10-08 17:58:19.457000+00:00
9221,24,5,2023-10-08 17:58:19.457000+00:00
9221,22,15,2023-10-08 17:58:43.660000+00:00
9221,23,14,2023-10-08 17:58:43.660000+00:00
9221,16,5,2023-10-08 17:59:44.284000+00:00
9221,24,6,2023-10-08 17:59:44.284000+00:00
9221,14,6,2023-10-08 17:59:46.347000+00:00
9221,24,7,2023-10-08 17:59:46.347000+00:00
9221,77,7,2023-10-08 17:59:55.018000+00:00
9221,24,8,2023-10-08 17:59:55.018000+00:00
9221,18,8,2023-10-08 17:59:55.831000+00:00
9221,24,9,2023-10-08 17:59:55.831000+00:00
9221,31,9,2023-10-08 17:59:56.050000+00:00
9221,24,10,2023-10-08 17:59:56.050000+00:00
9221,10,10,2023-10-08 17:59:57.550000+00:00
9221,24,11,2023-10-08 17:59:57.550000+00:00
9221,24,12,2023-10-08 18:00:03.925000+00:00
9221,11,11,2023-10-08 18:00:03.925000+00:00
9221,31,8,2023-10-08 18:00:08.378000+00:00
9221,18,9,2023-10-08 18:00:08.378000+00:00
9221,20,12,2023-10-08 18:00:08.690000+00:00
9221,24,13,2023-10-08 18:00:08.690000+00:00
9221,23,13,2023-10-08 18:00:11.581000+00:00
9221,24,14,2023-10-08 18:00:11.581000+00:00
9221,22,14,2023-10-08 18:00:15.284000+00:00
9221,24,15,2023-10-08 18:00:15.284000+00:00
9221,10,9,2023-10-08 18:02:19.439000+00:00
9221,18,10,2023-10-08 18:02:19.439000+00:00
9221,31,7,2023-10-08 18:02:53.470000+00:00
9221,77,8,2023-10-08 18:02:53.470000+00:00
9221,22,15,2023-10-08 18:04:40.843000+00:00
9221,24,14,2023-10-08 18:04:40.843000+00:00
9221,10,8,2023-10-08 18:05:44.093000+00:00
9221,77,9,2023-10-08 18:05:44.093000+00:00
9221,18,11,2023-10-08 18:05:47.624000+00:00
9221,11,10,2023-10-08 18:05:47.624000+00:00
9221,77,10,2023-10-08 18:05:53.405000+00:00
9221,11,9,2023-10-08 18:05:53.405000+00:00
9221,44,18,2023-10-08 18:05:55.327000+00:00
9221,22,14,2023-10-08 18:05:55.327000+00:00
9221,23,12,2023-10-08 18:05:55.327000+00:00
9221,27,16,2023-10-08 18:05:55.327000+00:00
9221,2,17,2023-10-08 18:05:55.327000+00:00
9221,40,15,2023-10-08 18:05:55.327000+00:00
9221,20,19,2023-10-08 18:05:55.327000+00:00
9221,24,13,2023-10-08 18:05:55.327000+00:00
9221,44,19,2023-10-08 18:05:55.343000+00:00
9221,22,15,2023-10-08 18:05:55.343000+00:00
9221,27,17,2023-10-08 18:05:55.343000+00:00
9221,2,18,2023-10-08 18:05:55.343000+00:00
9221,40,16,2023-10-08 18:05:55.343000+00:00
9221,20,13,2023-10-08 18:05:55.343000+00:00
9221,24,14,2023-10-08 18:05:55.343000+00:00
9221,77,11,2023-10-08 18:06:01.233000+00:00
9221,23,10,2023-10-08 18:06:01.233000+00:00
9221,18,12,2023-10-08 18:06:01.233000+00:00
9221,77,12,2023-10-08 18:06:06.749000+00:00
9221,18,13,2023-10-08 18:06:06.749000+00:00
9221,20,14,2023-10-08 18:06:06.749000+00:00
9221,24,11,2023-10-08 18:06:06.749000+00:00
9221,77,13,2023-10-08 18:06:08.358000+00:00
9221,22,12,2023-10-08 18:06:08.358000+00:00
9221,18,14,2023-10-08 18:06:08.358000+00:00
9221,20,15,2023-10-08 18:06:08.358000+00:00
9221,27,18,2023-10-08 18:06:10.608000+00:00
9221,2,17,2023-10-08 18:06:10.608000+00:00
9221,2,14,2023-10-08 18:06:16.436000+00:00
9221,18,15,2023-10-08 18:06:16.436000+00:00
9221,40,17,2023-10-08 18:06:16.436000+00:00
9221,20,16,2023-10-08 18:06:16.436000+00:00
9221,2,15,2023-10-08 18:07:18.873000+00:00
9221,18,14,2023-10-08 18:07:18.873000+00:00
9221,2,16,2023-10-08 18:07:37.857000+00:00
9221,20,15,2023-10-08 18:07:37.857000+00:00
9221,77,12,2023-10-08 18:07:44.794000+00:00
9221,22,13,2023-10-08 18:07:44.794000+00:00
9221,22,14,2023-10-08 18:07:46.982000+00:00
9221,18,13,2023-10-08 18:07:46.982000+00:00
9221,22,15,2023-10-08 18:07:56.857000+00:00
9221,20,14,2023-10-08 18:07:56.857000+00:00
9221,2,17,2023-10-08 18:08:02.091000+00:00
9221,40,16,2023-10-08 18:08:02.091000+00:00
9221,27,17,2023-10-08 18:08:14.232000+00:00
9221,2,18,2023-10-08 18:08:14.232000+00:00
9221,81,3,2023-10-08 18:10:58.792000+00:00
9221,4,2,2023-10-08 18:10:58.792000+00:00
9221,63,3,2023-10-08 18:11:15.573000+00:00
9221,81,4,2023-10-08 18:11:15.573000+00:00
9221,14,5,2023-10-08 18:11:29.354000+00:00
9221,16,6,2023-10-08 18:11:29.354000+00:00
9221,10,7,2023-10-08 18:11:31.495000+00:00
9221,31,8,2023-10-08 18:11:31.495000+00:00
9221,16,7,2023-10-08 18:11:37.479000+00:00
9221,10,6,2023-10-08 18:11:37.479000+00:00
9221,31,9,2023-10-08 18:11:49.995000+00:00
9221,23,8,2023-10-08 18:11:49.995000+00:00
9221,11,10,2023-10-08 18:11:49.995000+00:00
9221,31,10,2023-10-08 18:11:55.120000+00:00
9221,24,9,2023-10-08 18:11:55.120000+00:00
9221,11,11,2023-10-08 18:11:55.120000+00:00
9221,77,11,2023-10-08 18:12:07.526000+00:00
9221,11,12,2023-10-08 18:12:07.526000+00:00
9221,18,12,2023-10-08 18:12:08.666000+00:00
9221,11,13,2023-10-08 18:12:08.666000+00:00
9221,63,2,2023-10-08 18:12:41.541000+00:00
9221,4,3,2023-10-08 18:12:41.541000+00:00
9221,81,3,2023-10-08 18:12:57.041000+00:00
9221,4,4,2023-10-08 18:12:57.041000+00:00
9221,23,9,2023-10-08 18:13:16.181000+00:00
9221,24,8,2023-10-08 18:13:16.181000+00:00
9221,14,6,2023-10-08 18:13:17.213000+00:00
9221,16,5,2023-10-08 18:13:17.213000+00:00
9221,10,7,2023-10-08 18:13:17.213000+00:00
9221,10,8,2023-10-08 18:13:22.041000+00:00
9221,24,7,2023-10-08 18:13:22.041000+00:00
9221,14,7,2023-10-08 18:13:23.947000+00:00
9221,24,6,2023-10-08 18:13:23.947000+00:00
9221,10,9,2023-10-08 18:13:29.665000+00:00
9221,31,8,2023-10-08 18:13:29.665000+00:00
9221,23,10,2023-10-08 18:13:29.665000+00:00
9221,10,10,2023-10-08 18:13:34.947000+00:00
9221,77,9,2023-10-08 18:13:34.947000+00:00
9221,23,11,2023-10-08 18:13:34.947000+00:00
9221,23,12,2023-10-08 18:13:35.712000+00:00
9221,18,11,2023-10-08 18:13:35.712000+00:00
9221,10,11,2023-10-08 18:13:37.509000+00:00
9221,18,10,2023-10-08 18:13:37.509000+00:00
9221,23,13,2023-10-08 18:13:40.962000+00:00
9221,11,12,2023-10-08 18:13:40.962000+00:00
9221,27,16,2023-10-08 18:14:06.087000+00:00
9221,40,17,2023-10-08 18:14:06.087000+00:00
9221,63,3,2023-10-08 18:21:26.379000+00:00
9221,81,2,2023-10-08 18:21:26.379000+00:00
9221,63,4,2023-10-08 18:21:28.316000+00:00
9221,4,3,2023-10-08 18:21:28.316000+00:00
9221,10,10,2023-10-08 18:23:54.580000+00:00
9221,18,11,2023-10-08 18:23:54.580000+00:00
9221,14,6,2023-10-08 18:24:51.377000+00:00
9221,24,7,2023-10-08 18:24:51.377000+00:00
9221,31,7,2023-10-08 18:25:04.126000+00:00
9221,24,8,2023-10-08 18:25:04.126000+00:00
9221,77,8,2023-10-08 18:25:10.954000+00:00
9221,24,9,2023-10-08 18:25:10.954000+00:00
9221,10,9,2023-10-08 18:25:17.001000+00:00
9221,24,10,2023-10-08 18:25:17.001000+00:00
9221,18,10,2023-10-08 18:25:17.142000+00:00
9221,24,11,2023-10-08 18:25:17.142000+00:00
9221,24,12,2023-10-08 18:25:17.251000+00:00
9221,11,11,2023-10-08 18:25:17.251000+00:00
9221,10,10,2023-10-08 18:25:24.532000+00:00
9221,18,9,2023-10-08 18:25:24.532000+00:00
9221,10,11,2023-10-08 18:25:24.564000+00:00
9221,11,10,2023-10-08 18:25:24.564000+00:00
9221,10,10,2023-10-08 18:28:19.405000+00:00
9221,11,11,2023-10-08 18:28:19.405000+00:00
9221,10,12,2023-10-08 18:31:38.341000+00:00
9221,23,14,2023-10-08 18:31:38.341000+00:00
9221,18,11,2023-10-08 18:31:38.341000+00:00
9221,20,13,2023-10-08 18:31:38.341000+00:00
9221,24,10,2023-10-08 18:31:38.341000+00:00
9221,11,9,2023-10-08 18:31:38.341000+00:00
9221,18,9,2023-10-08 18:32:24.825000+00:00
9221,24,11,2023-10-08 18:32:24.825000+00:00
9221,11,10,2023-10-08 18:32:24.825000+00:00
9221,10,10,2023-10-08 18:32:25.512000+00:00
9221,24,12,2023-10-08 18:32:25.512000+00:00
9221,11,11,2023-10-08 18:32:25.512000+00:00
9221,10,11,2023-10-08 18:32:28.371000+00:00
9221,18,10,2023-10-08 18:32:28.371000+00:00
9221,11,9,2023-10-08 18:32:28.371000+00:00
9221,10,12,2023-10-08 18:32:29.309000+00:00
9221,18,11,2023-10-08 18:32:29.309000+00:00
9221,24,10,2023-10-08 18:32:29.309000+00:00
9221,23,13,2023-10-08 18:32:34.199000+00:00
9221,20,14,2023-10-08 18:32:34.199000+00:00
9221,24,9,2023-10-08 18:36:39.009000+00:00
9221,11,10,2023-10-08 18:36:39.009000+00:00
9212,1,1,2023-10-21 21:09:05.598000+00:00
9212,16,2,2023-10-21 21:09:05.598000+00:00
9212,44,3,2023-10-21 21:09:05.598000+00:00
9212,4,4,2023-10-21 21:09:05.598000+00:00
9212,81,5,2023-10-21 21:09:05.598000+00:00
9212,55,6,2023-10-21 21:09:05.598000+00:00
9212,11,7,2023-10-21 21:09:05.598000+00:00
9212,23,8,2023-10-21 21:09:05.598000+00:00
9212,10,9,2023-10-21 21:09:05.598000+00:00
9212,3,10,2023-10-21 21:09:05.598000+00:00
9212,63,11,2023-10-21 21:09:05.598000+00:00
9212,14,12,2023-10-21 21:09:05.598000+00:00
9212,31,13,2023-10-21 21:09:05.598000+00:00
9212,18,14,2023-10-21 21:09:05.598000+00:00
9212,24,15,2023-10-21 21:09:05.598000+00:00
9212,27,16,2023-10-21 21:09:05.598000+00:00
9212,20,17,2023-10-21 21:09:05.598000+00:00
9212,77,18,2023-10-21 21:09:05.598000+00:00
9212,22,19,2023-10-21 21:09:05.598000+00:00
9212,2,20,2023-10-21 21:09:05.598000+00:00
9212,81,6,2023-10-21 22:03:54.232000+00:00
9212,55,5,2023-10-21 22:03:54.232000+00:00
9212,3,11,2023-10-21 22:03:55.201000+00:00
9212,63,10,2023-10-21 22:03:55.201000+00:00
9212,3,10,2023-10-21 22:03:55.232000+00:00
9212,63,11,2023-10-21 22:03:55.232000+00:00
9212,31,14,2023-10-21 22:03:55.622000+00:00
9212,18,13,2023-10-21 22:03:55.622000+00:00
9212,20,18,2023-10-21 22:03:55.982000+00:00
9212,77,17,2023-10-21 22:03:55.982000+00:00
9212,16,3,2023-10-21 22:04:01.357000+00:00
9212,44,2,2023-10-21 22:04:01.357000+00:00
9212,23,9,2023-10-21 22:04:02.185000+00:00
9212,10,8,2023-10-21 22:04:02.185000+00:00
9212,23,10,2023-10-21 22:04:02.482000+00:00
9212,3,11,2023-10-21 22:04:02.482000+00:00
9212,63,9,2023-10-21 22:04:02.482000+00:00
9212,3,12,2023-10-21 22:04:02.826000+00:00
9212,14,13,2023-10-21 22:04:02.826000+00:00
9212,31,11,2023-10-21 22:04:02.826000+00:00
9212,18,14,2023-10-21 22:04:02.826000+00:00
9212,24,16,2023-10-21 22:04:03.513000+00:00
9212,27,17,2023-10-21 22:04:03.513000+00:00
9212,77,15,2023-10-21 22:04:03.513000+00:00
9212,24,17,2023-10-21 22:04:03.669000+00:00
9212,27,16,2023-10-21 22:04:03.669000+00:00
9212,24,18,2023-10-21 22:04:07.372000+00:00
9212,20,17,2023-10-21 22:04:07.372000+00:00
9212,27,15,2023-10-21 22:04:11.794000+00:00
9212,77,16,2023-10-21 22:04:11.794000+00:00
9212,10,9,2023-10-21 22:04:15.966000+00:00
9212,63,8,2023-10-21 22:04:15.966000+00:00
9212,3,13,2023-10-21 22:04:17.278000+00:00
9212,14,12,2023-10-21 22:04:17.278000+00:00
9212,3,12,2023-10-21 22:04:21.169000+00:00
9212,14,13,2023-10-21 22:04:21.169000+00:00
9212,20,16,2023-10-21 22:04:22.575000+00:00
9212,77,17,2023-10-21 22:04:22.575000+00:00
9212,24,17,2023-10-21 22:04:28.794000+00:00
9212,77,18,2023-10-21 22:04:28.794000+00:00
9212,77,19,2023-10-21 22:04:33.872000+00:00
9212,22,18,2023-10-21 22:04:33.872000+00:00
9212,14,14,2023-10-21 22:04:40.841000+00:00
9212,18,13,2023-10-21 22:04:40.841000+00:00
9212,14,13,2023-10-21 22:04:45.122000+00:00
9212,18,14,2023-10-21 22:04:45.122000+00:00
9212,4,5,2023-10-21 22:04:55.575000+00:00
9212,55,4,2023-10-21 22:04:55.575000+00:00
9212,14,14,2023-10-21 22:05:00.090000+00:00
9212,18,13,2023-10-21 22:05:00.090000+00:00
9212,24,18,2023-10-21 22:05:01.309000+00:00
9212,22,17,2023-10-21 22:05:01.309000+00:00
9212,14,15,2023-10-21 22:05:07.590000+00:00
9212,27,16,2023-10-21 22:05:07.590000+00:00
9212,20,14,2023-10-21 22:05:07.590000+00:00
9212,81,7,2023-10-21 22:08:12.682000+00:00
9212,11,6,2023-10-21 22:08:12.682000+00:00
9212,81,8,2023-10-21 22:08:39.260000+00:00
9212,63,7,2023-10-21 22:08:39.260000+00:00
9212,81,9,2023-10-21 22:10:51.977000+00:00
9212,10,8,2023-10-21 22:10:51.977000+00:00
9212,81,10,2023-10-21 22:13:27.272000+00:00
9212,23,9,2023-10-21 22:13:27.272000+00:00
9212,14,14,2023-10-21 22:13:31.319000+00:00
9212,20,15,2023-10-21 22:13:31.319000+00:00
9212,27,15,2023-10-21 22:15:14.755000+00:00
9212,20,16,2023-10-21 22:15:14.755000+00:00
9212,20,17,2023-10-21 22:17:11.035000+00:00
9212,22,16,2023-10-21 22:17:11.035000+00:00
9212,20,16,2023-10-21 22:17:16.832000+00:00
9212,22,17,2023-10-21 22:17:16.832000+00:00
9212,20,17,2023-10-21 22:17:48.316000+00:00
9212,22,16,2023-10-21 22:17:48.316000+00:00
9212,20,16,2023-10-21 22:17:51.644000+00:00
9212,22,17,2023-10-21 22:17:51.644000+00:00
9212,3,13,2023-10-21 22:18:34.237000+00:00
9212,18,12,2023-10-21 22:18:34.237000+00:00
9212,20,17,2023-10-21 22:18:41.362000+00:00
9212,22,16,2023-10-21 22:18:41.362000+00:00
9212,4,4,2023-10-21 22:19:54.440000+00:00
9212,55,5,2023-10-21 22:19:54.440000+00:00
9212,55,6,2023-10-21 22:21:35.985000+00:00
9212,11,5,2023-10-21 22:21:35.985000+00:00
9212,24,17,2023-10-21 22:22:00.688000+00:00
9212,20,18,2023-10-21 22:22:00.688000+00:00
9212,24,18,2023-10-21 22:22:08.126000+00:00
9212,20,17,2023-10-21 22:22:08.126000+00:00
9212,24,17,2023-10-21 22:22:58.187000+00:00
9212,20,18,2023-10-21 22:22:58.187000+00:00
9212,24,18,2023-10-21 22:23:01.656000+00:00
9212,20,17,2023-10-21 22:23:01.656000+00:00
9212,27,16,2023-10-21 22:23:46.093000+00:00
9212,22,15,2023-10-21 22:23:46.093000+00:00
9212,24,17,2023-10-21 22:25:47.326000+00:00
9212,20,18,2023-10-21 22:25:47.326000+00:00
9212,3,12,2023-10-21 22:26:10.232000+00:00
9212,18,13,2023-10-21 22:26:10.232000+00:00
9212,14,13,2023-10-21 22:26:52.716000+00:00
9212,18,14,2023-10-21 22:26:52.716000+00:00
9212,20,19,2023-10-21 22:27:18.356000+00:00
9212,77,18,2023-10-21 22:27:18.356000+00:00
9212,18,15,2023-10-21 22:30:51.838000+00:00
9212,22,14,2023-10-21 22:30:51.838000+00:00
9212,18,16,2023-10-21 22:31:08.963000+00:00
9212,27,15,2023-10-21 22:31:08.963000+00:00
9212,18,17,2023-10-21 22:31:20.166000+00:00
9212,24,16,2023-10-21 22:31:20.166000+00:00
9212,18,18,2023-10-21 22:31:21.650000+00:00
9212,77,17,2023-10-21 22:31:21.650000+00:00
9212,18,19,2023-10-21 22:31:24.432000+00:00
9212,20,18,2023-10-21 22:31:24.432000+00:00
9212,18,20,2023-10-21 22:31:24.760000+00:00
9212,2,19,2023-10-21 22:31:24.760000+00:00
9212,10,7,2023-10-21 22:35:49.491000+00:00
9212,63,8,2023-10-21 22:35:49.491000+00:00
9212,24,17,2023-10-21 22:35:49.491000+00:00
9212,77,16,2023-10-21 22:35:49.491000+00:00
9212,24,16,2023-10-21 22:36:19.913000+00:00
9212,77,17,2023-10-21 22:36:19.913000+00:00
9212,24,17,2023-10-21 22:36:21.335000+00:00
9212,77,16,2023-10-21 22:36:21.335000+00:00
9213,16,1,2023-10-22 18:01:05.844000+00:00
9213,4,2,2023-10-22 18:01:05.844000+00:00
9213,44,3,2023-10-22 18:01:05.844000+00:00
9213,55,4,2023-10-22 18:01:05.844000+00:00
9213,63,5,2023-10-22 18:01:05.844000+00:00
9213,1,6,2023-10-22 18:01:05.844000+00:00
9213,10,7,2023-10-22 18:01:05.844000+00:00
9213,31,8,2023-10-22 18:01:05.844000+00:00
9213,11,9,2023-10-22 18:01:05.844000+00:00
9213,81,10,2023-10-22 18:01:05.844000+00:00
9213,22,11,2023-10-22 18:01:05.844000+00:00
9213,24,12,2023-10-22 18:01:05.844000+00:00
9213,77,13,2023-10-22 18:01:05.844000+00:00
9213,3,14,2023-10-22 18:01:05.844000+00:00
9213,23,15,2023-10-22 18:01:05.844000+00:00
9213,2,16,2023-10-22 18:01:05.844000+00:00
9213,20,17,2023-10-22 18:01:05.844000+00:00
9213,27,18,2023-10-22 18:01:05.844000+00:00
9213,14,19,2023-10-22 18:01:05.844000+00:00
9213,18,20,2023-10-22 18:01:05.844000+00:00
9213,16,2,2023-10-22 19:03:49.355000+00:00
9213,4,1,2023-10-22 19:03:49.355000+00:00
9213,63,6,2023-10-22 19:03:49.886000+00:00
9213,1,5,2023-10-22 19:03:49.886000+00:00
9213,23,16,2023-10-22 19:03:51.402000+00:00
9213,2,15,2023-10-22 19:03:51.402000+00:00
9213,44,4,2023-10-22 19:03:57.199000+00:00
9213,55,3,2023-10-22 19:03:57.199000+00:00
9213,63,7,2023-10-22 19:03:57.745000+00:00
9213,10,8,2023-10-22 19:03:57.745000+00:00
9213,31,6,2023-10-22 19:03:57.745000+00:00
9213,63,8,2023-10-22 19:03:57.855000+00:00
9213,10,9,2023-10-22 19:03:57.855000+00:00
9213,11,10,2023-10-22 19:03:57.855000+00:00
9213,81,7,2023-10-22 19:03:57.855000+00:00
9213,63,9,2023-10-22 19:03:57.933000+00:00
9213,10,8,2023-10-22 19:03:57.933000+00:00
9213,77,14,2023-10-22 19:03:58.902000+00:00
9213,3,13,2023-10-22 19:03:58.902000+00:00
9213,23,15,2023-10-22 19:03:59.214000+00:00
9213,2,16,2023-10-22 19:03:59.214000+00:00
9213,31,7,2023-10-22 19:04:01.417000+00:00
9213,81,6,2023-10-22 19:04:01.417000+00:00
9213,63,8,2023-10-22 19:04:01.636000+00:00
9213,10,9,2023-10-22 19:04:01.636000+00:00
9213,10,10,2023-10-22 19:04:06.308000+00:00
9213,11,9,2023-10-22 19:04:06.308000+00:00
9213,77,15,2023-10-22 19:04:07.605000+00:00
9213,23,14,2023-10-22 19:04:07.605000+00:00
9213,2,17,2023-10-22 19:04:50.198000+00:00
9213,20,16,2023-10-22 19:04:50.198000+00:00
9213,22,12,2023-10-22 19:04:55.119000+00:00
9213,24,11,2023-10-22 19:04:55.119000+00:00
9213,27,19,2023-10-22 19:04:59.072000+00:00
9213,14,18,2023-10-22 19:04:59.072000+00:00
9213,22,11,2023-10-22 19:05:45.822000+00:00
9213,24,12,2023-10-22 19:05:45.822000+00:00
9213,77,14,2023-10-22 19:06:22.899000+00:00
9213,23,15,2023-10-22 19:06:22.899000+00:00
9213,77,15,2023-10-22 19:06:42.180000+00:00
9213,23,14,2023-10-22 19:06:42.180000+00:00
9213,63,7,2023-10-22 19:08:04.522000+00:00
9213,31,8,2023-10-22 19:08:04.522000+00:00
9213,31,9,2023-10-22 19:08:23.819000+00:00
9213,11,8,2023-10-22 19:08:23.819000+00:00
9213,10,9,2023-10-22 19:09:08.099000+00:00
9213,31,10,2023-10-22 19:09:08.099000+00:00
9213,31,11,2023-10-22 19:09:15.818000+00:00
9213,22,10,2023-10-22 19:09:15.818000+00:00
9213,31,12,2023-10-22 19:09:52.177000+00:00
9213,24,11,2023-10-22 19:09:52.177000+00:00
9213,44,3,2023-10-22 19:09:52.395000+00:00
9213,55,4,2023-10-22 19:09:52.395000+00:00
9213,31,13,2023-10-22 19:10:11.817000+00:00
9213,3,12,2023-10-22 19:10:11.817000+00:00
9213,31,14,2023-10-22 19:10:12.082000+00:00
9213,23,13,2023-10-22 19:10:12.082000+00:00
9213,31,15,2023-10-22 19:10:25.832000+00:00
9213,77,14,2023-10-22 19:10:25.832000+00:00
9213,31,16,2023-10-22 19:10:36.082000+00:00
9213,20,15,2023-10-22 19:10:36.082000+00:00
9213,31,17,2023-10-22 19:10:36.473000+00:00
9213,2,16,2023-10-22 19:10:36.473000+00:00
9213,31,18,2023-10-22 19:10:43.457000+00:00
9213,14,17,2023-10-22 19:10:43.457000+00:00
9213,55,5,2023-10-22 19:11:43.300000+00:00
9213,1,4,2023-10-22 19:11:43.300000+00:00
9213,31,19,2023-10-22 19:11:52.924000+00:00
9213,27,18,2023-10-22 19:11:52.924000+00:00
9213,31,20,2023-10-22 19:12:00.799000+00:00
9213,18,19,2023-10-22 19:12:00.799000+00:00
9213,16,3,2023-10-22 19:13:16.563000+00:00
9213,44,2,2023-10-22 19:13:16.563000+00:00
9213,27,19,2023-10-22 19:13:44.407000+00:00
9213,18,18,2023-10-22 19:13:44.407000+00:00
9213,2,17,2023-10-22 19:15:25.608000+00:00
9213,14,16,2023-10-22 19:15:25.608000+00:00
9213,24,12,2023-10-22 19:19:30.229000+00:00
9213,3,11,2023-10-22 19:19:30.229000+00:00
9213,24,13,2023-10-22 19:19:31.635000+00:00
9213,23,12,2023-10-22 19:19:31.635000+00:00
9213,24,14,2023-10-22 19:19:32.057000+00:00
9213,77,13,2023-10-22 19:19:32.057000+00:00
9213,24,15,2023-10-22 19:19:32.994000+00:00
9213,20,14,2023-10-22 19:19:32.994000+00:00
9213,24,16,2023-10-22 19:19:33.588000+00:00
9213,14,15,2023-10-22 19:19:33.588000+00:00
9213,24,17,2023-10-22 19:19:35.025000+00:00
9213,2,16,2023-10-22 19:19:35.025000+00:00
9213,24,18,2023-10-22 19:19:36.635000+00:00
9213,18,17,2023-10-22 19:19:36.635000+00:00
9213,24,19,2023-10-22 19:19:37.979000+00:00
9213,27,18,2023-10-22 19:19:37.979000+00:00
9213,63,6,2023-10-22 19:20:03.041000+00:00
9213,81,7,2023-10-22 19:20:03.041000+00:00
9213,11,7,2023-10-22 19:20:09.603000+00:00
9213,81,8,2023-10-22 19:20:09.603000+00:00
9213,10,8,2023-10-22 19:20:14.587000+00:00
9213,81,9,2023-10-22 19:20:14.587000+00:00
9213,81,10,2023-10-22 19:20:29.384000+00:00
9213,22,9,2023-10-22 19:20:29.384000+00:00
9213,81,11,2023-10-22 19:20:52.149000+00:00
9213,3,10,2023-10-22 19:20:52.149000+00:00
9213,81,12,2023-10-22 19:20:53.040000+00:00
9213,23,11,2023-10-22 19:20:53.040000+00:00
9213,81,13,2023-10-22 19:20:54.196000+00:00
9213,77,12,2023-10-22 19:20:54.196000+00:00
9213,81,14,2023-10-22 19:20:55.915000+00:00
9213,20,13,2023-10-22 19:20:55.915000+00:00
9213,81,15,2023-10-22 19:20:56.368000+00:00
9213,14,14,2023-10-22 19:20:56.368000+00:00
9213,81,16,2023-10-22 19:20:57.430000+00:00
9213,2,15,2023-10-22 19:20:57.430000+00:00
9213,81,17,2023-10-22 19:21:02.758000+00:00
9213,18,16,2023-10-22 19:21:02.758000+00:00
9213,81,18,2023-10-22 19:21:04.430000+00:00
9213,27,17,2023-10-22 19:21:04.430000+00:00
9213,77,13,2023-10-22 19:21:18.242000+00:00
9213,23,12,2023-10-22 19:21:18.242000+00:00
9213,20,14,2023-10-22 19:21:18.242000+00:00
9213,14,11,2023-10-22 19:21:18.242000+00:00
9213,77,14,2023-10-22 19:21:19.211000+00:00
9213,23,13,2023-10-22 19:21:19.211000+00:00
9213,2,12,2023-10-22 19:21:19.211000+00:00
9213,20,15,2023-10-22 19:21:19.211000+00:00
9213,77,15,2023-10-22 19:21:20.836000+00:00
9213,23,14,2023-10-22 19:21:20.836000+00:00
9213,20,16,2023-10-22 19:21:20.836000+00:00
9213,18,13,2023-10-22 19:21:20.836000+00:00
9213,77,16,2023-10-22 19:21:22.633000+00:00
9213,23,15,2023-10-22 19:21:22.633000+00:00
9213,20,17,2023-10-22 19:21:22.633000+00:00
9213,27,14,2023-10-22 19:21:22.633000+00:00
9213,81,19,2023-10-22 19:21:33.383000+00:00
9213,24,16,2023-10-22 19:21:33.383000+00:00
9213,77,17,2023-10-22 19:21:33.383000+00:00
9213,20,18,2023-10-22 19:21:33.383000+00:00
9213,24,15,2023-10-22 19:21:35.742000+00:00
9213,23,16,2023-10-22 19:21:35.742000+00:00
9213,16,4,2023-10-22 19:22:07.257000+00:00
9213,1,3,2023-10-22 19:22:07.257000+00:00
9213,2,13,2023-10-22 19:23:04.194000+00:00
9213,18,12,2023-10-22 19:23:04.194000+00:00
9213,2,14,2023-10-22 19:23:06.006000+00:00
9213,27,13,2023-10-22 19:23:06.006000+00:00
9213,24,14,2023-10-22 19:23:16.162000+00:00
9213,2,15,2023-10-22 19:23:16.162000+00:00
9213,23,15,2023-10-22 19:23:18.459000+00:00
9213,2,16,2023-10-22 19:23:18.459000+00:00
9213,77,16,2023-10-22 19:23:19.881000+00:00
9213,2,17,2023-10-22 19:23:19.881000+00:00
9213,2,18,2023-10-22 19:23:25.193000+00:00
9213,20,17,2023-10-22 19:23:25.193000+00:00
9213,2,17,2023-10-22 19:26:02.878000+00:00
9213,20,18,2023-10-22 19:26:02.878000+00:00
9213,16,3,2023-10-22 19:31:15.013000+00:00
9213,1,4,2023-10-22 19:31:15.013000+00:00
9213,55,4,2023-10-22 19:31:17.935000+00:00
9213,1,5,2023-10-22 19:31:17.935000+00:00
9213,63,5,2023-10-22 19:31:20.200000+00:00
9213,1,6,2023-10-22 19:31:20.200000+00:00
9213,1,7,2023-10-22 19:31:21.513000+00:00
9213,11,6,2023-10-22 19:31:21.513000+00:00
9213,1,8,2023-10-22 19:31:25.606000+00:00
9213,10,7,2023-10-22 19:31:25.606000+00:00
9213,1,9,2023-10-22 19:31:29.700000+00:00
9213,22,8,2023-10-22 19:31:29.700000+00:00
9213,4,2,2023-10-22 19:32:50.808000+00:00
9213,44,1,2023-10-22 19:32:50.808000+00:00
9213,16,2,2023-10-22 19:32:57.542000+00:00
9213,4,3,2023-10-22 19:32:57.542000+00:00
9213,4,4,2023-10-22 19:33:03.230000+00:00
9213,55,5,2023-10-22 19:33:03.230000+00:00
9213,63,3,2023-10-22 19:33:03.230000+00:00
9213,55,6,2023-10-22 19:33:09.073000+00:00
9213,10,5,2023-10-22 19:33:09.073000+00:00
9213,11,7,2023-10-22 19:33:09.073000+00:00
9213,55,7,2023-10-22 19:33:13.698000+00:00
9213,1,6,2023-10-22 19:33:13.698000+00:00
9213,11,8,2023-10-22 19:33:13.698000+00:00
9213,22,9,2023-10-22 19:33:13.698000+00:00
9213,55,8,2023-10-22 19:33:17.229000+00:00
9213,11,9,2023-10-22 19:33:17.229000+00:00
9213,22,10,2023-10-22 19:33:17.229000+00:00
9213,3,7,2023-10-22 19:33:17.229000+00:00
9213,11,10,2023-10-22 19:33:20.214000+00:00
9213,22,11,2023-10-22 19:33:20.214000+00:00
9213,14,9,2023-10-22 19:33:20.214000+00:00
9213,55,9,2023-10-22 19:33:22.526000+00:00
9213,14,8,2023-10-22 19:33:22.526000+00:00
9213,55,8,2023-10-22 19:33:22.558000+00:00
9213,14,9,2023-10-22 19:33:22.558000+00:00
9213,22,12,2023-10-22 19:33:24.026000+00:00
9213,18,11,2023-10-22 19:33:24.026000+00:00
9213,11,11,2023-10-22 19:33:26.339000+00:00
9213,18,10,2023-10-22 19:33:26.339000+00:00
9213,22,13,2023-10-22 19:33:27.401000+00:00
9213,27,12,2023-10-22 19:33:27.401000+00:00
9213,11,10,2023-10-22 19:34:19.806000+00:00
9213,18,11,2023-10-22 19:34:19.806000+00:00
9213,1,5,2023-10-22 19:34:54.681000+00:00
9213,10,6,2023-10-22 19:34:54.681000+00:00
9213,10,7,2023-10-22 19:35:00.759000+00:00
9213,3,6,2023-10-22 19:35:00.759000+00:00
9213,55,7,2023-10-22 19:35:02.790000+00:00
9213,10,8,2023-10-22 19:35:02.790000+00:00
9213,10,9,2023-10-22 19:35:04.384000+00:00
9213,14,8,2023-10-22 19:35:04.384000+00:00
9213,10,10,2023-10-22 19:35:06.399000+00:00
9213,11,9,2023-10-22 19:35:06.399000+00:00
9213,10,11,2023-10-22 19:35:08.134000+00:00
9213,18,10,2023-10-22 19:35:08.134000+00:00
9213,10,12,2023-10-22 19:35:13.040000+00:00
9213,27,11,2023-10-22 19:35:13.040000+00:00
9213,10,11,2023-10-22 19:36:14.070000+00:00
9213,27,12,2023-10-22 19:36:14.070000+00:00
9213,11,8,2023-10-22 19:36:42.351000+00:00
9213,14,9,2023-10-22 19:36:42.351000+00:00
9213,14,10,2023-10-22 19:36:51.648000+00:00
9213,18,9,2023-10-22 19:36:51.648000+00:00
9213,10,10,2023-10-22 19:36:53.523000+00:00
9213,14,11,2023-10-22 19:36:53.523000+00:00
9213,55,6,2023-10-22 19:36:53.757000+00:00
9213,3,7,2023-10-22 19:36:53.757000+00:00
9213,22,11,2023-10-22 19:36:57.491000+00:00
9213,27,13,2023-10-22 19:36:57.491000+00:00
9213,14,12,2023-10-22 19:36:57.491000+00:00
9213,24,12,2023-10-22 19:37:01.975000+00:00
9213,27,14,2023-10-22 19:37:01.975000+00:00
9213,14,13,2023-10-22 19:37:01.975000+00:00
9213,23,13,2023-10-22 19:37:03.475000+00:00
9213,27,15,2023-10-22 19:37:03.475000+00:00
9213,14,14,2023-10-22 19:37:03.475000+00:00
9213,77,14,2023-10-22 19:37:04.288000+00:00
9213,27,16,2023-10-22 19:37:04.288000+00:00
9213,14,15,2023-10-22 19:37:04.288000+00:00
9213,2,15,2023-10-22 19:37:06.257000+00:00
9213,27,17,2023-10-22 19:37:06.257000+00:00
9213,14,16,2023-10-22 19:37:06.257000+00:00
9213,20,17,2023-10-22 19:37:11.928000+00:00
9213,27,18,2023-10-22 19:37:11.928000+00:00
9213,16,1,2023-10-22 19:38:06.521000+00:00
9213,44,2,2023-10-22 19:38:06.521000+00:00
9213,44,3,2023-10-22 19:38:12.365000+00:00
9213,63,2,2023-10-22 19:38:12.365000+00:00
9213,4,3,2023-10-22 19:38:13.380000+00:00
9213,44,4,2023-10-22 19:38:13.380000+00:00
9213,44,5,2023-10-22 19:38:16.349000+00:00
9213,1,4,2023-10-22 19:38:16.349000+00:00
9213,10,9,2023-10-22 19:38:29.974000+00:00
9213,31,19,2023-10-22 19:38:29.974000+00:00
9213,81,18,2023-10-22 19:38:29.974000+00:00
9213,22,10,2023-10-22 19:38:29.974000+00:00
9213,24,11,2023-10-22 19:38:29.974000+00:00
9213,77,13,2023-10-22 19:38:29.974000+00:00
9213,23,12,2023-10-22 19:38:29.974000+00:00
9213,2,14,2023-10-22 19:38:29.974000+00:00
9213,20,16,2023-10-22 19:38:29.974000+00:00
9213,27,17,2023-10-22 19:38:29.974000+00:00
9213,14,15,2023-10-22 19:38:29.974000+00:00
9213,18,20,2023-10-22 19:38:29.974000+00:00
9213,31,20,2023-10-22 19:38:30.005000+00:00
9213,81,19,2023-10-22 19:38:30.005000+00:00
9213,22,11,2023-10-22 19:38:30.005000+00:00
9213,24,12,2023-10-22 19:38:30.005000+00:00
9213,77,14,2023-10-22 19:38:30.005000+00:00
9213,23,13,2023-10-22 19:38:30.005000+00:00
9213,2,15,2023-10-22 19:38:30.005000+00:00
9213,20,17,2023-10-22 19:38:30.005000+00:00
9213,27,18,2023-10-22 19:38:30.005000+00:00
9213,14,16,2023-10-22 19:38:30.005000+00:00
9213,18,10,2023-10-22 19:38:30.005000+00:00
9213,11,7,2023-10-22 19:38:38.349000+00:00
9213,3,8,2023-10-22 19:38:38.349000+00:00
9213,22,10,2023-10-22 19:38:39.614000+00:00
9213,18,11,2023-10-22 19:38:39.614000+00:00
9213,24,11,2023-10-22 19:38:44.958000+00:00
9213,18,12,2023-10-22 19:38:44.958000+00:00
9213,23,12,2023-10-22 19:38:46.552000+00:00
9213,18,13,2023-10-22 19:38:46.552000+00:00
9213,77,13,2023-10-22 19:38:47.130000+00:00
9213,18,14,2023-10-22 19:38:47.130000+00:00
9213,2,14,2023-10-22 19:38:49.036000+00:00
9213,18,15,2023-10-22 19:38:49.036000+00:00
9213,14,15,2023-10-22 19:38:50.270000+00:00
9213,18,16,2023-10-22 19:38:50.270000+00:00
9213,20,16,2023-10-22 19:38:57.348000+00:00
9213,18,17,2023-10-22 19:38:57.348000+00:00
9213,4,2,2023-10-22 19:39:08.286000+00:00
9213,63,3,2023-10-22 19:39:08.286000+00:00
9213,2,15,2023-10-22 19:39:44.676000+00:00
9213,14,14,2023-10-22 19:39:44.676000+00:00
9213,20,17,2023-10-22 19:39:51.176000+00:00
9213,18,16,2023-10-22 19:39:51.176000+00:00
9213,63,4,2023-10-22 19:39:57.316000+00:00
9213,1,3,2023-10-22 19:39:57.316000+00:00
9213,44,4,2023-10-22 19:40:03.894000+00:00
9213,63,5,2023-10-22 19:40:03.894000+00:00
9213,55,5,2023-10-22 19:40:06.503000+00:00
9213,63,6,2023-10-22 19:40:06.503000+00:00
9213,63,7,2023-10-22 19:40:10.660000+00:00
9213,11,6,2023-10-22 19:40:10.660000+00:00
9213,63,8,2023-10-22 19:40:13.863000+00:00
9213,3,7,2023-10-22 19:40:13.863000+00:00
9213,77,14,2023-10-22 19:41:33.080000+00:00
9213,14,13,2023-10-22 19:41:33.080000+00:00
9213,63,7,2023-10-22 19:41:59.251000+00:00
9213,3,8,2023-10-22 19:41:59.251000+00:00
9213,10,8,2023-10-22 19:41:59.845000+00:00
9213,3,9,2023-10-22 19:41:59.845000+00:00
9213,22,9,2023-10-22 19:42:04.079000+00:00
9213,3,10,2023-10-22 19:42:04.079000+00:00
9213,24,10,2023-10-22 19:42:11.861000+00:00
9213,3,11,2023-10-22 19:42:11.861000+00:00
9213,3,12,2023-10-22 19:42:12.532000+00:00
9213,23,11,2023-10-22 19:42:12.532000+00:00
9213,3,13,2023-10-22 19:42:12.657000+00:00
9213,14,12,2023-10-22 19:42:12.657000+00:00
9213,77,13,2023-10-22 19:42:13.986000+00:00
9213,3,14,2023-10-22 19:42:13.986000+00:00
9213,3,15,2023-10-22 19:42:15.923000+00:00
9213,2,14,2023-10-22 19:42:15.923000+00:00
9213,23,12,2023-10-22 19:42:21.970000+00:00
9213,14,11,2023-10-22 19:42:21.970000+00:00
9213,24,11,2023-10-22 19:43:07.344000+00:00
9213,14,10,2023-10-22 19:43:07.344000+00:00
9213,16,2,2023-10-22 19:43:17.109000+00:00
9213,4,1,2023-10-22 19:43:17.109000+00:00
9213,16,3,2023-10-22 19:43:19.469000+00:00
9213,1,2,2023-10-22 19:43:19.469000+00:00
9213,16,4,2023-10-22 19:43:26.922000+00:00
9213,44,3,2023-10-22 19:43:26.922000+00:00
9213,16,5,2023-10-22 19:43:29.875000+00:00
9213,55,4,2023-10-22 19:43:29.875000+00:00
9213,16,6,2023-10-22 19:43:33.375000+00:00
9213,11,5,2023-10-22 19:43:33.375000+00:00
9213,20,18,2023-10-22 19:44:09.593000+00:00
9213,27,17,2023-10-22 19:44:09.593000+00:00
9213,24,12,2023-10-22 19:46:43.199000+00:00
9213,23,11,2023-10-22 19:46:43.199000+00:00
9213,3,16,2023-10-22 19:46:46.965000+00:00
9213,18,15,2023-10-22 19:46:46.965000+00:00
9213,2,15,2023-10-22 19:48:29.416000+00:00
9213,18,14,2023-10-22 19:48:29.416000+00:00
9213,24,13,2023-10-22 19:49:10.619000+00:00
9213,77,12,2023-10-22 19:49:10.619000+00:00
9213,24,14,2023-10-22 19:49:54.259000+00:00
9213,18,13,2023-10-22 19:49:54.259000+00:00
9213,24,15,2023-10-22 19:50:06.430000+00:00
9213,2,14,2023-10-22 19:50:06.430000+00:00
9213,24,16,2023-10-22 19:50:50.117000+00:00
9213,3,15,2023-10-22 19:50:50.117000+00:00
9213,24,17,2023-10-22 19:50:56.945000+00:00
9213,27,16,2023-10-22 19:50:56.945000+00:00
9213,24,18,2023-10-22 19:51:03.367000+00:00
9213,20,17,2023-10-22 19:51:03.367000+00:00
9213,4,2,2023-10-22 19:51:14.038000+00:00
9213,1,1,2023-10-22 19:51:14.038000+00:00
9213,77,13,2023-10-22 19:51:47.897000+00:00
9213,18,12,2023-10-22 19:51:47.897000+00:00
9213,77,14,2023-10-22 19:52:37.677000+00:00
9213,2,13,2023-10-22 19:52:37.677000+00:00
9213,77,15,2023-10-22 19:52:38.178000+00:00
9213,3,14,2023-10-22 19:52:38.178000+00:00
9213,77,16,2023-10-22 19:52:39.693000+00:00
9213,27,15,2023-10-22 19:52:39.693000+00:00
9213,77,17,2023-10-22 19:52:47.255000+00:00
9213,20,16,2023-10-22 19:52:47.255000+00:00
9213,23,12,2023-10-22 19:54:15.660000+00:00
9213,18,11,2023-10-22 19:54:15.660000+00:00
9213,23,13,2023-10-22 19:54:20.613000+00:00
9213,2,12,2023-10-22 19:54:20.613000+00:00
9213,3,13,2023-10-22 19:54:21.785000+00:00
9213,23,14,2023-10-22 19:54:21.785000+00:00
9213,23,15,2023-10-22 19:54:22.441000+00:00
9213,27,14,2023-10-22 19:54:22.441000+00:00
9213,77,16,2023-10-22 19:54:39.425000+00:00
9213,20,17,2023-10-22 19:54:39.425000+00:00
9213,24,17,2023-10-22 19:54:42.800000+00:00
9213,20,18,2023-10-22 19:54:42.800000+00:00
9213,3,14,2023-10-22 19:55:24.721000+00:00
9213,27,13,2023-10-22 19:55:24.721000+00:00
9213,2,13,2023-10-22 19:57:06.641000+00:00
9213,27,12,2023-10-22 19:57:06.641000+00:00
9213,3,13,2023-10-22 19:59:32.311000+00:00
9213,2,14,2023-10-22 19:59:32.311000+00:00
9213,23,14,2023-10-22 19:59:42.654000+00:00
9213,2,15,2023-10-22 19:59:42.654000+00:00
9213,77,15,2023-10-22 19:59:46.342000+00:00
9213,2,16,2023-10-22 19:59:46.342000+00:00
9213,24,16,2023-10-22 19:59:53.092000+00:00
9213,2,17,2023-10-22 19:59:53.092000+00:00
9213,4,3,2023-10-22 20:02:02.667000+00:00
9213,44,2,2023-10-22 20:02:02.667000+00:00
9213,4,4,2023-10-22 20:02:07.574000+00:00
9213,55,3,2023-10-22 20:02:07.574000+00:00
9213,4,5,2023-10-22 20:02:09.199000+00:00
9213,11,4,2023-10-22 20:02:09.199000+00:00
9213,16,5,2023-10-22 20:02:16.136000+00:00
9213,4,6,2023-10-22 20:02:16.136000+00:00
9213,24,17,2023-10-22 20:02:29.292000+00:00
9213,2,16,2023-10-22 20:02:29.292000+00:00
9213,22,10,2023-10-22 20:02:34.354000+00:00
9213,14,9,2023-10-22 20:02:34.354000+00:00
9213,22,11,2023-10-22 20:02:43.432000+00:00
9213,18,10,2023-10-22 20:02:43.432000+00:00
9213,3,12,2023-10-22 20:02:58.604000+00:00
9213,27,13,2023-10-22 20:02:58.604000+00:00
9213,23,13,2023-10-22 20:03:06.807000+00:00
9213,27,14,2023-10-22 20:03:06.807000+00:00
9213,77,14,2023-10-22 20:03:11.760000+00:00
9213,27,15,2023-10-22 20:03:11.760000+00:00
9213,44,1,2023-10-22 20:03:43.931000+00:00
9213,1,2,2023-10-22 20:03:43.931000+00:00
9213,55,4,2023-10-22 20:03:50.900000+00:00
9213,1,3,2023-10-22 20:03:50.900000+00:00
9213,11,2,2023-10-22 20:03:50.900000+00:00
9213,16,4,2023-10-22 20:03:57.368000+00:00
9213,55,5,2023-10-22 20:03:57.368000+00:00
9213,16,3,2023-10-22 20:03:59.681000+00:00
9213,1,4,2023-10-22 20:03:59.681000+00:00
9213,4,5,2023-10-22 20:04:00.697000+00:00
9213,55,6,2023-10-22 20:04:00.697000+00:00
9213,55,7,2023-10-22 20:04:05.212000+00:00
9213,63,6,2023-10-22 20:04:05.212000+00:00
9213,16,2,2023-10-22 20:07:19.990000+00:00
9213,11,3,2023-10-22 20:07:19.990000+00:00
9213,1,3,2023-10-22 20:07:20.865000+00:00
9213,11,4,2023-10-22 20:07:20.865000+00:00
9213,4,4,2023-10-22 20:07:22.755000+00:00
9213,11,5,2023-10-22 20:07:22.755000+00:00
9213,63,5,2023-10-22 20:07:29.349000+00:00
9213,11,6,2023-10-22 20:07:29.349000+00:00
9213,55,6,2023-10-22 20:07:30.162000+00:00
9213,11,7,2023-10-22 20:07:30.162000+00:00
9213,10,9,2023-10-22 20:07:39.568000+00:00
9213,14,8,2023-10-22 20:07:39.568000+00:00
9213,77,15,2023-10-22 20:07:39.724000+00:00
9213,27,14,2023-10-22 20:07:39.724000+00:00
9213,10,10,2023-10-22 20:07:48.255000+00:00
9213,18,9,2023-10-22 20:07:48.255000+00:00
9213,55,5,2023-10-22 20:08:31.770000+00:00
9213,63,6,2023-10-22 20:08:31.770000+00:00
9213,16,1,2023-10-22 20:09:00.988000+00:00
9213,44,2,2023-10-22 20:09:00.988000+00:00
9213,44,3,2023-10-22 20:09:01.207000+00:00
9213,1,2,2023-10-22 20:09:01.207000+00:00
9213,4,3,2023-10-22 20:09:02.754000+00:00
9213,44,4,2023-10-22 20:09:02.754000+00:00
9213,16,2,2023-10-22 20:09:10.363000+00:00
9213,1,1,2023-10-22 20:09:10.363000+00:00
9213,77,16,2023-10-22 20:09:15.347000+00:00
9213,2,15,2023-10-22 20:09:15.347000+00:00
9213,16,3,2023-10-22 20:10:03.706000+00:00
9213,4,2,2023-10-22 20:10:03.706000+00:00
9213,63,7,2023-10-22 20:10:55.517000+00:00
9213,11,6,2023-10-22 20:10:55.517000+00:00
9213,63,8,2023-10-22 20:11:02.330000+00:00
9213,14,7,2023-10-22 20:11:02.330000+00:00
9213,63,9,2023-10-22 20:11:10.861000+00:00
9213,18,8,2023-10-22 20:11:10.861000+00:00
9213,63,8,2023-10-22 20:12:53.875000+00:00
9213,18,9,2023-10-22 20:12:53.875000+00:00
9213,10,9,2023-10-22 20:13:00.781000+00:00
9213,18,10,2023-10-22 20:13:00.781000+00:00
9213,22,10,2023-10-22 20:13:03.906000+00:00
9213,18,11,2023-10-22 20:13:03.906000+00:00
9213,3,13,2023-10-22 20:15:08.357000+00:00
9213,23,12,2023-10-22 20:15:08.357000+00:00
9213,63,7,2023-10-22 20:16:13.793000+00:00
9213,14,8,2023-10-22 20:16:13.793000+00:00
9213,10,8,2023-10-22 20:16:22.886000+00:00
9213,14,9,2023-10-22 20:16:22.886000+00:00
9213,22,9,2023-10-22 20:16:29.121000+00:00
9213,14,10,2023-10-22 20:16:29.121000+00:00
9213,16,4,2023-10-22 20:16:42.964000+00:00
9213,44,3,2023-10-22 20:16:42.964000+00:00
9213,22,10,2023-10-22 20:19:02.977000+00:00
9213,14,9,2023-10-22 20:19:02.977000+00:00
9213,3,14,2023-10-22 20:20:19.242000+00:00
9213,27,13,2023-10-22 20:20:19.242000+00:00
9213,3,15,2023-10-22 20:21:13.991000+00:00
9213,2,14,2023-10-22 20:21:13.991000+00:00
9213,22,11,2023-10-22 20:24:15.394000+00:00
9213,18,10,2023-10-22 20:24:15.394000+00:00
9213,77,15,2023-10-22 20:25:25.533000+00:00
9213,3,16,2023-10-22 20:25:25.533000+00:00
9213,24,16,2023-10-22 20:25:31.158000+00:00
9213,3,17,2023-10-22 20:25:31.158000+00:00
9213,3,18,2023-10-22 20:25:33.283000+00:00
9213,20,17,2023-10-22 20:25:33.283000+00:00
9213,14,10,2023-10-22 20:25:36.861000+00:00
9213,18,9,2023-10-22 20:25:36.861000+00:00
9213,4,3,2023-10-22 20:25:59.611000+00:00
9213,44,2,2023-10-22 20:25:59.611000+00:00
9213,22,10,2023-10-22 20:26:16.688000+00:00
9213,14,11,2023-10-22 20:26:16.688000+00:00
9213,23,11,2023-10-22 20:28:32.795000+00:00
9213,14,12,2023-10-22 20:28:32.795000+00:00
9213,27,12,2023-10-22 20:28:38.280000+00:00
9213,14,13,2023-10-22 20:28:38.280000+00:00
9213,16,5,2023-10-22 20:28:39.936000+00:00
9213,55,4,2023-10-22 20:28:39.936000+00:00
9213,2,13,2023-10-22 20:28:41.108000+00:00
9213,14,14,2023-10-22 20:28:41.108000+00:00
9213,77,14,2023-10-22 20:28:50.030000+00:00
9213,14,15,2023-10-22 20:28:50.030000+00:00
9213,24,15,2023-10-22 20:28:55.233000+00:00
9213,14,16,2023-10-22 20:28:55.233000+00:00
9213,20,16,2023-10-22 20:28:56.904000+00:00
9213,14,17,2023-10-22 20:28:56.904000+00:00
9213,3,17,2023-10-22 20:29:07.748000+00:00
9213,14,18,2023-10-22 20:29:07.748000+00:00
9213,16,6,2023-10-22 20:32:52.728000+00:00
9213,11,5,2023-10-22 20:32:52.728000+00:00
9213,2,12,2023-10-22 20:33:06.837000+00:00
9213,27,13,2023-10-22 20:33:06.837000+00:00
9181,16,1,2023-10-29 19:01:05.840000+00:00
9181,55,2,2023-10-29 19:01:05.840000+00:00
9181,1,3,2023-10-29 19:01:05.840000+00:00
9181,3,4,2023-10-29 19:01:05.840000+00:00
9181,11,5,2023-10-29 19:01:05.840000+00:00
9181,44,6,2023-10-29 19:01:05.840000+00:00
9181,81,7,2023-10-29 19:01:05.840000+00:00
9181,63,8,2023-10-29 19:01:05.840000+00:00
9181,77,9,2023-10-29 19:01:05.840000+00:00
9181,24,10,2023-10-29 19:01:05.840000+00:00
9181,10,11,2023-10-29 19:01:05.840000+00:00
9181,27,12,2023-10-29 19:01:05.840000+00:00
9181,14,13,2023-10-29 19:01:05.840000+00:00
9181,23,14,2023-10-29 19:01:05.840000+00:00
9181,31,15,2023-10-29 19:01:05.840000+00:00
9181,20,16,2023-10-29 19:01:05.840000+00:00
9181,4,17,2023-10-29 19:01:05.840000+00:00
9181,22,18,2023-10-29 19:01:05.840000+00:00
9181,2,19,2023-10-29 19:01:05.840000+00:00
9181,18,20,2023-10-29 19:01:05.840000+00:00
9181,55,3,2023-10-29 20:03:27.008000+00:00
9181,1,2,2023-10-29 20:03:27.008000+00:00
9181,3,5,2023-10-29 20:03:27.212000+00:00
9181,11,4,2023-10-29 20:03:27.212000+00:00
9181,27,13,2023-10-29 20:03:28.290000+00:00
9181,14,12,2023-10-29 20:03:28.290000+00:00
9181,31,16,2023-10-29 20:03:28.649000+00:00
9181,20,15,2023-10-29 20:03:28.649000+00:00
9181,16,2,2023-10-29 20:03:31.836000+00:00
9181,1,1,2023-10-29 20:03:31.836000+00:00
9181,3,4,2023-10-29 20:03:31.993000+00:00
9181,11,5,2023-10-29 20:03:31.993000+00:00
9181,11,6,2023-10-29 20:03:32.102000+00:00
9181,44,5,2023-10-29 20:03:32.102000+00:00
9181,55,4,2023-10-29 20:03:32.118000+00:00
9181,3,5,2023-10-29 20:03:32.118000+00:00
9181,11,3,2023-10-29 20:03:32.118000+00:00
9181,44,6,2023-10-29 20:03:32.118000+00:00
9181,77,10,2023-10-29 20:03:32.446000+00:00
9181,24,9,2023-10-29 20:03:32.446000+00:00
9181,4,18,2023-10-29 20:03:33.133000+00:00
9181,22,17,2023-10-29 20:03:33.133000+00:00
9181,16,3,2023-10-29 20:03:33.961000+00:00
9181,1,2,2023-10-29 20:03:33.961000+00:00
9181,11,1,2023-10-29 20:03:33.961000+00:00
9181,16,2,2023-10-29 20:03:34.008000+00:00
9181,1,3,2023-10-29 20:03:34.008000+00:00
9181,3,6,2023-10-29 20:03:34.586000+00:00
9181,44,5,2023-10-29 20:03:34.586000+00:00
9181,10,12,2023-10-29 20:03:35.446000+00:00
9181,27,11,2023-10-29 20:03:35.446000+00:00
9181,14,13,2023-10-29 20:03:35.446000+00:00
9181,16,1,2023-10-29 20:03:40.289000+00:00
9181,11,2,2023-10-29 20:03:40.289000+00:00
9181,1,2,2023-10-29 20:03:40.789000+00:00
9181,11,3,2023-10-29 20:03:40.789000+00:00
9181,55,3,2023-10-29 20:03:41.649000+00:00
9181,11,4,2023-10-29 20:03:41.649000+00:00
9181,3,4,2023-10-29 20:03:42.039000+00:00
9181,11,5,2023-10-29 20:03:42.039000+00:00
9181,44,6,2023-10-29 20:03:42.039000+00:00
9181,11,6,2023-10-29 20:03:42.133000+00:00
9181,44,5,2023-10-29 20:03:42.133000+00:00
9181,11,7,2023-10-29 20:03:42.446000+00:00
9181,81,8,2023-10-29 20:03:42.446000+00:00
9181,63,6,2023-10-29 20:03:42.446000+00:00
9181,11,8,2023-10-29 20:03:42.836000+00:00
9181,81,7,2023-10-29 20:03:42.836000+00:00
9181,11,9,2023-10-29 20:03:42.868000+00:00
9181,77,11,2023-10-29 20:03:42.868000+00:00
9181,24,10,2023-10-29 20:03:42.868000+00:00
9181,27,8,2023-10-29 20:03:42.868000+00:00
9181,11,10,2023-10-29 20:03:43.243000+00:00
9181,24,9,2023-10-29 20:03:43.243000+00:00
9181,11,11,2023-10-29 20:03:43.274000+00:00
9181,77,12,2023-10-29 20:03:43.274000+00:00
9181,10,10,2023-10-29 20:03:43.274000+00:00
9181,11,12,2023-10-29 20:03:43.524000+00:00
9181,77,11,2023-10-29 20:03:43.524000+00:00
9181,11,13,2023-10-29 20:03:43.633000+00:00
9181,14,14,2023-10-29 20:03:43.633000+00:00
9181,23,12,2023-10-29 20:03:43.633000+00:00
9181,11,14,2023-10-29 20:03:44.024000+00:00
9181,14,13,2023-10-29 20:03:44.024000+00:00
9181,11,15,2023-10-29 20:03:44.164000+00:00
9181,20,14,2023-10-29 20:03:44.164000+00:00
9181,11,16,2023-10-29 20:03:44.211000+00:00
9181,31,17,2023-10-29 20:03:44.211000+00:00
9181,22,15,2023-10-29 20:03:44.211000+00:00
9181,11,17,2023-10-29 20:03:44.524000+00:00
9181,31,16,2023-10-29 20:03:44.524000+00:00
9181,11,18,2023-10-29 20:03:44.649000+00:00
9181,4,17,2023-10-29 20:03:44.649000+00:00
9181,11,19,2023-10-29 20:03:44.946000+00:00
9181,2,18,2023-10-29 20:03:44.946000+00:00
9181,3,5,2023-10-29 20:03:45.852000+00:00
9181,44,4,2023-10-29 20:03:45.852000+00:00
9181,16,2,2023-10-29 20:03:47.289000+00:00
9181,1,1,2023-10-29 20:03:47.289000+00:00
9181,11,20,2023-10-29 20:03:48.477000+00:00
9181,31,17,2023-10-29 20:03:48.477000+00:00
9181,4,16,2023-10-29 20:03:48.477000+00:00
9181,18,19,2023-10-29 20:03:48.477000+00:00
9181,31,18,2023-10-29 20:03:51.836000+00:00
9181,2,17,2023-10-29 20:03:51.836000+00:00
9181,24,10,2023-10-29 20:03:53.070000+00:00
9181,10,9,2023-10-29 20:03:53.070000+00:00
9181,14,14,2023-10-29 20:03:54.055000+00:00
9181,20,13,2023-10-29 20:03:54.055000+00:00
9181,3,4,2023-10-29 20:03:54.117000+00:00
9181,44,5,2023-10-29 20:03:54.117000+00:00
9181,81,8,2023-10-29 20:03:54.977000+00:00
9181,27,7,2023-10-29 20:03:54.977000+00:00
9181,77,12,2023-10-29 20:03:55.945000+00:00
9181,23,11,2023-10-29 20:03:55.945000+00:00
9181,81,7,2023-10-29 20:04:02.711000+00:00
9181,27,8,2023-10-29 20:04:02.711000+00:00
9181,81,6,2023-10-29 20:04:29.929000+00:00
9181,63,7,2023-10-29 20:04:29.929000+00:00
9181,14,15,2023-10-29 20:05:23.006000+00:00
9181,22,14,2023-10-29 20:05:23.006000+00:00
9181,14,14,2023-10-29 20:05:23.022000+00:00
9181,22,15,2023-10-29 20:05:23.022000+00:00
9181,14,15,2023-10-29 20:05:25.147000+00:00
9181,22,14,2023-10-29 20:05:25.147000+00:00
9181,14,15,2023-10-29 20:06:31.146000+00:00
9181,4,16,2023-10-29 20:06:31.146000+00:00
9181,14,16,2023-10-29 20:06:33.333000+00:00
9181,4,15,2023-10-29 20:06:33.333000+00:00
9181,31,19,2023-10-29 20:06:34.786000+00:00
9181,18,18,2023-10-29 20:06:34.786000+00:00
9181,14,17,2023-10-29 20:12:41.733000+00:00
9181,2,16,2023-10-29 20:12:41.733000+00:00
9181,20,14,2023-10-29 20:13:55.794000+00:00
9181,22,13,2023-10-29 20:13:55.794000+00:00
9181,20,13,2023-10-29 20:14:06.075000+00:00
9181,22,14,2023-10-29 20:14:06.075000+00:00
9181,4,14,2023-10-29 20:16:35.120000+00:00
9181,22,15,2023-10-29 20:16:35.120000+00:00
9181,22,16,2023-10-29 20:16:36.182000+00:00
9181,2,15,2023-10-29 20:16:36.182000+00:00
9181,14,16,2023-10-29 20:16:37.229000+00:00
9181,22,17,2023-10-29 20:16:37.229000+00:00
9181,22,18,2023-10-29 20:16:42.151000+00:00
9181,18,17,2023-10-29 20:16:42.151000+00:00
9181,31,18,2023-10-29 20:16:42.932000+00:00
9181,22,19,2023-10-29 20:16:42.932000+00:00
9181,3,5,2023-10-29 20:17:57.368000+00:00
9181,44,4,2023-10-29 20:17:57.368000+00:00
9181,14,17,2023-10-29 20:18:31.602000+00:00
9181,18,16,2023-10-29 20:18:31.602000+00:00
9181,4,15,2023-10-29 20:19:25.413000+00:00
9181,2,14,2023-10-29 20:19:25.413000+00:00
9181,4,16,2023-10-29 20:19:31.429000+00:00
9181,18,15,2023-10-29 20:19:31.429000+00:00
9181,14,16,2023-10-29 20:19:32.476000+00:00
9181,4,17,2023-10-29 20:19:32.476000+00:00
9181,31,17,2023-10-29 20:19:33.085000+00:00
9181,4,18,2023-10-29 20:19:33.085000+00:00
9181,24,11,2023-10-29 20:23:56.049000+00:00
9181,23,10,2023-10-29 20:23:56.049000+00:00
9181,16,1,2023-10-29 20:30:19.214000+00:00
9181,1,2,2023-10-29 20:30:19.214000+00:00
9181,55,2,2023-10-29 20:30:24.261000+00:00
9181,1,3,2023-10-29 20:30:24.261000+00:00
9181,1,4,2023-10-29 20:30:24.886000+00:00
9181,44,3,2023-10-29 20:30:24.886000+00:00
9181,1,5,2023-10-29 20:30:28.136000+00:00
9181,3,4,2023-10-29 20:30:28.136000+00:00
9181,1,6,2023-10-29 20:30:30.636000+00:00
9181,81,5,2023-10-29 20:30:30.636000+00:00
9181,1,7,2023-10-29 20:30:32.480000+00:00
9181,63,6,2023-10-29 20:30:32.480000+00:00
9181,1,6,2023-10-29 20:33:29.961000+00:00
9181,63,7,2023-10-29 20:33:29.961000+00:00
9181,77,11,2023-10-29 20:33:35.274000+00:00
9181,24,12,2023-10-29 20:33:35.274000+00:00
9181,24,13,2023-10-29 20:33:37.336000+00:00
9181,20,12,2023-10-29 20:33:37.336000+00:00
9181,24,14,2023-10-29 20:33:42.211000+00:00
9181,2,13,2023-10-29 20:33:42.211000+00:00
9181,24,15,2023-10-29 20:33:43.742000+00:00
9181,18,14,2023-10-29 20:33:43.742000+00:00
9181,24,16,2023-10-29 20:33:46.976000+00:00
9181,14,15,2023-10-29 20:33:46.976000+00:00
9181,24,17,2023-10-29 20:33:47.695000+00:00
9181,31,16,2023-10-29 20:33:47.695000+00:00
9181,24,18,2023-10-29 20:33:48.055000+00:00
9181,4,17,2023-10-29 20:33:48.055000+00:00
9181,24,19,2023-10-29 20:33:49.492000+00:00
9181,22,18,2023-10-29 20:33:49.492000+00:00
9181,31,17,2023-10-29 20:34:10.289000+00:00
9181,4,16,2023-10-29 20:34:10.289000+00:00
9181,1,5,2023-10-29 20:34:52.475000+00:00
9181,81,6,2023-10-29 20:34:52.475000+00:00
9181,2,14,2023-10-29 20:35:04.803000+00:00
9181,18,13,2023-10-29 20:35:04.803000+00:00
9181,14,14,2023-10-29 20:35:12.959000+00:00
9181,2,15,2023-10-29 20:35:12.959000+00:00
9181,4,15,2023-10-29 20:35:13.194000+00:00
9181,2,16,2023-10-29 20:35:13.194000+00:00
9181,31,16,2023-10-29 20:35:14.475000+00:00
9181,2,17,2023-10-29 20:35:14.475000+00:00
9181,22,17,2023-10-29 20:35:14.647000+00:00
9181,2,18,2023-10-29 20:35:14.647000+00:00
9181,14,15,2023-10-29 20:35:19.725000+00:00
9181,4,14,2023-10-29 20:35:19.725000+00:00
9181,31,17,2023-10-29 20:35:21.225000+00:00
9181,22,16,2023-10-29 20:35:21.225000+00:00
9181,24,18,2023-10-29 20:35:24.053000+00:00
9181,2,19,2023-10-29 20:35:24.053000+00:00
9181,10,8,2023-10-29 20:36:19.927000+00:00
9181,27,9,2023-10-29 20:36:19.927000+00:00
9181,27,10,2023-10-29 20:36:27.833000+00:00
9181,23,9,2023-10-29 20:36:27.833000+00:00
9181,77,10,2023-10-29 20:36:28.630000+00:00
9181,27,11,2023-10-29 20:36:28.630000+00:00
9181,20,13,2023-10-29 20:36:29.802000+00:00
9181,18,12,2023-10-29 20:36:29.802000+00:00
9181,27,12,2023-10-29 20:36:34.067000+00:00
9181,18,11,2023-10-29 20:36:34.067000+00:00
9181,27,13,2023-10-29 20:36:36.802000+00:00
9181,20,14,2023-10-29 20:36:36.802000+00:00
9181,4,12,2023-10-29 20:36:36.802000+00:00
9181,27,14,2023-10-29 20:36:38.833000+00:00
9181,14,13,2023-10-29 20:36:38.833000+00:00
9181,20,15,2023-10-29 20:36:38.833000+00:00
9181,27,15,2023-10-29 20:36:39.302000+00:00
9181,20,16,2023-10-29 20:36:39.302000+00:00
9181,22,14,2023-10-29 20:36:39.302000+00:00
9181,27,16,2023-10-29 20:36:40.473000+00:00
9181,31,15,2023-10-29 20:36:40.473000+00:00
9181,20,17,2023-10-29 20:36:40.473000+00:00
9181,24,17,2023-10-29 20:36:47.629000+00:00
9181,20,18,2023-10-29 20:36:47.629000+00:00
9181,14,14,2023-10-29 20:36:48.020000+00:00
9181,22,13,2023-10-29 20:36:48.020000+00:00
9181,20,19,2023-10-29 20:37:01.270000+00:00
9181,2,18,2023-10-29 20:37:01.270000+00:00
9181,3,3,2023-10-29 20:37:30.098000+00:00
9181,44,4,2023-10-29 20:37:30.098000+00:00
9181,1,4,2023-10-29 20:37:30.535000+00:00
9181,44,5,2023-10-29 20:37:30.535000+00:00
9181,44,6,2023-10-29 20:37:33.363000+00:00
9181,81,5,2023-10-29 20:37:33.363000+00:00
9181,44,7,2023-10-29 20:37:34.691000+00:00
9181,63,6,2023-10-29 20:37:34.691000+00:00
9181,1,3,2023-10-29 20:37:37.019000+00:00
9181,3,4,2023-10-29 20:37:37.019000+00:00
9181,81,6,2023-10-29 20:38:54.799000+00:00
9181,63,5,2023-10-29 20:38:54.799000+00:00
9181,44,6,2023-10-29 20:39:09.658000+00:00
9181,81,7,2023-10-29 20:39:09.658000+00:00
9181,81,8,2023-10-29 20:39:13.689000+00:00
9181,10,7,2023-10-29 20:39:13.689000+00:00
9181,81,9,2023-10-29 20:39:20.174000+00:00
9181,23,8,2023-10-29 20:39:20.174000+00:00
9181,81,10,2023-10-29 20:39:20.721000+00:00
9181,77,9,2023-10-29 20:39:20.721000+00:00
9181,4,11,2023-10-29 20:39:33.002000+00:00
9181,18,12,2023-10-29 20:39:33.002000+00:00
9181,44,5,2023-10-29 20:40:32.547000+00:00
9181,63,6,2023-10-29 20:40:32.547000+00:00
9181,63,7,2023-10-29 20:40:38.610000+00:00
9181,10,6,2023-10-29 20:40:38.610000+00:00
9181,63,8,2023-10-29 20:40:44.985000+00:00
9181,23,7,2023-10-29 20:40:44.985000+00:00
9181,63,9,2023-10-29 20:40:46.047000+00:00
9181,77,8,2023-10-29 20:40:46.047000+00:00
9181,81,9,2023-10-29 20:40:51.063000+00:00
9181,63,10,2023-10-29 20:40:51.063000+00:00
9181,81,8,2023-10-29 20:41:10.594000+00:00
9181,77,9,2023-10-29 20:41:10.594000+00:00
9181,81,9,2023-10-29 20:41:10.609000+00:00
9181,77,8,2023-10-29 20:41:10.609000+00:00
9181,81,8,2023-10-29 20:41:18.203000+00:00
9181,77,9,2023-10-29 20:41:18.203000+00:00
9181,3,5,2023-10-29 20:41:56.280000+00:00
9181,44,4,2023-10-29 20:41:56.280000+00:00
9181,3,6,2023-10-29 20:42:06.202000+00:00
9181,10,5,2023-10-29 20:42:06.202000+00:00
9181,63,9,2023-10-29 20:42:15.983000+00:00
9181,77,10,2023-10-29 20:42:15.983000+00:00
9181,81,7,2023-10-29 20:42:16.530000+00:00
9181,23,8,2023-10-29 20:42:16.530000+00:00
9181,20,18,2023-10-29 20:42:44.108000+00:00
9181,2,19,2023-10-29 20:42:44.108000+00:00
9181,55,3,2023-10-29 20:43:08.560000+00:00
9181,1,2,2023-10-29 20:43:08.560000+00:00
9181,3,5,2023-10-29 20:43:24.919000+00:00
9181,10,6,2023-10-29 20:43:24.919000+00:00
9181,81,6,2023-10-29 20:43:31.576000+00:00
9181,10,7,2023-10-29 20:43:31.576000+00:00
9181,10,8,2023-10-29 20:43:33.263000+00:00
9181,23,7,2023-10-29 20:43:33.263000+00:00
9181,63,8,2023-10-29 20:43:33.325000+00:00
9181,10,9,2023-10-29 20:43:33.325000+00:00
9181,77,9,2023-10-29 20:43:35.310000+00:00
9181,10,10,2023-10-29 20:43:35.310000+00:00
9181,63,7,2023-10-29 20:43:35.857000+00:00
9181,23,8,2023-10-29 20:43:35.857000+00:00
9181,10,11,2023-10-29 20:43:35.919000+00:00
9181,4,10,2023-10-29 20:43:35.919000+00:00
9181,10,12,2023-10-29 20:43:39.419000+00:00
9181,18,11,2023-10-29 20:43:39.419000+00:00
9181,10,13,2023-10-29 20:43:39.982000+00:00
9181,22,12,2023-10-29 20:43:39.982000+00:00
9181,10,14,2023-10-29 20:43:45.747000+00:00
9181,14,13,2023-10-29 20:43:45.747000+00:00
9181,10,15,2023-10-29 20:43:46.794000+00:00
9181,31,14,2023-10-29 20:43:46.794000+00:00
9181,10,16,2023-10-29 20:43:49.825000+00:00
9181,27,15,2023-10-29 20:43:49.825000+00:00
9181,24,16,2023-10-29 20:43:56.419000+00:00
9181,10,17,2023-10-29 20:43:56.419000+00:00
9181,77,10,2023-10-29 20:44:02.575000+00:00
9181,4,9,2023-10-29 20:44:02.575000+00:00
9181,14,14,2023-10-29 20:45:07.855000+00:00
9181,31,13,2023-10-29 20:45:07.855000+00:00
9181,27,14,2023-10-29 20:45:08.074000+00:00
9181,14,15,2023-10-29 20:45:08.074000+00:00
9181,24,15,2023-10-29 20:45:14.214000+00:00
9181,14,16,2023-10-29 20:45:14.214000+00:00
9181,27,13,2023-10-29 20:45:14.605000+00:00
9181,31,14,2023-10-29 20:45:14.605000+00:00
9181,10,16,2023-10-29 20:45:14.636000+00:00
9181,14,17,2023-10-29 20:45:14.636000+00:00
9181,14,18,2023-10-29 20:45:18.074000+00:00
9181,20,17,2023-10-29 20:45:18.074000+00:00
9181,14,19,2023-10-29 20:45:18.542000+00:00
9181,2,18,2023-10-29 20:45:18.542000+00:00
9181,22,11,2023-10-29 20:45:21.620000+00:00
9181,18,12,2023-10-29 20:45:21.620000+00:00
9181,24,16,2023-10-29 20:45:30.339000+00:00
9181,10,15,2023-10-29 20:45:30.339000+00:00
9181,55,4,2023-10-29 20:46:06.385000+00:00
9181,44,3,2023-10-29 20:46:06.385000+00:00
9181,23,9,2023-10-29 20:46:33.494000+00:00
9181,4,8,2023-10-29 20:46:33.494000+00:00
9181,27,12,2023-10-29 20:46:35.932000+00:00
9181,18,13,2023-10-29 20:46:35.932000+00:00
9181,31,13,2023-10-29 20:46:37.822000+00:00
9181,18,14,2023-10-29 20:46:37.822000+00:00
9181,10,14,2023-10-29 20:46:38.760000+00:00
9181,18,15,2023-10-29 20:46:38.760000+00:00
9181,24,15,2023-10-29 20:46:40.494000+00:00
9181,18,16,2023-10-29 20:46:40.494000+00:00
9181,20,16,2023-10-29 20:46:43.619000+00:00
9181,18,17,2023-10-29 20:46:43.619000+00:00
9181,2,17,2023-10-29 20:46:44.572000+00:00
9181,18,18,2023-10-29 20:46:44.572000+00:00
9181,10,13,2023-10-29 20:47:05.775000+00:00
9181,31,14,2023-10-29 20:47:05.775000+00:00
9181,16,2,2023-10-29 20:47:10.619000+00:00
9181,1,1,2023-10-29 20:47:10.619000+00:00
9181,77,11,2023-10-29 20:47:50.508000+00:00
9181,22,10,2023-10-29 20:47:50.508000+00:00
9181,77,12,2023-10-29 20:47:59.774000+00:00
9181,27,11,2023-10-29 20:47:59.774000+00:00
9181,77,13,2023-10-29 20:48:02.336000+00:00
9181,10,12,2023-10-29 20:48:02.336000+00:00
9181,77,14,2023-10-29 20:48:04.571000+00:00
9181,31,13,2023-10-29 20:48:04.571000+00:00
9181,77,15,2023-10-29 20:48:05.227000+00:00
9181,24,14,2023-10-29 20:48:05.227000+00:00
9181,77,16,2023-10-29 20:48:08.836000+00:00
9181,20,15,2023-10-29 20:48:08.836000+00:00
9181,77,17,2023-10-29 20:48:09.258000+00:00
9181,2,16,2023-10-29 20:48:09.258000+00:00
9181,20,16,2023-10-29 20:48:17.774000+00:00
9181,2,15,2023-10-29 20:48:17.774000+00:00
9181,24,13,2023-10-29 20:48:20.774000+00:00
9181,31,14,2023-10-29 20:48:20.774000+00:00
9181,77,16,2023-10-29 20:49:05.163000+00:00
9181,20,17,2023-10-29 20:49:05.163000+00:00
9181,20,18,2023-10-29 20:49:07.195000+00:00
9181,18,17,2023-10-29 20:49:07.195000+00:00
9181,14,18,2023-10-29 20:49:10.491000+00:00
9181,20,19,2023-10-29 20:49:10.491000+00:00
9181,23,10,2023-10-29 20:51:07.614000+00:00
9181,4,9,2023-10-29 20:51:07.614000+00:00
9181,22,8,2023-10-29 20:51:07.614000+00:00
9181,27,10,2023-10-29 20:51:14.489000+00:00
9181,23,11,2023-10-29 20:51:14.489000+00:00
9181,10,11,2023-10-29 20:51:17.286000+00:00
9181,23,12,2023-10-29 20:51:17.286000+00:00
9181,27,9,2023-10-29 20:51:18.036000+00:00
9181,4,10,2023-10-29 20:51:18.036000+00:00
9181,81,7,2023-10-29 21:16:31.838000+00:00
9181,63,6,2023-10-29 21:16:31.838000+00:00
9181,10,10,2023-10-29 21:16:32.369000+00:00
9181,4,11,2023-10-29 21:16:32.369000+00:00
9181,23,12,2023-10-29 21:16:32.509000+00:00
9181,4,11,2023-10-29 21:16:32.509000+00:00
9181,77,15,2023-10-29 21:16:33.009000+00:00
9181,2,16,2023-10-29 21:16:33.009000+00:00
9181,14,17,2023-10-29 21:16:33.134000+00:00
9181,18,18,2023-10-29 21:16:33.134000+00:00
9181,81,8,2023-10-29 21:16:35.009000+00:00
9181,22,7,2023-10-29 21:16:35.009000+00:00
9181,10,11,2023-10-29 21:16:35.400000+00:00
9181,23,10,2023-10-29 21:16:35.400000+00:00
9181,4,12,2023-10-29 21:16:35.400000+00:00
9181,10,12,2023-10-29 21:16:35.556000+00:00
9181,4,11,2023-10-29 21:16:35.556000+00:00
9181,81,7,2023-10-29 21:16:39.634000+00:00
9181,22,8,2023-10-29 21:16:39.634000+00:00
9181,27,10,2023-10-29 21:16:39.822000+00:00
9181,23,9,2023-10-29 21:16:39.822000+00:00
9181,10,11,2023-10-29 21:16:40.244000+00:00
9181,4,12,2023-10-29 21:16:40.244000+00:00
9181,24,14,2023-10-29 21:16:40.322000+00:00
9181,31,12,2023-10-29 21:16:40.322000+00:00
9181,4,13,2023-10-29 21:16:40.322000+00:00
9181,3,6,2023-10-29 21:16:41.869000+00:00
9181,63,5,2023-10-29 21:16:41.869000+00:00
9181,24,12,2023-10-29 21:16:42.978000+00:00
9181,31,13,2023-10-29 21:16:42.978000+00:00
9181,4,14,2023-10-29 21:16:42.978000+00:00
9181,24,13,2023-10-29 21:16:43.072000+00:00
9181,31,12,2023-10-29 21:16:43.072000+00:00
9181,77,14,2023-10-29 21:16:51.415000+00:00
9181,4,15,2023-10-29 21:16:51.415000+00:00
9181,10,12,2023-10-29 21:16:54.853000+00:00
9181,31,11,2023-10-29 21:16:54.853000+00:00
9181,77,13,2023-10-29 21:16:55.259000+00:00
9181,24,14,2023-10-29 21:16:55.259000+00:00
9181,14,16,2023-10-29 21:16:55.790000+00:00
9181,2,17,2023-10-29 21:16:55.790000+00:00
9181,77,14,2023-10-29 21:17:01.071000+00:00
9181,24,13,2023-10-29 21:17:01.071000+00:00
9181,77,13,2023-10-29 21:17:03.493000+00:00
9181,24,14,2023-10-29 21:17:03.493000+00:00
9181,2,18,2023-10-29 21:17:04.446000+00:00
9181,18,17,2023-10-29 21:17:04.446000+00:00
9181,77,12,2023-10-29 21:17:17.884000+00:00
9181,10,13,2023-10-29 21:17:17.884000+00:00
9181,24,15,2023-10-29 21:17:18.243000+00:00
9181,4,14,2023-10-29 21:17:18.243000+00:00
9181,14,17,2023-10-29 21:17:22.274000+00:00
9181,18,16,2023-10-29 21:17:22.274000+00:00
9181,77,13,2023-10-29 21:17:24.352000+00:00
9181,10,12,2023-10-29 21:17:24.352000+00:00
9181,24,16,2023-10-29 21:18:32.554000+00:00
9181,18,15,2023-10-29 21:18:32.554000+00:00
9181,24,15,2023-10-29 21:18:32.585000+00:00
9181,18,16,2023-10-29 21:18:32.585000+00:00
9181,24,16,2023-10-29 21:18:40.335000+00:00
9181,18,15,2023-10-29 21:18:40.335000+00:00
9181,81,8,2023-10-29 21:21:14.301000+00:00
9181,22,7,2023-10-29 21:21:14.301000+00:00
9181,81,7,2023-10-29 21:21:22.114000+00:00
9181,22,8,2023-10-29 21:21:22.114000+00:00
9181,16,3,2023-10-29 21:22:13.425000+00:00
9181,44,2,2023-10-29 21:22:13.425000+00:00
9181,77,14,2023-10-29 21:23:54.642000+00:00
9181,4,13,2023-10-29 21:23:54.642000+00:00
9181,14,18,2023-10-29 21:24:06.048000+00:00
9181,2,17,2023-10-29 21:24:06.048000+00:00
9181,24,17,2023-10-29 21:26:55.655000+00:00
9181,2,16,2023-10-29 21:26:55.655000+00:00
9181,10,13,2023-10-29 21:29:18.168000+00:00
9181,4,12,2023-10-29 21:29:18.168000+00:00
9181,31,12,2023-10-29 21:30:43.291000+00:00
9181,4,11,2023-10-29 21:30:43.291000+00:00
9181,24,18,2023-10-29 21:31:00.729000+00:00
9181,14,17,2023-10-29 21:31:00.729000+00:00
9181,27,11,2023-10-29 21:32:07.196000+00:00
9181,4,10,2023-10-29 21:32:07.196000+00:00
9181,24,17,2023-10-29 21:33:28.164000+00:00
9181,14,18,2023-10-29 21:33:28.164000+00:00
9181,23,8,2023-10-29 21:35:00.631000+00:00
9181,22,9,2023-10-29 21:35:00.631000+00:00
9181,4,9,2023-10-29 21:35:00.959000+00:00
9181,22,10,2023-10-29 21:35:00.959000+00:00
9181,27,10,2023-10-29 21:35:03.552000+00:00
9181,22,11,2023-10-29 21:35:03.552000+00:00
9181,31,11,2023-10-29 21:35:04.021000+00:00
9181,22,12,2023-10-29 21:35:04.021000+00:00
9181,10,12,2023-10-29 21:35:04.584000+00:00
9181,22,13,2023-10-29 21:35:04.584000+00:00
9181,77,13,2023-10-29 21:35:05.287000+00:00
9181,22,14,2023-10-29 21:35:05.287000+00:00
9181,22,15,2023-10-29 21:35:06.474000+00:00
9181,18,14,2023-10-29 21:35:06.474000+00:00
9181,22,16,2023-10-29 21:35:09.943000+00:00
9181,2,15,2023-10-29 21:35:09.943000+00:00
9181,23,9,2023-10-29 21:35:11.865000+00:00
9181,4,8,2023-10-29 21:35:11.865000+00:00
9181,22,15,2023-10-29 21:35:13.084000+00:00
9181,2,16,2023-10-29 21:35:13.084000+00:00
9181,22,16,2023-10-29 21:35:16.365000+00:00
9181,2,15,2023-10-29 21:35:16.365000+00:00
9181,77,12,2023-10-29 21:39:09.970000+00:00
9181,10,13,2023-10-29 21:39:09.970000+00:00
9181,77,13,2023-10-29 21:39:16.861000+00:00
9181,10,12,2023-10-29 21:39:16.861000+00:00
9181,77,12,2023-10-29 21:39:26.220000+00:00
9181,10,13,2023-10-29 21:39:26.220000+00:00
9181,77,13,2023-10-29 21:39:26.282000+00:00
9181,10,12,2023-10-29 21:39:26.282000+00:00
9181,77,12,2023-10-29 21:39:28.298000+00:00
9181,10,13,2023-10-29 21:39:28.298000+00:00
9181,77,13,2023-10-29 21:39:28.360000+00:00
9181,10,12,2023-10-29 21:39:28.360000+00:00
9181,81,8,2023-10-29 21:44:49.073000+00:00
9181,4,7,2023-10-29 21:44:49.073000+00:00
9181,3,7,2023-10-29 21:50:28.771000+00:00
9181,4,6,2023-10-29 21:50:28.771000+00:00
9181,27,11,2023-10-29 21:58:43.918000+00:00
9181,31,10,2023-10-29 21:58:43.918000+00:00
9181,10,11,2023-10-29 21:59:39.433000+00:00
9181,27,12,2023-10-29 21:59:39.433000+00:00
9181,2,14,2023-10-29 21:59:53.183000+00:00
9181,18,15,2023-10-29 21:59:53.183000+00:00
9181,22,15,2023-10-29 21:59:53.433000+00:00
9181,18,16,2023-10-29 21:59:53.433000+00:00
9181,24,16,2023-10-29 22:00:01.339000+00:00
9181,18,17,2023-10-29 22:00:01.339000+00:00
9181,22,14,2023-10-29 22:00:13.354000+00:00
9181,2,15,2023-10-29 22:00:13.354000+00:00
9181,22,15,2023-10-29 22:00:13.510000+00:00
9181,2,14,2023-10-29 22:00:13.510000+00:00
9181,63,6,2023-10-29 22:00:13.604000+00:00
9181,4,5,2023-10-29 22:00:13.604000+00:00
9181,77,14,2023-10-29 22:00:15.229000+00:00
9181,2,13,2023-10-29 22:00:15.229000+00:00
9181,77,15,2023-10-29 22:00:22.885000+00:00
9181,22,14,2023-10-29 22:00:22.885000+00:00
9181,27,13,2023-10-29 22:05:00.365000+00:00
9181,2,12,2023-10-29 22:05:00.365000+00:00
9181,27,14,2023-10-29 22:05:53.036000+00:00
9181,22,13,2023-10-29 22:05:53.036000+00:00
9181,27,13,2023-10-29 22:05:55.192000+00:00
9181,22,14,2023-10-29 22:05:55.192000+00:00
9181,27,14,2023-10-29 22:06:11.707000+00:00
9181,22,13,2023-10-29 22:06:11.707000+00:00
9181,27,13,2023-10-29 22:06:11.754000+00:00
9181,22,14,2023-10-29 22:06:11.754000+00:00
9181,27,14,2023-10-29 22:06:27.613000+00:00
9181,22,13,2023-10-29 22:06:27.613000+00:00
9181,11,19,2023-10-29 22:07:08.363000+00:00
9181,77,14,2023-10-29 22:07:08.363000+00:00
9181,24,15,2023-10-29 22:07:08.363000+00:00
9181,27,13,2023-10-29 22:07:08.363000+00:00
9181,14,17,2023-10-29 22:07:08.363000+00:00
9181,20,18,2023-10-29 22:07:08.363000+00:00
9181,22,12,2023-10-29 22:07:08.363000+00:00
9181,2,20,2023-10-29 22:07:08.363000+00:00
9181,18,16,2023-10-29 22:07:08.363000+00:00
9181,11,20,2023-10-29 22:07:08.378000+00:00
9181,77,15,2023-10-29 22:07:08.378000+00:00
9181,24,16,2023-10-29 22:07:08.378000+00:00
9181,27,14,2023-10-29 22:07:08.378000+00:00
9181,14,18,2023-10-29 22:07:08.378000+00:00
9181,20,19,2023-10-29 22:07:08.378000+00:00
9181,2,13,2023-10-29 22:07:08.378000+00:00
9181,18,17,2023-10-29 22:07:08.378000+00:00
9181,27,13,2023-10-29 22:07:09.691000+00:00
9181,2,14,2023-10-29 22:07:09.691000+00:00
9181,77,14,2023-10-29 22:07:10.019000+00:00
9181,2,15,2023-10-29 22:07:10.019000+00:00
9181,24,15,2023-10-29 22:07:11.097000+00:00
9181,2,16,2023-10-29 22:07:11.097000+00:00
9204,4,1,2023-11-04 17:36:11.146000+00:00
9204,1,2,2023-11-04 17:36:11.146000+00:00
9204,11,3,2023-11-04 17:36:11.146000+00:00
9204,63,4,2023-11-04 17:36:11.146000+00:00
9204,44,5,2023-11-04 17:36:11.146000+00:00
9204,22,6,2023-11-04 17:36:11.146000+00:00
9204,16,7,2023-11-04 17:36:11.146000+00:00
9204,3,8,2023-11-04 17:36:11.146000+00:00
9204,55,9,2023-11-04 17:36:11.146000+00:00
9204,81,10,2023-11-04 17:36:11.146000+00:00
9204,20,11,2023-11-04 17:36:11.146000+00:00
9204,27,12,2023-11-04 17:36:11.146000+00:00
9204,10,13,2023-11-04 17:36:11.146000+00:00
9204,77,14,2023-11-04 17:36:11.146000+00:00
9204,14,15,2023-11-04 17:36:11.146000+00:00
9204,31,16,2023-11-04 17:36:11.146000+00:00
9204,18,17,2023-11-04 17:36:11.146000+00:00
9204,24,18,2023-11-04 17:36:11.146000+00:00
9204,23,19,2023-11-04 17:36:11.146000+00:00
9204,2,20,2023-11-04 17:36:11.146000+00:00
9204,4,2,2023-11-04 18:33:28.982000+00:00
9204,1,1,2023-11-04 18:33:28.982000+00:00
9204,11,4,2023-11-04 18:33:29.451000+00:00
9204,63,3,2023-11-04 18:33:29.451000+00:00
9204,22,7,2023-11-04 18:33:30.217000+00:00
9204,16,6,2023-11-04 18:33:30.217000+00:00
9204,81,8,2023-11-04 18:33:30.357000+00:00
9204,55,10,2023-11-04 18:33:30.357000+00:00
9204,3,9,2023-11-04 18:33:30.373000+00:00
9204,3,10,2023-11-04 18:33:30.748000+00:00
9204,55,9,2023-11-04 18:33:30.748000+00:00
9204,20,12,2023-11-04 18:33:31.029000+00:00
9204,27,13,2023-11-04 18:33:31.029000+00:00
9204,10,11,2023-11-04 18:33:31.029000+00:00
9204,77,15,2023-11-04 18:33:31.420000+00:00
9204,14,14,2023-11-04 18:33:31.420000+00:00
9204,20,13,2023-11-04 18:33:35.967000+00:00
9204,27,12,2023-11-04 18:33:35.967000+00:00
9204,77,14,2023-11-04 18:33:36.389000+00:00
9204,14,15,2023-11-04 18:33:36.389000+00:00
9204,14,16,2023-11-04 18:33:36.404000+00:00
9204,31,15,2023-11-04 18:33:36.404000+00:00
9204,22,8,2023-11-04 18:33:38.295000+00:00
9204,81,7,2023-11-04 18:33:38.295000+00:00
9204,20,12,2023-11-04 18:33:39.592000+00:00
9204,27,13,2023-11-04 18:33:39.592000+00:00
9204,27,14,2023-11-04 18:33:39.639000+00:00
9204,77,15,2023-11-04 18:33:39.639000+00:00
9204,14,13,2023-11-04 18:33:39.639000+00:00
9204,31,16,2023-11-04 18:33:39.639000+00:00
9204,77,16,2023-11-04 18:33:39.904000+00:00
9204,31,15,2023-11-04 18:33:39.904000+00:00
9204,77,17,2023-11-04 18:33:40.107000+00:00
9204,18,16,2023-11-04 18:33:40.107000+00:00
9204,24,19,2023-11-04 18:33:40.248000+00:00
9204,23,18,2023-11-04 18:33:40.248000+00:00
9204,77,16,2023-11-04 18:33:43.451000+00:00
9204,18,17,2023-11-04 18:33:43.451000+00:00
9204,77,17,2023-11-04 18:33:43.513000+00:00
9204,18,16,2023-11-04 18:33:43.513000+00:00
9204,11,5,2023-11-04 18:33:51.529000+00:00
9204,44,4,2023-11-04 18:33:51.529000+00:00
9204,22,7,2023-11-04 18:33:52.951000+00:00
9204,81,8,2023-11-04 18:33:52.951000+00:00
9204,55,8,2023-11-04 18:33:53.154000+00:00
9204,81,9,2023-11-04 18:33:53.154000+00:00
9204,3,9,2023-11-04 18:33:53.513000+00:00
9204,81,10,2023-11-04 18:33:53.513000+00:00
9204,81,11,2023-11-04 18:33:53.779000+00:00
9204,10,10,2023-11-04 18:33:53.779000+00:00
9204,81,12,2023-11-04 18:33:54.185000+00:00
9204,20,11,2023-11-04 18:33:54.185000+00:00
9204,81,13,2023-11-04 18:33:54.263000+00:00
9204,14,12,2023-11-04 18:33:54.263000+00:00
9204,81,14,2023-11-04 18:33:54.623000+00:00
9204,27,13,2023-11-04 18:33:54.623000+00:00
9204,81,15,2023-11-04 18:33:54.810000+00:00
9204,31,14,2023-11-04 18:33:54.810000+00:00
9204,81,16,2023-11-04 18:33:55.185000+00:00
9204,18,15,2023-11-04 18:33:55.185000+00:00
9204,81,17,2023-11-04 18:33:55.451000+00:00
9204,77,16,2023-11-04 18:33:55.451000+00:00
9204,81,18,2023-11-04 18:33:55.638000+00:00
9204,23,17,2023-11-04 18:33:55.638000+00:00
9204,81,19,2023-11-04 18:33:55.826000+00:00
9204,24,18,2023-11-04 18:33:55.826000+00:00
9204,81,20,2023-11-04 18:33:56.216000+00:00
9204,2,19,2023-11-04 18:33:56.216000+00:00
9204,81,10,2023-11-04 18:33:57.685000+00:00
9204,20,12,2023-11-04 18:33:57.685000+00:00
9204,27,14,2023-11-04 18:33:57.685000+00:00
9204,10,11,2023-11-04 18:33:57.685000+00:00
9204,77,17,2023-11-04 18:33:57.685000+00:00
9204,14,13,2023-11-04 18:33:57.685000+00:00
9204,31,15,2023-11-04 18:33:57.685000+00:00
9204,18,16,2023-11-04 18:33:57.685000+00:00
9204,24,19,2023-11-04 18:33:57.685000+00:00
9204,23,18,2023-11-04 18:33:57.685000+00:00
9204,2,20,2023-11-04 18:33:57.685000+00:00
9204,81,11,2023-11-04 18:33:59.591000+00:00
9204,10,10,2023-11-04 18:33:59.591000+00:00
9204,81,10,2023-11-04 18:34:04.482000+00:00
9204,10,11,2023-11-04 18:34:04.482000+00:00
9204,24,18,2023-11-04 18:34:12.701000+00:00
9204,23,19,2023-11-04 18:34:12.701000+00:00
9204,24,19,2023-11-04 18:34:18.247000+00:00
9204,23,18,2023-11-04 18:34:18.247000+00:00
9204,4,3,2023-11-04 18:34:18.935000+00:00
9204,63,2,2023-11-04 18:34:18.935000+00:00
9204,27,13,2023-11-04 18:34:23.607000+00:00
9204,14,14,2023-11-04 18:34:23.607000+00:00
9204,27,14,2023-11-04 18:34:28.310000+00:00
9204,14,13,2023-11-04 18:34:28.310000+00:00
9204,27,13,2023-11-04 18:34:35.607000+00:00
9204,14,14,2023-11-04 18:34:35.607000+00:00
9204,81,11,2023-11-04 18:37:15.964000+00:00
9204,10,10,2023-11-04 18:37:15.964000+00:00
9204,81,10,2023-11-04 18:37:16.042000+00:00
9204,10,11,2023-11-04 18:37:16.042000+00:00
9204,11,4,2023-11-04 18:37:16.995000+00:00
9204,44,5,2023-11-04 18:37:16.995000+00:00
9204,27,14,2023-11-04 18:37:43.105000+00:00
9204,14,13,2023-11-04 18:37:43.105000+00:00
9204,4,2,2023-11-04 18:38:30.198000+00:00
9204,63,3,2023-11-04 18:38:30.198000+00:00
9204,27,15,2023-11-04 18:39:54.822000+00:00
9204,31,14,2023-11-04 18:39:54.822000+00:00
9204,20,13,2023-11-04 18:40:15.322000+00:00
9204,14,12,2023-11-04 18:40:15.322000+00:00
9204,27,16,2023-11-04 18:40:17.025000+00:00
9204,18,15,2023-11-04 18:40:17.025000+00:00
9204,77,18,2023-11-04 18:41:35.024000+00:00
9204,23,17,2023-11-04 18:41:35.024000+00:00
9204,11,3,2023-11-04 18:42:18.273000+00:00
9204,63,4,2023-11-04 18:42:18.273000+00:00
9204,20,14,2023-11-04 18:42:27.695000+00:00
9204,31,13,2023-11-04 18:42:27.695000+00:00
9204,11,4,2023-11-04 18:42:33.351000+00:00
9204,63,3,2023-11-04 18:42:33.351000+00:00
9204,20,15,2023-11-04 18:43:40.569000+00:00
9204,18,14,2023-11-04 18:43:40.569000+00:00
9204,27,17,2023-11-04 18:43:46.397000+00:00
9204,23,16,2023-11-04 18:43:46.397000+00:00
9204,11,3,2023-11-04 18:44:49.787000+00:00
9204,63,4,2023-11-04 18:44:49.787000+00:00
9204,20,16,2023-11-04 18:45:02.896000+00:00
9204,23,15,2023-11-04 18:45:02.896000+00:00
9204,3,8,2023-11-04 18:47:29.239000+00:00
9204,55,9,2023-11-04 18:47:29.239000+00:00
9204,3,9,2023-11-04 18:47:44.488000+00:00
9204,55,8,2023-11-04 18:47:44.488000+00:00
9204,31,14,2023-11-04 18:49:11.519000+00:00
9204,18,13,2023-11-04 18:49:11.519000+00:00
9204,3,8,2023-11-04 18:50:16.721000+00:00
9204,55,9,2023-11-04 18:50:16.721000+00:00
9204,3,9,2023-11-04 18:50:18.783000+00:00
9204,55,8,2023-11-04 18:50:18.783000+00:00
9204,3,10,2023-11-04 18:50:41.502000+00:00
9204,81,9,2023-11-04 18:50:41.502000+00:00
9204,10,12,2023-11-04 18:51:07.658000+00:00
9204,14,11,2023-11-04 18:51:07.658000+00:00
9204,10,11,2023-11-04 18:51:18.127000+00:00
9204,14,12,2023-11-04 18:51:18.127000+00:00
9204,10,12,2023-11-04 18:51:22.345000+00:00
9204,14,11,2023-11-04 18:51:22.345000+00:00
9204,10,11,2023-11-04 18:51:22.377000+00:00
9204,14,12,2023-11-04 18:51:22.377000+00:00
9204,10,12,2023-11-04 18:51:38.173000+00:00
9204,14,11,2023-11-04 18:51:38.173000+00:00
9204,20,17,2023-11-04 18:51:44.439000+00:00
9204,27,16,2023-11-04 18:51:44.439000+00:00
9204,20,18,2023-11-04 18:51:45.095000+00:00
9204,77,17,2023-11-04 18:51:45.095000+00:00
9204,20,17,2023-11-04 18:51:53.611000+00:00
9204,77,18,2023-11-04 18:51:53.611000+00:00
9204,10,13,2023-11-04 18:55:27.030000+00:00
9204,18,12,2023-11-04 18:55:27.030000+00:00
9204,44,6,2023-11-04 18:58:55.465000+00:00
9204,16,5,2023-11-04 18:58:55.465000+00:00
9204,20,16,2023-11-04 18:59:17.715000+00:00
9204,27,17,2023-11-04 18:59:17.715000+00:00
9204,44,7,2023-11-04 19:00:09.433000+00:00
9204,22,6,2023-11-04 19:00:09.433000+00:00
9204,3,9,2023-11-04 19:00:15.152000+00:00
9204,81,10,2023-11-04 19:00:15.152000+00:00
9204,77,19,2023-11-04 19:01:55.651000+00:00
9204,24,18,2023-11-04 19:01:55.651000+00:00
9204,27,18,2023-11-04 19:03:02.322000+00:00
9204,24,17,2023-11-04 19:03:02.322000+00:00
9205,1,1,2023-11-05 16:01:07.619000+00:00
9205,16,2,2023-11-05 16:01:07.619000+00:00
9205,18,3,2023-11-05 16:01:07.619000+00:00
9205,14,4,2023-11-05 16:01:07.619000+00:00
9205,44,5,2023-11-05 16:01:07.619000+00:00
9205,4,6,2023-11-05 16:01:07.619000+00:00
9205,55,7,2023-11-05 16:01:07.619000+00:00
9205,63,8,2023-11-05 16:01:07.619000+00:00
9205,11,9,2023-11-05 16:01:07.619000+00:00
9205,81,10,2023-11-05 16:01:07.619000+00:00
9205,27,11,2023-11-05 16:01:07.619000+00:00
9205,20,12,2023-11-05 16:01:07.619000+00:00
9205,23,13,2023-11-05 16:01:07.619000+00:00
9205,31,14,2023-11-05 16:01:07.619000+00:00
9205,10,15,2023-11-05 16:01:07.619000+00:00
9205,22,16,2023-11-05 16:01:07.619000+00:00
9205,3,17,2023-11-05 16:01:07.619000+00:00
9205,77,18,2023-11-05 16:01:07.619000+00:00
9205,2,19,2023-11-05 16:01:07.619000+00:00
9205,24,20,2023-11-05 16:01:07.619000+00:00
9205,16,3,2023-11-05 17:03:31.653000+00:00
9205,18,4,2023-11-05 17:03:31.653000+00:00
9205,14,5,2023-11-05 17:03:31.653000+00:00
9205,44,2,2023-11-05 17:03:31.653000+00:00
9205,16,4,2023-11-05 17:03:31.731000+00:00
9205,18,5,2023-11-05 17:03:31.731000+00:00
9205,14,6,2023-11-05 17:03:31.731000+00:00
9205,4,3,2023-11-05 17:03:31.731000+00:00
9205,16,5,2023-11-05 17:03:31.872000+00:00
9205,18,4,2023-11-05 17:03:31.872000+00:00
9205,16,6,2023-11-05 17:03:31.888000+00:00
9205,14,5,2023-11-05 17:03:31.888000+00:00
9205,16,7,2023-11-05 17:03:32.200000+00:00
9205,55,8,2023-11-05 17:03:32.200000+00:00
9205,63,6,2023-11-05 17:03:32.200000+00:00
9205,16,8,2023-11-05 17:03:32.216000+00:00
9205,55,9,2023-11-05 17:03:32.216000+00:00
9205,11,7,2023-11-05 17:03:32.216000+00:00
9205,16,9,2023-11-05 17:03:32.341000+00:00
9205,55,8,2023-11-05 17:03:32.341000+00:00
9205,16,10,2023-11-05 17:03:32.560000+00:00
9205,81,9,2023-11-05 17:03:32.560000+00:00
9205,16,11,2023-11-05 17:03:32.700000+00:00
9205,27,12,2023-11-05 17:03:32.700000+00:00
9205,20,10,2023-11-05 17:03:32.700000+00:00
9205,16,12,2023-11-05 17:03:33.200000+00:00
9205,27,11,2023-11-05 17:03:33.200000+00:00
9205,16,13,2023-11-05 17:03:33.216000+00:00
9205,23,14,2023-11-05 17:03:33.216000+00:00
9205,31,12,2023-11-05 17:03:33.216000+00:00
9205,16,14,2023-11-05 17:03:33.544000+00:00
9205,23,15,2023-11-05 17:03:33.544000+00:00
9205,10,13,2023-11-05 17:03:33.544000+00:00
9205,16,15,2023-11-05 17:03:33.591000+00:00
9205,23,16,2023-11-05 17:03:33.591000+00:00
9205,22,14,2023-11-05 17:03:33.591000+00:00
9205,16,16,2023-11-05 17:03:33.950000+00:00
9205,23,17,2023-11-05 17:03:33.950000+00:00
9205,3,18,2023-11-05 17:03:33.950000+00:00
9205,77,15,2023-11-05 17:03:33.950000+00:00
9205,16,17,2023-11-05 17:03:34.122000+00:00
9205,23,18,2023-11-05 17:03:34.122000+00:00
9205,3,16,2023-11-05 17:03:34.122000+00:00
9205,16,18,2023-11-05 17:03:34.559000+00:00
9205,23,19,2023-11-05 17:03:34.559000+00:00
9205,2,20,2023-11-05 17:03:34.559000+00:00
9205,24,17,2023-11-05 17:03:34.559000+00:00
9205,16,19,2023-11-05 17:03:34.903000+00:00
9205,23,20,2023-11-05 17:03:34.903000+00:00
9205,2,18,2023-11-05 17:03:34.903000+00:00
9205,44,3,2023-11-05 17:03:35.919000+00:00
9205,4,2,2023-11-05 17:03:35.919000+00:00
9205,18,5,2023-11-05 17:03:36.356000+00:00
9205,14,4,2023-11-05 17:03:36.356000+00:00
9205,63,7,2023-11-05 17:03:36.809000+00:00
9205,11,6,2023-11-05 17:03:36.809000+00:00
9205,27,12,2023-11-05 17:03:37.872000+00:00
9205,20,11,2023-11-05 17:03:37.872000+00:00
9205,31,10,2023-11-05 17:03:37.872000+00:00
9205,27,13,2023-11-05 17:03:38.606000+00:00
9205,20,12,2023-11-05 17:03:38.606000+00:00
9205,10,14,2023-11-05 17:03:38.606000+00:00
9205,22,11,2023-11-05 17:03:38.606000+00:00
9205,27,14,2023-11-05 17:03:38.638000+00:00
9205,20,13,2023-11-05 17:03:38.638000+00:00
9205,10,12,2023-11-05 17:03:38.638000+00:00
9205,27,15,2023-11-05 17:03:38.981000+00:00
9205,20,14,2023-11-05 17:03:38.981000+00:00
9205,77,13,2023-11-05 17:03:38.981000+00:00
9205,63,6,2023-11-05 17:03:40.028000+00:00
9205,11,7,2023-11-05 17:03:40.028000+00:00
9205,27,16,2023-11-05 17:03:40.122000+00:00
9205,20,15,2023-11-05 17:03:40.122000+00:00
9205,3,14,2023-11-05 17:03:40.122000+00:00
9205,27,17,2023-11-05 17:03:40.809000+00:00
9205,20,16,2023-11-05 17:03:40.809000+00:00
9205,24,15,2023-11-05 17:03:40.809000+00:00
9205,27,18,2023-11-05 17:03:41.200000+00:00
9205,20,17,2023-11-05 17:03:41.200000+00:00
9205,2,16,2023-11-05 17:03:41.200000+00:00
9205,81,10,2023-11-05 17:03:44.091000+00:00
9205,31,9,2023-11-05 17:03:44.091000+00:00
9205,27,15,2023-11-05 17:03:44.216000+00:00
9205,20,18,2023-11-05 17:03:44.216000+00:00
9205,2,17,2023-11-05 17:03:44.216000+00:00
9205,24,16,2023-11-05 17:03:44.216000+00:00
9205,27,16,2023-11-05 17:03:47.997000+00:00
9205,3,15,2023-11-05 17:03:47.997000+00:00
9205,24,14,2023-11-05 17:03:47.997000+00:00
9205,27,17,2023-11-05 17:03:48.325000+00:00
9205,3,16,2023-11-05 17:03:48.325000+00:00
9205,2,15,2023-11-05 17:03:48.325000+00:00
9205,81,11,2023-11-05 17:06:00.774000+00:00
9205,22,10,2023-11-05 17:06:00.774000+00:00
9205,81,12,2023-11-05 17:06:01.836000+00:00
9205,10,11,2023-11-05 17:06:01.836000+00:00
9205,81,13,2023-11-05 17:06:02.649000+00:00
9205,77,12,2023-11-05 17:06:02.649000+00:00
9205,81,14,2023-11-05 17:06:07.117000+00:00
9205,24,13,2023-11-05 17:06:07.117000+00:00
9205,81,15,2023-11-05 17:06:14.336000+00:00
9205,2,14,2023-11-05 17:06:14.336000+00:00
9205,81,16,2023-11-05 17:06:23.836000+00:00
9205,27,15,2023-11-05 17:06:23.836000+00:00
9205,3,17,2023-11-05 17:06:23.836000+00:00
9205,44,2,2023-11-05 17:34:12.989000+00:00
9205,4,3,2023-11-05 17:34:12.989000+00:00
9205,18,6,2023-11-05 17:34:13.426000+00:00
9205,63,5,2023-11-05 17:34:13.426000+00:00
9205,18,7,2023-11-05 17:34:13.739000+00:00
9205,11,6,2023-11-05 17:34:13.739000+00:00
9205,31,10,2023-11-05 17:34:14.098000+00:00
9205,10,9,2023-11-05 17:34:14.098000+00:00
9205,22,11,2023-11-05 17:34:14.098000+00:00
9205,27,13,2023-11-05 17:34:14.598000+00:00
9205,2,15,2023-11-05 17:34:14.598000+00:00
9205,24,14,2023-11-05 17:34:14.598000+00:00
9205,44,3,2023-11-05 17:34:25.895000+00:00
9205,4,2,2023-11-05 17:34:25.895000+00:00
9205,31,11,2023-11-05 17:34:28.020000+00:00
9205,22,10,2023-11-05 17:34:28.020000+00:00
9205,27,12,2023-11-05 17:34:28.504000+00:00
9205,77,13,2023-11-05 17:34:28.504000+00:00
9205,14,3,2023-11-05 17:34:35.145000+00:00
9205,44,4,2023-11-05 17:34:35.145000+00:00
9205,10,10,2023-11-05 17:34:47.504000+00:00
9205,22,9,2023-11-05 17:34:47.504000+00:00
9205,10,9,2023-11-05 17:34:58.691000+00:00
9205,22,10,2023-11-05 17:34:58.691000+00:00
9205,31,10,2023-11-05 17:35:18.113000+00:00
9205,22,11,2023-11-05 17:35:18.113000+00:00
9205,27,13,2023-11-05 17:43:11.873000+00:00
9205,77,12,2023-11-05 17:43:11.873000+00:00
9205,81,17,2023-11-05 17:43:15.545000+00:00
9205,3,16,2023-11-05 17:43:15.545000+00:00
9205,31,11,2023-11-05 17:45:44.715000+00:00
9205,22,10,2023-11-05 17:45:44.715000+00:00
9205,31,10,2023-11-05 17:45:44.809000+00:00
9205,22,11,2023-11-05 17:45:44.809000+00:00
9205,27,14,2023-11-05 17:45:51.809000+00:00
9205,24,13,2023-11-05 17:45:51.809000+00:00
9205,31,11,2023-11-05 17:46:02.121000+00:00
9205,22,10,2023-11-05 17:46:02.121000+00:00
9205,63,6,2023-11-05 17:47:01.995000+00:00
9205,11,5,2023-11-05 17:47:01.995000+00:00
9205,27,15,2023-11-05 17:47:06.339000+00:00
9205,2,14,2023-11-05 17:47:06.339000+00:00
9205,63,5,2023-11-05 17:47:17.105000+00:00
9205,11,6,2023-11-05 17:47:17.105000+00:00
9205,63,6,2023-11-05 17:47:23.604000+00:00
9205,11,5,2023-11-05 17:47:23.604000+00:00
9205,31,12,2023-11-05 17:48:20.776000+00:00
9205,77,11,2023-11-05 17:48:20.776000+00:00
9205,31,13,2023-11-05 17:48:22.526000+00:00
9205,24,12,2023-11-05 17:48:22.526000+00:00
9205,31,14,2023-11-05 17:48:23.838000+00:00
9205,2,13,2023-11-05 17:48:23.838000+00:00
9205,27,14,2023-11-05 17:48:29.963000+00:00
9205,31,15,2023-11-05 17:48:29.963000+00:00
9205,2,12,2023-11-05 17:49:41.697000+00:00
9205,24,13,2023-11-05 17:49:41.697000+00:00
9205,27,13,2023-11-05 17:49:49.087000+00:00
9205,24,14,2023-11-05 17:49:49.087000+00:00
9205,31,14,2023-11-05 17:50:02.353000+00:00
9205,24,15,2023-11-05 17:50:02.353000+00:00
9205,22,11,2023-11-05 17:50:32.805000+00:00
9205,77,10,2023-11-05 17:50:32.805000+00:00
9205,44,5,2023-11-05 17:52:22.804000+00:00
9205,11,4,2023-11-05 17:52:22.804000+00:00
9205,27,12,2023-11-05 17:52:27.070000+00:00
9205,2,13,2023-11-05 17:52:27.070000+00:00
9205,31,13,2023-11-05 17:52:34.851000+00:00
9205,2,14,2023-11-05 17:52:34.851000+00:00
9205,2,15,2023-11-05 17:52:39.945000+00:00
9205,24,14,2023-11-05 17:52:39.945000+00:00
9205,44,6,2023-11-05 17:53:24.710000+00:00
9205,63,5,2023-11-05 17:53:24.710000+00:00
9205,18,6,2023-11-05 17:53:25.241000+00:00
9205,44,7,2023-11-05 17:53:25.241000+00:00
9205,44,8,2023-11-05 17:53:25.913000+00:00
9205,55,7,2023-11-05 17:53:25.913000+00:00
9205,44,9,2023-11-05 17:53:26.803000+00:00
9205,10,8,2023-11-05 17:53:26.803000+00:00
9205,22,10,2023-11-05 17:53:32.663000+00:00
9205,77,11,2023-11-05 17:53:32.663000+00:00
9205,44,10,2023-11-05 17:53:37.053000+00:00
9205,22,9,2023-11-05 17:53:37.053000+00:00
9205,44,11,2023-11-05 17:53:45.084000+00:00
9205,27,10,2023-11-05 17:53:45.084000+00:00
9205,77,12,2023-11-05 17:53:45.084000+00:00
9205,31,12,2023-11-05 17:53:51.256000+00:00
9205,77,13,2023-11-05 17:53:51.256000+00:00
9205,77,14,2023-11-05 17:54:09.553000+00:00
9205,24,13,2023-11-05 17:54:09.553000+00:00
9205,18,5,2023-11-05 17:54:42.521000+00:00
9205,63,6,2023-11-05 17:54:42.521000+00:00
9205,55,6,2023-11-05 17:54:43.162000+00:00
9205,63,7,2023-11-05 17:54:43.162000+00:00
9205,63,8,2023-11-05 17:54:44.006000+00:00
9205,10,7,2023-11-05 17:54:44.006000+00:00
9205,63,9,2023-11-05 17:54:54.271000+00:00
9205,22,8,2023-11-05 17:54:54.271000+00:00
9205,63,10,2023-11-05 17:55:02.693000+00:00
9205,27,9,2023-11-05 17:55:02.693000+00:00
9205,44,10,2023-11-05 17:55:05.912000+00:00
9205,63,11,2023-11-05 17:55:05.912000+00:00
9205,77,13,2023-11-05 17:55:09.412000+00:00
9205,24,14,2023-11-05 17:55:09.412000+00:00
9205,18,4,2023-11-05 17:55:59.708000+00:00
9205,11,5,2023-11-05 17:55:59.708000+00:00
9205,55,5,2023-11-05 17:56:00.349000+00:00
9205,11,6,2023-11-05 17:56:00.349000+00:00
9205,11,7,2023-11-05 17:56:05.598000+00:00
9205,10,6,2023-11-05 17:56:05.598000+00:00
9205,11,8,2023-11-05 17:56:11.098000+00:00
9205,22,7,2023-11-05 17:56:11.098000+00:00
9205,11,9,2023-11-05 17:56:20.051000+00:00
9205,27,8,2023-11-05 17:56:20.051000+00:00
9205,44,9,2023-11-05 17:56:34.629000+00:00
9205,11,10,2023-11-05 17:56:34.629000+00:00
9205,44,8,2023-11-05 17:57:33.191000+00:00
9205,27,9,2023-11-05 17:57:33.191000+00:00
9205,11,9,2023-11-05 17:57:33.550000+00:00
9205,27,10,2023-11-05 17:57:33.550000+00:00
9205,63,10,2023-11-05 17:57:35.519000+00:00
9205,27,11,2023-11-05 17:57:35.519000+00:00
9205,27,12,2023-11-05 17:57:42.566000+00:00
9205,31,11,2023-11-05 17:57:42.566000+00:00
9205,27,13,2023-11-05 17:57:46.113000+00:00
9205,77,12,2023-11-05 17:57:46.113000+00:00
9205,27,14,2023-11-05 17:57:47.566000+00:00
9205,24,13,2023-11-05 17:57:47.566000+00:00
9205,27,15,2023-11-05 17:57:48.863000+00:00
9205,2,14,2023-11-05 17:57:48.863000+00:00
9205,18,5,2023-11-05 17:58:34.753000+00:00
9205,55,4,2023-11-05 17:58:34.753000+00:00
9205,18,6,2023-11-05 17:58:35.940000+00:00
9205,10,5,2023-11-05 17:58:35.940000+00:00
9205,18,7,2023-11-05 17:58:44.940000+00:00
9205,22,6,2023-11-05 17:58:44.940000+00:00
9205,18,8,2023-11-05 17:58:53.721000+00:00
9205,44,9,2023-11-05 17:58:53.721000+00:00
9205,11,7,2023-11-05 17:58:53.721000+00:00
9205,18,9,2023-11-05 17:58:53.753000+00:00
9205,44,8,2023-11-05 17:58:53.753000+00:00
9205,18,10,2023-11-05 17:58:56.784000+00:00
9205,63,9,2023-11-05 17:58:56.784000+00:00
9205,2,13,2023-11-05 17:58:56.846000+00:00
9205,24,14,2023-11-05 17:58:56.846000+00:00
9205,44,7,2023-11-05 17:59:06.909000+00:00
9205,11,8,2023-11-05 17:59:06.909000+00:00
9205,44,8,2023-11-05 17:59:09.034000+00:00
9205,11,7,2023-11-05 17:59:09.034000+00:00
9205,27,14,2023-11-05 17:59:18.237000+00:00
9205,24,15,2023-11-05 17:59:18.237000+00:00
9205,3,15,2023-11-05 18:00:03.252000+00:00
9205,24,16,2023-11-05 18:00:03.252000+00:00
9205,81,16,2023-11-05 18:00:07.533000+00:00
9205,24,17,2023-11-05 18:00:07.533000+00:00
9205,18,9,2023-11-05 18:01:26.063000+00:00
9205,63,10,2023-11-05 18:01:26.063000+00:00
9205,14,4,2023-11-05 18:02:30.438000+00:00
9205,55,3,2023-11-05 18:02:30.438000+00:00
9205,14,5,2023-11-05 18:02:33.313000+00:00
9205,10,4,2023-11-05 18:02:33.313000+00:00
9205,14,6,2023-11-05 18:02:35.938000+00:00
9205,22,5,2023-11-05 18:02:35.938000+00:00
9205,14,4,2023-11-05 18:03:49.546000+00:00
9205,10,5,2023-11-05 18:03:49.546000+00:00
9205,22,6,2023-11-05 18:03:49.546000+00:00
9205,14,3,2023-11-05 18:03:54.046000+00:00
9205,55,4,2023-11-05 18:03:54.046000+00:00
9205,18,8,2023-11-05 18:03:57.609000+00:00
9205,44,9,2023-11-05 18:03:57.609000+00:00
9205,55,5,2023-11-05 18:03:58.234000+00:00
9205,11,4,2023-11-05 18:03:58.234000+00:00
9205,10,6,2023-11-05 18:03:58.234000+00:00
9205,22,7,2023-11-05 18:03:58.234000+00:00
9205,18,5,2023-11-05 18:04:01.905000+00:00
9205,55,6,2023-11-05 18:04:01.905000+00:00
9205,10,7,2023-11-05 18:04:01.905000+00:00
9205,22,8,2023-11-05 18:04:01.905000+00:00
9205,44,6,2023-11-05 18:04:02.437000+00:00
9205,55,7,2023-11-05 18:04:02.437000+00:00
9205,10,8,2023-11-05 18:04:02.437000+00:00
9205,22,9,2023-11-05 18:04:02.437000+00:00
9205,55,8,2023-11-05 18:04:04.233000+00:00
9205,63,7,2023-11-05 18:04:04.233000+00:00
9205,10,9,2023-11-05 18:04:04.233000+00:00
9205,22,10,2023-11-05 18:04:04.233000+00:00
9205,55,9,2023-11-05 18:04:07.452000+00:00
9205,31,8,2023-11-05 18:04:07.452000+00:00
9205,10,10,2023-11-05 18:04:07.452000+00:00
9205,22,11,2023-11-05 18:04:07.452000+00:00
9205,10,11,2023-11-05 18:04:09.140000+00:00
9205,22,12,2023-11-05 18:04:09.140000+00:00
9205,77,10,2023-11-05 18:04:09.140000+00:00
9205,10,12,2023-11-05 18:04:11.202000+00:00
9205,22,13,2023-11-05 18:04:11.202000+00:00
9205,2,11,2023-11-05 18:04:11.202000+00:00
9205,55,8,2023-11-05 18:05:24.170000+00:00
9205,31,9,2023-11-05 18:05:24.170000+00:00
9205,10,11,2023-11-05 18:07:57.121000+00:00
9205,2,12,2023-11-05 18:07:57.121000+00:00
9205,31,10,2023-11-05 18:10:28.854000+00:00
9205,77,9,2023-11-05 18:10:28.854000+00:00
9205,31,11,2023-11-05 18:10:29.182000+00:00
9205,10,10,2023-11-05 18:10:29.182000+00:00
9205,31,12,2023-11-05 18:10:31.573000+00:00
9205,2,11,2023-11-05 18:10:31.573000+00:00
9205,10,9,2023-11-05 18:10:33.026000+00:00
9205,77,10,2023-11-05 18:10:33.026000+00:00
9205,31,13,2023-11-05 18:10:38.073000+00:00
9205,22,12,2023-11-05 18:10:38.073000+00:00
9205,27,13,2023-11-05 18:10:48.385000+00:00
9205,31,14,2023-11-05 18:10:48.385000+00:00
9205,22,11,2023-11-05 18:13:09.430000+00:00
9205,2,12,2023-11-05 18:13:09.430000+00:00
9205,55,7,2023-11-05 18:14:09.758000+00:00
9205,63,8,2023-11-05 18:14:09.758000+00:00
9205,22,10,2023-11-05 18:15:56.757000+00:00
9205,77,11,2023-11-05 18:15:56.757000+00:00
9205,44,7,2023-11-05 18:17:06.631000+00:00
9205,55,6,2023-11-05 18:17:06.631000+00:00
9205,27,14,2023-11-05 18:18:28.599000+00:00
9205,31,13,2023-11-05 18:18:28.599000+00:00
9205,77,12,2023-11-05 18:20:49.316000+00:00
9205,2,11,2023-11-05 18:20:49.316000+00:00
9205,31,12,2023-11-05 18:21:00.519000+00:00
9205,77,13,2023-11-05 18:21:00.519000+00:00
9205,27,13,2023-11-05 18:21:05.112000+00:00
9205,77,14,2023-11-05 18:21:05.112000+00:00
9205,3,14,2023-11-05 18:22:02.346000+00:00
9205,77,15,2023-11-05 18:22:02.346000+00:00
9205,81,15,2023-11-05 18:22:05.424000+00:00
9205,77,16,2023-11-05 18:22:05.424000+00:00
9205,63,9,2023-11-05 18:24:28.985000+00:00
9205,10,8,2023-11-05 18:24:28.985000+00:00
9205,31,11,2023-11-05 18:27:16.186000+00:00
9205,2,12,2023-11-05 18:27:16.186000+00:00
9205,27,12,2023-11-05 18:27:29.999000+00:00
9205,2,13,2023-11-05 18:27:29.999000+00:00
9205,63,10,2023-11-05 18:28:17.670000+00:00
9205,22,9,2023-11-05 18:28:17.670000+00:00
9205,63,11,2023-11-05 18:28:37.013000+00:00
9205,31,10,2023-11-05 18:28:37.013000+00:00
9205,18,4,2023-11-05 18:29:22.669000+00:00
9205,11,5,2023-11-05 18:29:22.669000+00:00
9205,55,5,2023-11-05 18:29:27.232000+00:00
9205,11,6,2023-11-05 18:29:27.232000+00:00
9205,10,9,2023-11-05 18:29:33.935000+00:00
9205,22,8,2023-11-05 18:29:33.935000+00:00
9205,44,8,2023-11-05 18:29:38.341000+00:00
9205,22,7,2023-11-05 18:29:38.341000+00:00
9205,11,7,2023-11-05 18:29:51.013000+00:00
9205,22,6,2023-11-05 18:29:51.013000+00:00
9205,31,9,2023-11-05 18:29:53.231000+00:00
9205,10,10,2023-11-05 18:29:53.231000+00:00
9205,44,9,2023-11-05 18:30:05.762000+00:00
9205,31,8,2023-11-05 18:30:05.762000+00:00
9205,27,13,2023-11-05 18:30:15.028000+00:00
9205,2,12,2023-11-05 18:30:15.028000+00:00
9205,18,3,2023-11-05 18:30:38.871000+00:00
9205,14,4,2023-11-05 18:30:38.871000+00:00
9205,14,5,2023-11-05 18:30:43.559000+00:00
9205,55,4,2023-11-05 18:30:43.559000+00:00
9205,11,6,2023-11-05 18:30:54.652000+00:00
9205,22,7,2023-11-05 18:30:54.652000+00:00
9205,44,8,2023-11-05 18:31:09.574000+00:00
9205,31,9,2023-11-05 18:31:09.574000+00:00
9205,31,10,2023-11-05 18:32:22.276000+00:00
9205,10,9,2023-11-05 18:32:22.276000+00:00
9205,44,9,2023-11-05 18:33:41.151000+00:00
9205,10,8,2023-11-05 18:33:41.151000+00:00
9205,14,4,2023-11-05 18:35:53.399000+00:00
9205,55,5,2023-11-05 18:35:53.399000+00:00
9205,55,6,2023-11-05 18:35:55.024000+00:00
9205,11,5,2023-11-05 18:35:55.024000+00:00
9205,55,7,2023-11-05 18:36:00.399000+00:00
9205,22,6,2023-11-05 18:36:00.399000+00:00
9205,63,10,2023-11-05 18:36:21.149000+00:00
9205,31,11,2023-11-05 18:36:21.149000+00:00
9205,31,12,2023-11-05 18:36:34.852000+00:00
9205,2,11,2023-11-05 18:36:34.852000+00:00
9205,18,4,2023-11-05 18:37:08.726000+00:00
9205,14,3,2023-11-05 18:37:08.726000+00:00
9205,18,5,2023-11-05 18:37:09.789000+00:00
9205,11,4,2023-11-05 18:37:09.789000+00:00
9205,18,6,2023-11-05 18:37:16.336000+00:00
9205,22,5,2023-11-05 18:37:16.336000+00:00
9205,31,11,2023-11-05 18:39:06.334000+00:00
9205,2,12,2023-11-05 18:39:06.334000+00:00
9205,18,5,2023-11-05 18:41:02.583000+00:00
9205,22,6,2023-11-05 18:41:02.583000+00:00
9205,55,6,2023-11-05 18:41:09.911000+00:00
9205,22,7,2023-11-05 18:41:09.911000+00:00
9205,10,7,2023-11-05 18:41:11.895000+00:00
9205,22,8,2023-11-05 18:41:11.895000+00:00
9205,44,8,2023-11-05 18:41:14.536000+00:00
9205,22,9,2023-11-05 18:41:14.536000+00:00
9205,63,9,2023-11-05 18:41:22.192000+00:00
9205,22,10,2023-11-05 18:41:22.192000+00:00
9205,1,2,2023-11-05 18:41:33.036000+00:00
9205,4,1,2023-11-05 18:41:33.036000+00:00
9205,63,10,2023-11-05 18:43:24.581000+00:00
9205,22,9,2023-11-05 18:43:24.581000+00:00
9205,63,11,2023-11-05 18:43:51.144000+00:00
9205,31,10,2023-11-05 18:43:51.144000+00:00
9205,63,12,2023-11-05 18:44:03.440000+00:00
9205,2,11,2023-11-05 18:44:03.440000+00:00
9205,63,13,2023-11-05 18:44:26.174000+00:00
9205,27,12,2023-11-05 18:44:26.174000+00:00
9205,63,14,2023-11-05 18:45:14.018000+00:00
9205,3,13,2023-11-05 18:45:14.018000+00:00
9205,63,15,2023-11-05 18:45:22.830000+00:00
9205,81,14,2023-11-05 18:45:22.830000+00:00
9205,1,1,2023-11-05 18:45:28.158000+00:00
9205,4,2,2023-11-05 18:45:28.158000+00:00
9205,14,4,2023-11-05 18:58:18.868000+00:00
9205,11,3,2023-11-05 18:58:18.868000+00:00
9205,14,3,2023-11-05 18:59:49.351000+00:00
9205,11,4,2023-11-05 18:59:49.351000+00:00
9205,16,18,2023-11-05 19:04:12.848000+00:00
9205,20,19,2023-11-05 19:04:12.848000+00:00
9189,16,1,2023-11-19 05:50:05.914000+00:00
9189,1,2,2023-11-19 05:50:05.914000+00:00
9189,63,3,2023-11-19 05:50:05.914000+00:00
9189,10,4,2023-11-19 05:50:05.914000+00:00
9189,23,5,2023-11-19 05:50:05.914000+00:00
9189,2,6,2023-11-19 05:50:05.914000+00:00
9189,77,7,2023-11-19 05:50:05.914000+00:00
9189,20,8,2023-11-19 05:50:05.914000+00:00
9189,14,9,2023-11-19 05:50:05.914000+00:00
9189,44,10,2023-11-19 05:50:05.914000+00:00
9189,11,11,2023-11-19 05:50:05.914000+00:00
9189,55,12,2023-11-19 05:50:05.914000+00:00
9189,27,13,2023-11-19 05:50:05.914000+00:00
9189,3,14,2023-11-19 05:50:05.914000+00:00
9189,4,15,2023-11-19 05:50:05.914000+00:00
9189,31,16,2023-11-19 05:50:05.914000+00:00
9189,24,17,2023-11-19 05:50:05.914000+00:00
9189,81,18,2023-11-19 05:50:05.914000+00:00
9189,18,19,2023-11-19 05:50:05.914000+00:00
9189,22,20,2023-11-19 05:50:05.914000+00:00
9189,16,2,2023-11-19 06:04:17.743000+00:00
9189,1,1,2023-11-19 06:04:17.743000+00:00
9189,2,7,2023-11-19 06:04:19.008000+00:00
9189,77,8,2023-11-19 06:04:19.008000+00:00
9189,20,6,2023-11-19 06:04:19.008000+00:00
9189,77,9,2023-11-19 06:04:20.149000+00:00
9189,14,10,2023-11-19 06:04:20.149000+00:00
9189,44,11,2023-11-19 06:04:20.149000+00:00
9189,11,12,2023-11-19 06:04:20.149000+00:00
9189,55,13,2023-11-19 06:04:20.149000+00:00
9189,27,14,2023-11-19 06:04:20.149000+00:00
9189,3,15,2023-11-19 06:04:20.149000+00:00
9189,4,16,2023-11-19 06:04:20.149000+00:00
9189,31,8,2023-11-19 06:04:20.149000+00:00
9189,77,10,2023-11-19 06:04:20.368000+00:00
9189,14,11,2023-11-19 06:04:20.368000+00:00
9189,44,12,2023-11-19 06:04:20.368000+00:00
9189,11,13,2023-11-19 06:04:20.368000+00:00
9189,55,14,2023-11-19 06:04:20.368000+00:00
9189,27,15,2023-11-19 06:04:20.368000+00:00
9189,3,16,2023-11-19 06:04:20.368000+00:00
9189,4,17,2023-11-19 06:04:20.368000+00:00
9189,24,18,2023-11-19 06:04:20.368000+00:00
9189,81,19,2023-11-19 06:04:20.368000+00:00
9189,18,9,2023-11-19 06:04:20.368000+00:00
9189,77,11,2023-11-19 06:04:20.790000+00:00
9189,14,12,2023-11-19 06:04:20.790000+00:00
9189,44,13,2023-11-19 06:04:20.790000+00:00
9189,11,10,2023-11-19 06:04:20.790000+00:00
9189,77,12,2023-11-19 06:04:20.946000+00:00
9189,14,13,2023-11-19 06:04:20.946000+00:00
9189,44,14,2023-11-19 06:04:20.946000+00:00
9189,55,15,2023-11-19 06:04:20.946000+00:00
9189,27,16,2023-11-19 06:04:20.946000+00:00
9189,3,17,2023-11-19 06:04:20.946000+00:00
9189,4,18,2023-11-19 06:04:20.946000+00:00
9189,24,19,2023-11-19 06:04:20.946000+00:00
9189,81,20,2023-11-19 06:04:20.946000+00:00
9189,22,11,2023-11-19 06:04:20.946000+00:00
9189,77,13,2023-11-19 06:04:21.180000+00:00
9189,14,14,2023-11-19 06:04:21.180000+00:00
9189,44,15,2023-11-19 06:04:21.180000+00:00
9189,55,16,2023-11-19 06:04:21.180000+00:00
9189,27,12,2023-11-19 06:04:21.180000+00:00
9189,77,14,2023-11-19 06:04:21.258000+00:00
9189,14,15,2023-11-19 06:04:21.258000+00:00
9189,44,16,2023-11-19 06:04:21.258000+00:00
9189,55,17,2023-11-19 06:04:21.258000+00:00
9189,3,18,2023-11-19 06:04:21.258000+00:00
9189,4,19,2023-11-19 06:04:21.258000+00:00
9189,24,20,2023-11-19 06:04:21.258000+00:00
9189,81,13,2023-11-19 06:04:21.258000+00:00
9189,77,15,2023-11-19 06:04:22.227000+00:00
9189,14,16,2023-11-19 06:04:22.227000+00:00
9189,44,14,2023-11-19 06:04:22.227000+00:00
9189,77,16,2023-11-19 06:04:22.618000+00:00
9189,14,17,2023-11-19 06:04:22.618000+00:00
9189,55,18,2023-11-19 06:04:22.618000+00:00
9189,3,15,2023-11-19 06:04:22.618000+00:00
9189,77,17,2023-11-19 06:04:22.868000+00:00
9189,14,18,2023-11-19 06:04:22.868000+00:00
9189,55,19,2023-11-19 06:04:22.868000+00:00
9189,4,20,2023-11-19 06:04:22.868000+00:00
9189,24,16,2023-11-19 06:04:22.868000+00:00
9189,77,18,2023-11-19 06:04:22.883000+00:00
9189,14,19,2023-11-19 06:04:22.883000+00:00
9189,55,20,2023-11-19 06:04:22.883000+00:00
9189,4,17,2023-11-19 06:04:22.883000+00:00
9189,77,19,2023-11-19 06:04:25.914000+00:00
9189,14,20,2023-11-19 06:04:25.914000+00:00
9189,55,18,2023-11-19 06:04:25.914000+00:00
9189,27,11,2023-11-19 06:04:26.868000+00:00
9189,22,12,2023-11-19 06:04:26.868000+00:00
9189,77,20,2023-11-19 06:04:37.195000+00:00
9189,14,19,2023-11-19 06:04:37.195000+00:00
9189,81,12,2023-11-19 06:04:52.289000+00:00
9189,22,13,2023-11-19 06:04:52.289000+00:00
9189,4,16,2023-11-19 06:04:53.617000+00:00
9189,24,17,2023-11-19 06:04:53.617000+00:00
9189,81,13,2023-11-19 06:04:58.820000+00:00
9189,22,12,2023-11-19 06:04:58.820000+00:00
9189,3,16,2023-11-19 06:05:00.273000+00:00
9189,4,15,2023-11-19 06:05:00.273000+00:00
9189,2,6,2023-11-19 06:05:32.570000+00:00
9189,20,7,2023-11-19 06:05:32.570000+00:00
9189,44,15,2023-11-19 06:05:50.507000+00:00
9189,4,14,2023-11-19 06:05:50.507000+00:00
9189,11,11,2023-11-19 06:06:07.725000+00:00
9189,27,10,2023-11-19 06:06:07.725000+00:00
9189,11,12,2023-11-19 06:06:15.569000+00:00
9189,22,11,2023-11-19 06:06:15.569000+00:00
9189,11,13,2023-11-19 06:06:17.616000+00:00
9189,81,12,2023-11-19 06:06:17.616000+00:00
9189,11,14,2023-11-19 06:06:20.241000+00:00
9189,4,13,2023-11-19 06:06:20.241000+00:00
9189,44,14,2023-11-19 06:06:24.819000+00:00
9189,11,15,2023-11-19 06:06:24.819000+00:00
9189,11,16,2023-11-19 06:06:26.834000+00:00
9189,3,15,2023-11-19 06:06:26.834000+00:00
9189,11,17,2023-11-19 06:06:28.928000+00:00
9189,24,16,2023-11-19 06:06:28.928000+00:00
9189,11,18,2023-11-19 06:06:30.553000+00:00
9189,55,17,2023-11-19 06:06:30.553000+00:00
9189,44,13,2023-11-19 06:09:20.784000+00:00
9189,4,14,2023-11-19 06:09:20.784000+00:00
9189,3,14,2023-11-19 06:09:21.925000+00:00
9189,4,15,2023-11-19 06:09:21.925000+00:00
9189,4,16,2023-11-19 06:09:23.144000+00:00
9189,24,15,2023-11-19 06:09:23.144000+00:00
9189,55,16,2023-11-19 06:09:23.472000+00:00
9189,4,17,2023-11-19 06:09:23.472000+00:00
9189,20,8,2023-11-19 06:09:30.050000+00:00
9189,31,7,2023-11-19 06:09:30.050000+00:00
9189,11,17,2023-11-19 06:09:44.862000+00:00
9189,4,18,2023-11-19 06:09:44.862000+00:00
9189,14,18,2023-11-19 06:09:58.362000+00:00
9189,4,19,2023-11-19 06:09:58.362000+00:00
9189,27,9,2023-11-19 06:10:08.252000+00:00
9189,18,10,2023-11-19 06:10:08.252000+00:00
9189,18,11,2023-11-19 06:10:15.939000+00:00
9189,22,10,2023-11-19 06:10:15.939000+00:00
9189,81,11,2023-11-19 06:10:17.143000+00:00
9189,18,12,2023-11-19 06:10:17.143000+00:00
9189,44,12,2023-11-19 06:10:18.111000+00:00
9189,18,13,2023-11-19 06:10:18.111000+00:00
9189,3,13,2023-11-19 06:10:21.283000+00:00
9189,18,14,2023-11-19 06:10:21.283000+00:00
9189,24,14,2023-11-19 06:10:23.142000+00:00
9189,18,15,2023-11-19 06:10:23.142000+00:00
9189,77,19,2023-11-19 06:10:25.892000+00:00
9189,4,20,2023-11-19 06:10:25.892000+00:00
9189,11,16,2023-11-19 06:10:39.033000+00:00
9189,55,17,2023-11-19 06:10:39.033000+00:00
9189,20,7,2023-11-19 06:17:18.229000+00:00
9189,31,8,2023-11-19 06:17:18.229000+00:00
9189,81,10,2023-11-19 06:18:43.321000+00:00
9189,22,11,2023-11-19 06:18:43.321000+00:00
9189,14,17,2023-11-19 06:18:47.227000+00:00
9189,55,18,2023-11-19 06:18:47.227000+00:00
9189,3,14,2023-11-19 06:19:02.758000+00:00
9189,24,13,2023-11-19 06:19:02.758000+00:00
9189,14,18,2023-11-19 06:19:04.977000+00:00
9189,55,17,2023-11-19 06:19:04.977000+00:00
9189,11,17,2023-11-19 06:20:02.492000+00:00
9189,55,16,2023-11-19 06:20:02.492000+00:00
9189,11,16,2023-11-19 06:20:10.866000+00:00
9189,55,17,2023-11-19 06:20:10.866000+00:00
9189,14,17,2023-11-19 06:20:16.273000+00:00
9189,55,18,2023-11-19 06:20:16.273000+00:00
9189,44,11,2023-11-19 06:20:26.788000+00:00
9189,22,12,2023-11-19 06:20:26.788000+00:00
9189,44,12,2023-11-19 06:20:26.804000+00:00
9189,22,11,2023-11-19 06:20:26.804000+00:00
9189,44,11,2023-11-19 06:20:31.772000+00:00
9189,22,12,2023-11-19 06:20:31.772000+00:00
9189,27,10,2023-11-19 06:20:42.569000+00:00
9189,81,9,2023-11-19 06:20:42.569000+00:00
9189,20,8,2023-11-19 06:23:15.066000+00:00
9189,31,7,2023-11-19 06:23:15.066000+00:00
9189,20,9,2023-11-19 06:23:46.863000+00:00
9189,81,8,2023-11-19 06:23:46.863000+00:00
9189,24,12,2023-11-19 06:23:50.597000+00:00
9189,22,13,2023-11-19 06:23:50.597000+00:00
9189,20,8,2023-11-19 06:24:03.175000+00:00
9189,81,9,2023-11-19 06:24:03.175000+00:00
9189,20,9,2023-11-19 06:24:55.986000+00:00
9189,81,8,2023-11-19 06:24:55.986000+00:00
9189,44,10,2023-11-19 06:24:57.330000+00:00
9189,27,11,2023-11-19 06:24:57.330000+00:00
9189,3,13,2023-11-19 06:25:13.517000+00:00
9189,22,14,2023-11-19 06:25:13.517000+00:00
9189,11,15,2023-11-19 06:25:19.220000+00:00
9189,18,16,2023-11-19 06:25:19.220000+00:00
9189,11,14,2023-11-19 06:25:22.845000+00:00
9189,22,15,2023-11-19 06:25:22.845000+00:00
9189,18,15,2023-11-19 06:25:22.939000+00:00
9189,22,16,2023-11-19 06:25:22.939000+00:00
9189,14,16,2023-11-19 06:25:23.236000+00:00
9189,22,17,2023-11-19 06:25:23.236000+00:00
9189,55,17,2023-11-19 06:25:26.095000+00:00
9189,22,18,2023-11-19 06:25:26.095000+00:00
9189,77,18,2023-11-19 06:25:29.501000+00:00
9189,22,19,2023-11-19 06:25:29.501000+00:00
9189,14,17,2023-11-19 06:25:51.251000+00:00
9189,55,16,2023-11-19 06:25:51.251000+00:00
9189,27,12,2023-11-19 06:26:43.297000+00:00
9189,24,11,2023-11-19 06:26:43.297000+00:00
9189,20,10,2023-11-19 06:26:49.125000+00:00
9189,44,9,2023-11-19 06:26:49.125000+00:00
9189,11,13,2023-11-19 06:26:53.797000+00:00
9189,3,14,2023-11-19 06:26:53.797000+00:00
9189,11,12,2023-11-19 06:28:25.233000+00:00
9189,27,13,2023-11-19 06:28:25.233000+00:00
9189,3,15,2023-11-19 06:28:26.639000+00:00
9189,18,14,2023-11-19 06:28:26.639000+00:00
9189,27,14,2023-11-19 06:28:45.311000+00:00
9189,18,13,2023-11-19 06:28:45.311000+00:00
9189,27,15,2023-11-19 06:28:46.107000+00:00
9189,3,14,2023-11-19 06:28:46.107000+00:00
9189,55,15,2023-11-19 06:28:46.264000+00:00
9189,27,16,2023-11-19 06:28:46.264000+00:00
9189,14,16,2023-11-19 06:28:46.685000+00:00
9189,27,17,2023-11-19 06:28:46.685000+00:00
9189,77,17,2023-11-19 06:28:54.732000+00:00
9189,27,18,2023-11-19 06:28:54.732000+00:00
9189,55,14,2023-11-19 06:29:11.263000+00:00
9189,3,15,2023-11-19 06:29:11.263000+00:00
9189,14,15,2023-11-19 06:30:08.715000+00:00
9189,3,16,2023-11-19 06:30:08.715000+00:00
9189,2,7,2023-11-19 06:30:50.636000+00:00
9189,31,6,2023-11-19 06:30:50.636000+00:00
9189,20,11,2023-11-19 06:31:31.120000+00:00
9189,24,10,2023-11-19 06:31:31.120000+00:00
9189,20,10,2023-11-19 06:31:42.479000+00:00
9189,24,11,2023-11-19 06:31:42.479000+00:00
9189,2,8,2023-11-19 06:31:45.401000+00:00
9189,81,7,2023-11-19 06:31:45.401000+00:00
9189,11,11,2023-11-19 06:31:50.698000+00:00
9189,24,12,2023-11-19 06:31:50.698000+00:00
9189,2,9,2023-11-19 06:31:54.338000+00:00
9189,44,8,2023-11-19 06:31:54.338000+00:00
9189,20,11,2023-11-19 06:31:59.026000+00:00
9189,11,10,2023-11-19 06:31:59.026000+00:00
9189,20,12,2023-11-19 06:32:01.885000+00:00
9189,24,11,2023-11-19 06:32:01.885000+00:00
9189,20,13,2023-11-19 06:32:03.166000+00:00
9189,18,12,2023-11-19 06:32:03.166000+00:00
9189,20,14,2023-11-19 06:32:04.182000+00:00
9189,55,13,2023-11-19 06:32:04.182000+00:00
9189,20,15,2023-11-19 06:32:04.994000+00:00
9189,14,14,2023-11-19 06:32:04.994000+00:00
9189,20,16,2023-11-19 06:32:13.088000+00:00
9189,3,15,2023-11-19 06:32:13.088000+00:00
9189,77,16,2023-11-19 06:32:19.104000+00:00
9189,20,17,2023-11-19 06:32:19.104000+00:00
9189,63,4,2023-11-19 06:33:30.602000+00:00
9189,10,3,2023-11-19 06:33:30.602000+00:00
9189,24,12,2023-11-19 06:33:31.774000+00:00
9189,18,11,2023-11-19 06:33:31.774000+00:00
9189,63,5,2023-11-19 06:33:38.602000+00:00
9189,23,4,2023-11-19 06:33:38.602000+00:00
9189,63,6,2023-11-19 06:33:38.883000+00:00
9189,31,5,2023-11-19 06:33:38.883000+00:00
9189,63,7,2023-11-19 06:33:39.743000+00:00
9189,81,6,2023-11-19 06:33:39.743000+00:00
9189,2,10,2023-11-19 06:33:39.774000+00:00
9189,11,9,2023-11-19 06:33:39.774000+00:00
9189,63,8,2023-11-19 06:33:40.102000+00:00
9189,44,7,2023-11-19 06:33:40.102000+00:00
9189,2,11,2023-11-19 06:33:42.727000+00:00
9189,18,10,2023-11-19 06:33:42.727000+00:00
9189,2,12,2023-11-19 06:33:43.071000+00:00
9189,24,11,2023-11-19 06:33:43.071000+00:00
9189,2,13,2023-11-19 06:33:43.196000+00:00
9189,55,12,2023-11-19 06:33:43.196000+00:00
9189,2,14,2023-11-19 06:33:43.571000+00:00
9189,14,13,2023-11-19 06:33:43.571000+00:00
9189,63,9,2023-11-19 06:33:43.665000+00:00
9189,11,8,2023-11-19 06:33:43.665000+00:00
9189,63,10,2023-11-19 06:33:46.633000+00:00
9189,18,9,2023-11-19 06:33:46.633000+00:00
9189,63,11,2023-11-19 06:33:47.258000+00:00
9189,24,10,2023-11-19 06:33:47.258000+00:00
9189,63,12,2023-11-19 06:33:47.383000+00:00
9189,55,11,2023-11-19 06:33:47.383000+00:00
9189,63,13,2023-11-19 06:33:47.711000+00:00
9189,14,12,2023-11-19 06:33:47.711000+00:00
9189,2,15,2023-11-19 06:33:53.180000+00:00
9189,3,14,2023-11-19 06:33:53.180000+00:00
9189,2,16,2023-11-19 06:33:59.821000+00:00
9189,77,15,2023-11-19 06:33:59.821000+00:00
9189,55,10,2023-11-19 06:34:08.227000+00:00
9189,24,11,2023-11-19 06:34:08.227000+00:00
9189,16,1,2023-11-19 06:34:45.039000+00:00
9189,1,2,2023-11-19 06:34:45.039000+00:00
9189,23,5,2023-11-19 06:34:56.585000+00:00
9189,31,4,2023-11-19 06:34:56.585000+00:00
9189,44,6,2023-11-19 06:35:05.569000+00:00
9189,81,7,2023-11-19 06:35:05.569000+00:00
9189,11,7,2023-11-19 06:35:15.382000+00:00
9189,81,8,2023-11-19 06:35:15.382000+00:00
9189,1,3,2023-11-19 06:35:15.475000+00:00
9189,10,2,2023-11-19 06:35:15.475000+00:00
9189,23,6,2023-11-19 06:35:17.147000+00:00
9189,44,5,2023-11-19 06:35:17.147000+00:00
9189,23,7,2023-11-19 06:35:17.882000+00:00
9189,11,6,2023-11-19 06:35:17.882000+00:00
9189,1,4,2023-11-19 06:35:18.975000+00:00
9189,31,3,2023-11-19 06:35:18.975000+00:00
9189,81,9,2023-11-19 06:35:21.413000+00:00
9189,18,8,2023-11-19 06:35:21.413000+00:00
9189,1,5,2023-11-19 06:35:21.944000+00:00
9189,44,4,2023-11-19 06:35:21.944000+00:00
9189,1,6,2023-11-19 06:35:22.038000+00:00
9189,11,5,2023-11-19 06:35:22.038000+00:00
9189,1,7,2023-11-19 06:35:25.428000+00:00
9189,23,8,2023-11-19 06:35:25.428000+00:00
9189,18,6,2023-11-19 06:35:25.428000+00:00
9189,44,5,2023-11-19 06:35:26.397000+00:00
9189,11,4,2023-11-19 06:35:26.397000+00:00
9189,1,8,2023-11-19 06:35:27.382000+00:00
9189,23,9,2023-11-19 06:35:27.382000+00:00
9189,55,7,2023-11-19 06:35:27.382000+00:00
9189,81,10,2023-11-19 06:35:27.382000+00:00
9189,1,9,2023-11-19 06:35:28.272000+00:00
9189,23,10,2023-11-19 06:35:28.272000+00:00
9189,24,8,2023-11-19 06:35:28.272000+00:00
9189,81,11,2023-11-19 06:35:28.272000+00:00
9189,1,10,2023-11-19 06:35:29.147000+00:00
9189,23,11,2023-11-19 06:35:29.147000+00:00
9189,14,9,2023-11-19 06:35:29.147000+00:00
9189,81,12,2023-11-19 06:35:29.147000+00:00
9189,1,11,2023-11-19 06:35:31.725000+00:00
9189,63,10,2023-11-19 06:35:31.725000+00:00
9189,23,12,2023-11-19 06:35:31.725000+00:00
9189,81,13,2023-11-19 06:35:31.725000+00:00
9189,23,13,2023-11-19 06:35:34.381000+00:00
9189,3,12,2023-11-19 06:35:34.381000+00:00
9189,81,14,2023-11-19 06:35:34.381000+00:00
9189,77,14,2023-11-19 06:35:40.584000+00:00
9189,81,15,2023-11-19 06:35:40.584000+00:00
9189,44,6,2023-11-19 06:35:45.709000+00:00
9189,18,5,2023-11-19 06:35:45.709000+00:00
9189,2,15,2023-11-19 06:35:59.834000+00:00
9189,81,16,2023-11-19 06:35:59.834000+00:00
9189,44,7,2023-11-19 06:36:20.709000+00:00
9189,55,6,2023-11-19 06:36:20.709000+00:00
9189,44,8,2023-11-19 06:36:21.427000+00:00
9189,24,7,2023-11-19 06:36:21.427000+00:00
9189,14,8,2023-11-19 06:36:27.537000+00:00
9189,44,9,2023-11-19 06:36:27.537000+00:00
9189,63,9,2023-11-19 06:36:44.068000+00:00
9189,44,10,2023-11-19 06:36:44.068000+00:00
9189,10,3,2023-11-19 06:36:55.130000+00:00
9189,31,2,2023-11-19 06:36:55.130000+00:00
9189,10,4,2023-11-19 06:36:56.474000+00:00
9189,11,3,2023-11-19 06:36:56.474000+00:00
9189,10,5,2023-11-19 06:37:04.817000+00:00
9189,18,4,2023-11-19 06:37:04.817000+00:00
9189,10,6,2023-11-19 06:37:07.583000+00:00
9189,55,5,2023-11-19 06:37:07.583000+00:00
9189,1,10,2023-11-19 06:37:07.833000+00:00
9189,44,11,2023-11-19 06:37:07.833000+00:00
9189,10,7,2023-11-19 06:37:08.458000+00:00
9189,24,6,2023-11-19 06:37:08.458000+00:00
9189,10,8,2023-11-19 06:37:09.255000+00:00
9189,14,7,2023-11-19 06:37:09.255000+00:00
9189,63,8,2023-11-19 06:37:10.723000+00:00
9189,10,9,2023-11-19 06:37:10.723000+00:00
9189,1,9,2023-11-19 06:37:14.348000+00:00
9189,10,10,2023-11-19 06:37:14.348000+00:00
9189,23,11,2023-11-19 06:37:21.630000+00:00
9189,44,12,2023-11-19 06:37:21.630000+00:00
9189,3,13,2023-11-19 06:37:21.630000+00:00
9189,77,12,2023-11-19 06:37:22.270000+00:00
9189,44,13,2023-11-19 06:37:22.270000+00:00
9189,3,14,2023-11-19 06:37:22.270000+00:00
9189,2,13,2023-11-19 06:37:24.395000+00:00
9189,44,14,2023-11-19 06:37:24.395000+00:00
9189,3,15,2023-11-19 06:37:24.395000+00:00
9189,44,15,2023-11-19 06:37:25.254000+00:00
9189,3,16,2023-11-19 06:37:25.254000+00:00
9189,81,14,2023-11-19 06:37:25.254000+00:00
9189,20,15,2023-11-19 06:37:25.879000+00:00
9189,44,16,2023-11-19 06:37:25.879000+00:00
9189,3,17,2023-11-19 06:37:25.879000+00:00
9189,44,17,2023-11-19 06:37:26.895000+00:00
9189,27,16,2023-11-19 06:37:26.895000+00:00
9189,3,18,2023-11-19 06:37:26.895000+00:00
9189,44,18,2023-11-19 06:37:33.832000+00:00
9189,3,19,2023-11-19 06:37:33.832000+00:00
9189,22,17,2023-11-19 06:37:33.832000+00:00
9189,44,19,2023-11-19 06:37:36.239000+00:00
9189,3,18,2023-11-19 06:37:36.239000+00:00
9189,11,2,2023-11-19 06:38:16.847000+00:00
9189,31,3,2023-11-19 06:38:16.847000+00:00
9189,14,6,2023-11-19 06:38:34.066000+00:00
9189,24,7,2023-11-19 06:38:34.066000+00:00
9189,2,14,2023-11-19 06:38:49.097000+00:00
9189,81,13,2023-11-19 06:38:49.097000+00:00
9189,44,18,2023-11-19 06:38:56.643000+00:00
9189,3,19,2023-11-19 06:38:56.643000+00:00
9189,63,7,2023-11-19 06:40:03.064000+00:00
9189,24,8,2023-11-19 06:40:03.064000+00:00
9189,77,13,2023-11-19 06:40:21.173000+00:00
9189,81,12,2023-11-19 06:40:21.173000+00:00
9189,1,8,2023-11-19 06:41:20.375000+00:00
9189,24,9,2023-11-19 06:41:20.375000+00:00
9189,2,13,2023-11-19 06:41:57.640000+00:00
9189,77,14,2023-11-19 06:41:57.640000+00:00
9189,31,4,2023-11-19 06:41:58.515000+00:00
9189,18,3,2023-11-19 06:41:58.515000+00:00
9189,55,4,2023-11-19 06:42:01.359000+00:00
9189,31,5,2023-11-19 06:42:01.359000+00:00
9189,14,5,2023-11-19 06:42:07.265000+00:00
9189,31,6,2023-11-19 06:42:07.265000+00:00
9189,63,6,2023-11-19 06:42:08.406000+00:00
9189,31,7,2023-11-19 06:42:08.406000+00:00
9189,1,7,2023-11-19 06:42:10.578000+00:00
9189,31,8,2023-11-19 06:42:10.578000+00:00
9189,31,9,2023-11-19 06:42:11.874000+00:00
9189,24,8,2023-11-19 06:42:11.874000+00:00
9189,10,9,2023-11-19 06:42:17.093000+00:00
9189,31,10,2023-11-19 06:42:17.093000+00:00
9189,23,10,2023-11-19 06:42:24.421000+00:00
9189,31,11,2023-11-19 06:42:24.421000+00:00
9189,31,12,2023-11-19 06:42:29.905000+00:00
9189,81,11,2023-11-19 06:42:29.905000+00:00
9189,77,15,2023-11-19 06:42:46.014000+00:00
9189,20,14,2023-11-19 06:42:46.014000+00:00
9189,16,2,2023-11-19 06:43:34.342000+00:00
9189,11,1,2023-11-19 06:43:34.342000+00:00
9189,16,3,2023-11-19 06:43:46.123000+00:00
9189,18,2,2023-11-19 06:43:46.123000+00:00
9189,44,17,2023-11-19 06:43:55.560000+00:00
9189,22,18,2023-11-19 06:43:55.560000+00:00
9189,3,18,2023-11-19 06:44:15.778000+00:00
9189,22,19,2023-11-19 06:44:15.778000+00:00
9189,23,11,2023-11-19 06:44:19.325000+00:00
9189,81,10,2023-11-19 06:44:19.325000+00:00
9189,63,5,2023-11-19 06:44:56.075000+00:00
9189,14,6,2023-11-19 06:44:56.075000+00:00
9189,77,16,2023-11-19 06:45:21.746000+00:00
9189,27,15,2023-11-19 06:45:21.746000+00:00
9189,1,6,2023-11-19 06:45:27.027000+00:00
9189,14,7,2023-11-19 06:45:27.027000+00:00
9189,63,4,2023-11-19 06:48:12.852000+00:00
9189,55,5,2023-11-19 06:48:12.852000+00:00
9189,63,5,2023-11-19 06:48:13.118000+00:00
9189,55,4,2023-11-19 06:48:13.118000+00:00
9189,63,4,2023-11-19 06:48:16.649000+00:00
9189,55,5,2023-11-19 06:48:16.649000+00:00
9189,1,5,2023-11-19 06:48:28.868000+00:00
9189,55,6,2023-11-19 06:48:28.868000+00:00
9189,10,8,2023-11-19 06:48:30.133000+00:00
9189,24,9,2023-11-19 06:48:30.133000+00:00
9189,23,12,2023-11-19 06:48:40.586000+00:00
9189,31,11,2023-11-19 06:48:40.586000+00:00
9189,77,17,2023-11-19 06:49:09.492000+00:00
9189,44,16,2023-11-19 06:49:09.492000+00:00
9189,24,10,2023-11-19 06:49:13.726000+00:00
9189,81,9,2023-11-19 06:49:13.726000+00:00
9189,77,18,2023-11-19 06:49:18.523000+00:00
9189,3,17,2023-11-19 06:49:18.523000+00:00
9189,1,4,2023-11-19 06:49:40.695000+00:00
9189,63,5,2023-11-19 06:49:40.695000+00:00
9189,16,2,2023-11-19 06:49:56.319000+00:00
9189,18,3,2023-11-19 06:49:56.319000+00:00
9189,31,10,2023-11-19 06:50:19.116000+00:00
9189,24,11,2023-11-19 06:50:19.116000+00:00
9189,16,1,2023-11-19 06:52:09.020000+00:00
9189,11,2,2023-11-19 06:52:09.020000+00:00
9189,1,5,2023-11-19 06:52:26.129000+00:00
9189,63,6,2023-11-19 06:52:26.129000+00:00
9189,10,3,2023-11-19 06:52:26.129000+00:00
9189,14,8,2023-11-19 06:52:26.129000+00:00
9189,55,7,2023-11-19 06:52:26.129000+00:00
9189,18,4,2023-11-19 06:52:26.129000+00:00
9189,23,11,2023-11-19 06:52:26.848000+00:00
9189,24,12,2023-11-19 06:52:26.848000+00:00
9189,1,6,2023-11-19 06:52:27.567000+00:00
9189,63,7,2023-11-19 06:52:27.567000+00:00
9189,14,9,2023-11-19 06:52:27.567000+00:00
9189,55,8,2023-11-19 06:52:27.567000+00:00
9189,81,4,2023-11-19 06:52:27.567000+00:00
9189,18,5,2023-11-19 06:52:27.567000+00:00
9189,1,7,2023-11-19 06:52:29.363000+00:00
9189,63,8,2023-11-19 06:52:29.363000+00:00
9189,14,10,2023-11-19 06:52:29.363000+00:00
9189,55,9,2023-11-19 06:52:29.363000+00:00
9189,31,5,2023-11-19 06:52:29.363000+00:00
9189,18,6,2023-11-19 06:52:29.363000+00:00
9189,1,6,2023-11-19 06:52:30.098000+00:00
9189,18,7,2023-11-19 06:52:30.098000+00:00
9189,63,9,2023-11-19 06:52:31.910000+00:00
9189,23,8,2023-11-19 06:52:31.910000+00:00
9189,14,11,2023-11-19 06:52:31.910000+00:00
9189,55,10,2023-11-19 06:52:31.910000+00:00
9189,1,5,2023-11-19 06:52:35.035000+00:00
9189,31,6,2023-11-19 06:52:35.035000+00:00
9189,2,10,2023-11-19 06:52:36.566000+00:00
9189,14,12,2023-11-19 06:52:36.566000+00:00
9189,55,11,2023-11-19 06:52:36.566000+00:00
9189,24,13,2023-11-19 06:52:36.566000+00:00
9189,2,11,2023-11-19 06:52:41.519000+00:00
9189,55,10,2023-11-19 06:52:41.519000+00:00
9189,44,17,2023-11-19 06:53:02.816000+00:00
9189,27,16,2023-11-19 06:53:02.816000+00:00
9189,3,15,2023-11-19 06:53:02.816000+00:00
9189,2,12,2023-11-19 06:57:54.373000+00:00
9189,14,11,2023-11-19 06:57:54.373000+00:00
9189,23,7,2023-11-19 06:57:57.233000+00:00
9189,18,8,2023-11-19 06:57:57.233000+00:00
9189,27,15,2023-11-19 06:58:05.951000+00:00
9189,3,16,2023-11-19 06:58:05.951000+00:00
9189,10,4,2023-11-19 06:58:15.982000+00:00
9189,81,3,2023-11-19 06:58:15.982000+00:00
9189,2,13,2023-11-19 06:58:16.154000+00:00
9189,24,12,2023-11-19 06:58:16.154000+00:00
9189,44,16,2023-11-19 06:59:47.449000+00:00
9189,3,17,2023-11-19 06:59:47.449000+00:00
9189,44,15,2023-11-19 07:01:38.260000+00:00
9189,27,16,2023-11-19 07:01:38.260000+00:00
9189,1,4,2023-11-19 07:02:26.244000+00:00
9189,10,5,2023-11-19 07:02:26.244000+00:00
9189,16,2,2023-11-19 07:04:07.304000+00:00
9189,11,1,2023-11-19 07:04:07.304000+00:00
9189,1,3,2023-11-19 07:05:46.927000+00:00
9189,81,4,2023-11-19 07:05:46.927000+00:00
9189,20,15,2023-11-19 07:05:57.052000+00:00
9189,44,14,2023-11-19 07:05:57.052000+00:00
9189,10,6,2023-11-19 07:06:04.333000+00:00
9189,31,5,2023-11-19 07:06:04.333000+00:00
9189,10,5,2023-11-19 07:06:08.693000+00:00
9189,31,6,2023-11-19 07:06:08.693000+00:00
9189,10,6,2023-11-19 07:06:24.911000+00:00
9189,31,5,2023-11-19 07:06:24.911000+00:00
9189,2,14,2023-11-19 07:06:31.583000+00:00
9189,44,13,2023-11-19 07:06:31.583000+00:00
9189,16,1,2023-11-19 07:08:58.393000+00:00
9189,11,2,2023-11-19 07:08:58.393000+00:00
9189,23,8,2023-11-19 07:09:07.627000+00:00
9189,18,7,2023-11-19 07:09:07.627000+00:00
9189,77,19,2023-11-19 07:09:22.455000+00:00
9189,22,18,2023-11-19 07:09:22.455000+00:00
9189,77,18,2023-11-19 07:09:30.580000+00:00
9189,22,19,2023-11-19 07:09:30.580000+00:00
9189,1,2,2023-11-19 07:10:24.188000+00:00
9189,11,3,2023-11-19 07:10:24.188000+00:00
9189,77,19,2023-11-19 07:11:03.672000+00:00
9189,22,18,2023-11-19 07:11:03.672000+00:00
9189,16,2,2023-11-19 07:12:04.655000+00:00
9189,1,1,2023-11-19 07:12:04.655000+00:00
9189,44,12,2023-11-19 07:12:18.921000+00:00
9189,24,13,2023-11-19 07:12:18.921000+00:00
9189,63,8,2023-11-19 07:15:32.745000+00:00
9189,23,9,2023-11-19 07:15:32.745000+00:00
9189,23,10,2023-11-19 07:16:19.354000+00:00
9189,55,9,2023-11-19 07:16:19.354000+00:00
9189,23,11,2023-11-19 07:16:20.010000+00:00
9189,14,10,2023-11-19 07:16:20.010000+00:00
9189,23,12,2023-11-19 07:16:37.197000+00:00
9189,44,11,2023-11-19 07:16:37.197000+00:00
9189,2,15,2023-11-19 07:16:42.166000+00:00
9189,20,14,2023-11-19 07:16:42.166000+00:00
9189,10,7,2023-11-19 07:18:43.164000+00:00
9189,18,6,2023-11-19 07:18:43.164000+00:00
9189,2,16,2023-11-19 07:20:00.756000+00:00
9189,27,15,2023-11-19 07:20:00.756000+00:00
9189,16,3,2023-11-19 07:21:24.817000+00:00
9189,11,2,2023-11-19 07:21:24.817000+00:00
9189,63,7,2023-11-19 07:21:55.692000+00:00
9189,10,8,2023-11-19 07:21:55.692000+00:00
9189,31,4,2023-11-19 07:22:13.207000+00:00
9189,81,5,2023-11-19 07:22:13.207000+00:00
9189,81,6,2023-11-19 07:22:19.238000+00:00
9189,18,5,2023-11-19 07:22:19.238000+00:00
9189,63,6,2023-11-19 07:22:21.707000+00:00
9189,81,7,2023-11-19 07:22:21.707000+00:00
9189,10,7,2023-11-19 07:22:22.472000+00:00
9189,81,8,2023-11-19 07:22:22.472000+00:00
9189,55,8,2023-11-19 07:22:23.082000+00:00
9189,81,9,2023-11-19 07:22:23.082000+00:00
9189,14,9,2023-11-19 07:22:24.144000+00:00
9189,81,10,2023-11-19 07:22:24.144000+00:00
9189,44,10,2023-11-19 07:22:25.050000+00:00
9189,81,11,2023-11-19 07:22:25.050000+00:00
9189,10,8,2023-11-19 07:22:42.972000+00:00
9189,55,7,2023-11-19 07:22:42.972000+00:00
9189,23,11,2023-11-19 07:22:53.925000+00:00
9189,81,12,2023-11-19 07:22:53.925000+00:00
9189,10,9,2023-11-19 07:23:39.268000+00:00
9189,14,8,2023-11-19 07:23:39.268000+00:00
9189,23,12,2023-11-19 07:23:57.283000+00:00
9189,81,11,2023-11-19 07:23:57.283000+00:00
9189,10,10,2023-11-19 07:23:58.439000+00:00
9189,44,9,2023-11-19 07:23:58.439000+00:00
9189,2,17,2023-11-19 07:25:33.625000+00:00
9189,3,16,2023-11-19 07:25:33.625000+00:00
9189,14,9,2023-11-19 07:26:53.311000+00:00
9189,44,8,2023-11-19 07:26:53.311000+00:00
9189,20,13,2023-11-19 07:27:05.108000+00:00
9189,24,14,2023-11-19 07:27:05.108000+00:00
9189,27,16,2023-11-19 07:27:18.358000+00:00
9189,3,15,2023-11-19 07:27:18.358000+00:00
9189,2,16,2023-11-19 07:27:20.389000+00:00
9189,27,17,2023-11-19 07:27:20.389000+00:00
9189,27,18,2023-11-19 07:27:33.514000+00:00
9189,22,17,2023-11-19 07:27:33.514000+00:00
9189,77,18,2023-11-19 07:27:53.388000+00:00
9189,27,19,2023-11-19 07:27:53.388000+00:00
9189,77,17,2023-11-19 07:29:13.121000+00:00
9189,22,18,2023-11-19 07:29:13.121000+00:00
9189,63,5,2023-11-19 07:29:57.214000+00:00
9189,18,6,2023-11-19 07:29:57.214000+00:00
9189,10,11,2023-11-19 07:30:12.964000+00:00
9189,81,10,2023-11-19 07:30:12.964000+00:00
9189,3,14,2023-11-19 07:32:02.447000+00:00
9189,24,15,2023-11-19 07:32:02.447000+00:00
9189,16,2,2023-11-19 07:33:04.914000+00:00
9189,11,3,2023-11-19 07:33:04.914000+00:00
9189,63,4,2023-11-19 07:33:13.711000+00:00
9189,31,5,2023-11-19 07:33:13.711000+00:00
9189,63,8,2023-11-19 07:33:40.023000+00:00
9189,44,7,2023-11-19 07:33:40.023000+00:00
9189,55,6,2023-11-19 07:33:40.023000+00:00
9189,31,4,2023-11-19 07:33:40.023000+00:00
9189,18,5,2023-11-19 07:33:40.023000+00:00
9197,1,1,2023-11-26 12:01:06.327000+00:00
9197,16,2,2023-11-26 12:01:06.327000+00:00
9197,81,3,2023-11-26 12:01:06.327000+00:00
9197,63,4,2023-11-26 12:01:06.327000+00:00
9197,4,5,2023-11-26 12:01:06.327000+00:00
9197,22,6,2023-11-26 12:01:06.327000+00:00
9197,14,7,2023-11-26 12:01:06.327000+00:00
9197,27,8,2023-11-26 12:01:06.327000+00:00
9197,11,9,2023-11-26 12:01:06.327000+00:00
9197,10,10,2023-11-26 12:01:06.327000+00:00
9197,44,11,2023-11-26 12:01:06.327000+00:00
9197,31,12,2023-11-26 12:01:06.327000+00:00
9197,18,13,2023-11-26 12:01:06.327000+00:00
9197,23,14,2023-11-26 12:01:06.327000+00:00
9197,3,15,2023-11-26 12:01:06.327000+00:00
9197,55,16,2023-11-26 12:01:06.327000+00:00
9197,20,17,2023-11-26 12:01:06.327000+00:00
9197,77,18,2023-11-26 12:01:06.327000+00:00
9197,24,19,2023-11-26 12:01:06.327000+00:00
9197,2,20,2023-11-26 12:01:06.327000+00:00
9197,63,5,2023-11-26 13:03:47.393000+00:00
9197,4,4,2023-11-26 13:03:47.393000+00:00
9197,22,7,2023-11-26 13:03:47.846000+00:00
9197,14,6,2023-11-26 13:03:47.846000+00:00
9197,27,9,2023-11-26 13:03:48.940000+00:00
9197,11,10,2023-11-26 13:03:48.940000+00:00
9197,10,11,2023-11-26 13:03:48.940000+00:00
9197,44,8,2023-11-26 13:03:48.940000+00:00
9197,27,10,2023-11-26 13:03:49.065000+00:00
9197,11,9,2023-11-26 13:03:49.065000+00:00
9197,27,11,2023-11-26 13:03:49.221000+00:00
9197,10,10,2023-11-26 13:03:49.221000+00:00
9197,27,12,2023-11-26 13:03:49.299000+00:00
9197,31,11,2023-11-26 13:03:49.299000+00:00
9197,23,15,2023-11-26 13:03:50.253000+00:00
9197,3,16,2023-11-26 13:03:50.253000+00:00
9197,55,14,2023-11-26 13:03:50.253000+00:00
9197,23,16,2023-11-26 13:03:50.346000+00:00
9197,3,15,2023-11-26 13:03:50.346000+00:00
9197,23,17,2023-11-26 13:03:50.660000+00:00
9197,20,18,2023-11-26 13:03:50.660000+00:00
9197,77,16,2023-11-26 13:03:50.660000+00:00
9197,23,18,2023-11-26 13:03:50.721000+00:00
9197,20,17,2023-11-26 13:03:50.721000+00:00
9197,24,20,2023-11-26 13:03:50.971000+00:00
9197,2,19,2023-11-26 13:03:50.971000+00:00
9197,22,6,2023-11-26 13:05:01.299000+00:00
9197,14,7,2023-11-26 13:05:01.299000+00:00
9197,11,10,2023-11-26 13:05:02.502000+00:00
9197,10,8,2023-11-26 13:05:02.502000+00:00
9197,44,9,2023-11-26 13:05:02.502000+00:00
9197,27,13,2023-11-26 13:05:04.627000+00:00
9197,18,12,2023-11-26 13:05:04.627000+00:00
9197,23,17,2023-11-26 13:05:06.502000+00:00
9197,20,18,2023-11-26 13:05:06.502000+00:00
9197,20,19,2023-11-26 13:05:06.845000+00:00
9197,24,18,2023-11-26 13:05:06.845000+00:00
9197,2,20,2023-11-26 13:05:06.845000+00:00
9197,20,20,2023-11-26 13:05:46.017000+00:00
9197,2,19,2023-11-26 13:05:46.017000+00:00
9197,23,18,2023-11-26 13:05:54.251000+00:00
9197,24,17,2023-11-26 13:05:54.251000+00:00
9197,20,19,2023-11-26 13:05:55.314000+00:00
9197,2,20,2023-11-26 13:05:55.314000+00:00
9197,27,14,2023-11-26 13:06:03.001000+00:00
9197,55,13,2023-11-26 13:06:03.001000+00:00
9197,23,17,2023-11-26 13:06:04.423000+00:00
9197,24,18,2023-11-26 13:06:04.423000+00:00
9197,23,18,2023-11-26 13:06:08.142000+00:00
9197,24,17,2023-11-26 13:06:08.142000+00:00
9197,11,9,2023-11-26 13:07:21.281000+00:00
9197,44,10,2023-11-26 13:07:21.281000+00:00
9197,81,4,2023-11-26 13:08:39.499000+00:00
9197,4,3,2023-11-26 13:08:39.499000+00:00
9197,20,20,2023-11-26 13:11:16.654000+00:00
9197,2,19,2023-11-26 13:11:16.654000+00:00
9197,81,5,2023-11-26 13:13:30.949000+00:00
9197,63,4,2023-11-26 13:13:30.949000+00:00
9197,81,4,2023-11-26 13:13:38.215000+00:00
9197,63,5,2023-11-26 13:13:38.215000+00:00
9197,3,16,2023-11-26 13:14:15.714000+00:00
9197,77,15,2023-11-26 13:14:15.714000+00:00
9197,3,17,2023-11-26 13:14:16.480000+00:00
9197,24,16,2023-11-26 13:14:16.480000+00:00
9197,23,17,2023-11-26 13:14:22.948000+00:00
9197,3,18,2023-11-26 13:14:22.948000+00:00
9197,3,19,2023-11-26 13:14:24.652000+00:00
9197,2,18,2023-11-26 13:14:24.652000+00:00
9197,81,5,2023-11-26 13:16:32.884000+00:00
9197,63,4,2023-11-26 13:16:32.884000+00:00
9197,81,4,2023-11-26 13:16:40.056000+00:00
9197,63,5,2023-11-26 13:16:40.056000+00:00
9197,81,5,2023-11-26 13:19:35.382000+00:00
9197,63,4,2023-11-26 13:19:35.382000+00:00
9197,11,8,2023-11-26 13:21:10.241000+00:00
9197,10,9,2023-11-26 13:21:10.241000+00:00
9197,14,8,2023-11-26 13:21:44.756000+00:00
9197,11,7,2023-11-26 13:21:44.756000+00:00
9197,14,9,2023-11-26 13:21:50.787000+00:00
9197,10,8,2023-11-26 13:21:50.787000+00:00
9197,14,10,2023-11-26 13:21:51.271000+00:00
9197,44,9,2023-11-26 13:21:51.271000+00:00
9197,14,11,2023-11-26 13:21:51.959000+00:00
9197,31,10,2023-11-26 13:21:51.959000+00:00
9197,14,12,2023-11-26 13:21:52.818000+00:00
9197,18,11,2023-11-26 13:21:52.818000+00:00
9197,14,13,2023-11-26 13:21:54.600000+00:00
9197,55,12,2023-11-26 13:21:54.600000+00:00
9197,14,14,2023-11-26 13:21:58.100000+00:00
9197,27,13,2023-11-26 13:21:58.100000+00:00
9197,14,15,2023-11-26 13:21:58.896000+00:00
9197,77,14,2023-11-26 13:21:58.896000+00:00
9197,14,16,2023-11-26 13:22:00.771000+00:00
9197,24,15,2023-11-26 13:22:00.771000+00:00
9197,14,17,2023-11-26 13:22:02.037000+00:00
9197,23,16,2023-11-26 13:22:02.037000+00:00
9197,14,18,2023-11-26 13:22:03.428000+00:00
9197,2,17,2023-11-26 13:22:03.428000+00:00
9197,81,6,2023-11-26 13:23:13.911000+00:00
9197,22,5,2023-11-26 13:23:13.911000+00:00
9197,81,7,2023-11-26 13:23:21.130000+00:00
9197,11,6,2023-11-26 13:23:21.130000+00:00
9197,81,8,2023-11-26 13:23:22.302000+00:00
9197,10,7,2023-11-26 13:23:22.302000+00:00
9197,81,9,2023-11-26 13:23:22.958000+00:00
9197,44,8,2023-11-26 13:23:22.958000+00:00
9197,81,10,2023-11-26 13:23:23.692000+00:00
9197,31,9,2023-11-26 13:23:23.692000+00:00
9197,81,11,2023-11-26 13:23:24.411000+00:00
9197,18,10,2023-11-26 13:23:24.411000+00:00
9197,27,14,2023-11-26 13:23:25.614000+00:00
9197,77,13,2023-11-26 13:23:25.614000+00:00
9197,81,12,2023-11-26 13:23:26.005000+00:00
9197,55,11,2023-11-26 13:23:26.005000+00:00
9197,23,15,2023-11-26 13:23:28.583000+00:00
9197,24,16,2023-11-26 13:23:28.583000+00:00
9197,81,13,2023-11-26 13:23:30.989000+00:00
9197,77,12,2023-11-26 13:23:30.989000+00:00
9197,81,14,2023-11-26 13:23:33.770000+00:00
9197,27,15,2023-11-26 13:23:33.770000+00:00
9197,23,13,2023-11-26 13:23:33.770000+00:00
9197,81,15,2023-11-26 13:23:35.442000+00:00
9197,27,16,2023-11-26 13:23:35.442000+00:00
9197,24,17,2023-11-26 13:23:35.442000+00:00
9197,2,14,2023-11-26 13:23:35.442000+00:00
9197,14,16,2023-11-26 13:23:40.520000+00:00
9197,27,17,2023-11-26 13:23:40.520000+00:00
9197,24,18,2023-11-26 13:23:40.520000+00:00
9197,27,18,2023-11-26 13:23:43.005000+00:00
9197,3,17,2023-11-26 13:23:43.005000+00:00
9197,24,19,2023-11-26 13:23:43.005000+00:00
9197,20,19,2023-11-26 13:23:48.505000+00:00
9197,24,20,2023-11-26 13:23:48.505000+00:00
9197,27,19,2023-11-26 13:23:56.942000+00:00
9197,20,18,2023-11-26 13:23:56.942000+00:00
9197,63,5,2023-11-26 13:24:49.863000+00:00
9197,4,4,2023-11-26 13:24:49.863000+00:00
9197,22,3,2023-11-26 13:24:49.863000+00:00
9197,63,6,2023-11-26 13:24:52.363000+00:00
9197,4,5,2023-11-26 13:24:52.363000+00:00
9197,11,4,2023-11-26 13:24:52.363000+00:00
9197,63,7,2023-11-26 13:24:53.769000+00:00
9197,4,6,2023-11-26 13:24:53.769000+00:00
9197,10,5,2023-11-26 13:24:53.769000+00:00
9197,63,8,2023-11-26 13:24:54.348000+00:00
9197,4,7,2023-11-26 13:24:54.348000+00:00
9197,44,6,2023-11-26 13:24:54.348000+00:00
9197,63,9,2023-11-26 13:24:55.332000+00:00
9197,4,8,2023-11-26 13:24:55.332000+00:00
9197,31,7,2023-11-26 13:24:55.332000+00:00
9197,63,10,2023-11-26 13:24:56.082000+00:00
9197,4,9,2023-11-26 13:24:56.082000+00:00
9197,18,8,2023-11-26 13:24:56.082000+00:00
9197,63,11,2023-11-26 13:24:57.410000+00:00
9197,4,10,2023-11-26 13:24:57.410000+00:00
9197,55,9,2023-11-26 13:24:57.410000+00:00
9197,63,12,2023-11-26 13:25:02.441000+00:00
9197,4,11,2023-11-26 13:25:02.441000+00:00
9197,77,10,2023-11-26 13:25:02.441000+00:00
9197,63,11,2023-11-26 13:25:04.441000+00:00
9197,4,12,2023-11-26 13:25:04.441000+00:00
9197,63,12,2023-11-26 13:25:13.910000+00:00
9197,4,13,2023-11-26 13:25:13.910000+00:00
9197,23,11,2023-11-26 13:25:13.910000+00:00
9197,63,13,2023-11-26 13:25:15.800000+00:00
9197,4,14,2023-11-26 13:25:15.800000+00:00
9197,2,12,2023-11-26 13:25:15.800000+00:00
9197,63,12,2023-11-26 13:26:20.034000+00:00
9197,2,13,2023-11-26 13:26:20.034000+00:00
9197,44,7,2023-11-26 13:26:22.268000+00:00
9197,31,8,2023-11-26 13:26:22.268000+00:00
9197,18,6,2023-11-26 13:26:22.268000+00:00
9197,44,8,2023-11-26 13:26:29.003000+00:00
9197,31,9,2023-11-26 13:26:29.003000+00:00
9197,55,7,2023-11-26 13:26:29.003000+00:00
9197,4,13,2023-11-26 13:26:31.362000+00:00
9197,2,14,2023-11-26 13:26:31.362000+00:00
9197,44,9,2023-11-26 13:26:33.925000+00:00
9197,31,10,2023-11-26 13:26:33.925000+00:00
9197,77,8,2023-11-26 13:26:33.925000+00:00
9197,81,14,2023-11-26 13:26:35.878000+00:00
9197,2,15,2023-11-26 13:26:35.878000+00:00
9197,14,15,2023-11-26 13:26:36.346000+00:00
9197,2,16,2023-11-26 13:26:36.346000+00:00
9197,44,10,2023-11-26 13:26:37.096000+00:00
9197,31,11,2023-11-26 13:26:37.096000+00:00
9197,23,9,2023-11-26 13:26:37.096000+00:00
9197,63,10,2023-11-26 13:26:38.503000+00:00
9197,44,11,2023-11-26 13:26:38.503000+00:00
9197,31,12,2023-11-26 13:26:38.503000+00:00
9197,4,11,2023-11-26 13:26:40.237000+00:00
9197,44,12,2023-11-26 13:26:40.237000+00:00
9197,31,13,2023-11-26 13:26:40.237000+00:00
9197,81,12,2023-11-26 13:26:40.971000+00:00
9197,44,13,2023-11-26 13:26:40.971000+00:00
9197,31,14,2023-11-26 13:26:40.971000+00:00
9197,14,13,2023-11-26 13:26:41.596000+00:00
9197,44,14,2023-11-26 13:26:41.596000+00:00
9197,31,15,2023-11-26 13:26:41.596000+00:00
9197,44,15,2023-11-26 13:26:43.940000+00:00
9197,31,16,2023-11-26 13:26:43.940000+00:00
9197,3,14,2023-11-26 13:26:43.940000+00:00
9197,2,17,2023-11-26 13:26:43.940000+00:00
9197,20,17,2023-11-26 13:26:50.799000+00:00
9197,2,18,2023-11-26 13:26:50.799000+00:00
9197,27,18,2023-11-26 13:26:52.706000+00:00
9197,2,19,2023-11-26 13:26:52.706000+00:00
9197,24,19,2023-11-26 13:26:57.752000+00:00
9197,2,20,2023-11-26 13:26:57.752000+00:00
9197,63,9,2023-11-26 13:27:32.752000+00:00
9197,23,10,2023-11-26 13:27:32.752000+00:00
9197,1,2,2023-11-26 13:27:43.783000+00:00
9197,16,1,2023-11-26 13:27:43.783000+00:00
9197,1,3,2023-11-26 13:27:51.861000+00:00
9197,22,2,2023-11-26 13:27:51.861000+00:00
9197,1,4,2023-11-26 13:27:54.877000+00:00
9197,11,3,2023-11-26 13:27:54.877000+00:00
9197,1,5,2023-11-26 13:27:58.002000+00:00
9197,10,4,2023-11-26 13:27:58.002000+00:00
9197,1,6,2023-11-26 13:27:58.799000+00:00
9197,18,5,2023-11-26 13:27:58.799000+00:00
9197,4,10,2023-11-26 13:28:04.830000+00:00
9197,23,11,2023-11-26 13:28:04.830000+00:00
9197,81,11,2023-11-26 13:28:06.189000+00:00
9197,23,12,2023-11-26 13:28:06.189000+00:00
9197,1,7,2023-11-26 13:28:08.798000+00:00
9197,55,6,2023-11-26 13:28:08.798000+00:00
9197,14,12,2023-11-26 13:28:11.892000+00:00
9197,23,13,2023-11-26 13:28:11.892000+00:00
9197,23,14,2023-11-26 13:28:14.439000+00:00
9197,3,13,2023-11-26 13:28:14.439000+00:00
9197,44,14,2023-11-26 13:28:18.814000+00:00
9197,23,15,2023-11-26 13:28:18.814000+00:00
9197,31,15,2023-11-26 13:28:19.595000+00:00
9197,23,16,2023-11-26 13:28:19.595000+00:00
9197,23,17,2023-11-26 13:28:22.720000+00:00
9197,20,16,2023-11-26 13:28:22.720000+00:00
9197,27,17,2023-11-26 13:28:23.298000+00:00
9197,23,18,2023-11-26 13:28:23.298000+00:00
9197,10,5,2023-11-26 13:28:31.158000+00:00
9197,18,4,2023-11-26 13:28:31.158000+00:00
9197,23,19,2023-11-26 13:28:36.923000+00:00
9197,24,18,2023-11-26 13:28:36.923000+00:00
9197,27,16,2023-11-26 13:28:52.642000+00:00
9197,20,17,2023-11-26 13:28:52.642000+00:00
9197,16,2,2023-11-26 13:29:23.219000+00:00
9197,22,1,2023-11-26 13:29:23.219000+00:00
9197,10,6,2023-11-26 13:29:26.704000+00:00
9197,55,5,2023-11-26 13:29:26.704000+00:00
9197,16,3,2023-11-26 13:29:29.204000+00:00
9197,11,4,2023-11-26 13:29:29.204000+00:00
9197,18,2,2023-11-26 13:29:29.204000+00:00
9197,11,5,2023-11-26 13:29:31.876000+00:00
9197,55,4,2023-11-26 13:29:31.876000+00:00
9197,1,5,2023-11-26 13:29:33.501000+00:00
9197,11,6,2023-11-26 13:29:33.501000+00:00
9197,10,7,2023-11-26 13:29:33.501000+00:00
9197,11,7,2023-11-26 13:29:37.079000+00:00
9197,10,8,2023-11-26 13:29:37.079000+00:00
9197,77,6,2023-11-26 13:29:37.079000+00:00
9197,63,7,2023-11-26 13:29:38.079000+00:00
9197,11,8,2023-11-26 13:29:38.079000+00:00
9197,10,9,2023-11-26 13:29:38.079000+00:00
9197,4,8,2023-11-26 13:29:40.079000+00:00
9197,11,9,2023-11-26 13:29:40.079000+00:00
9197,10,10,2023-11-26 13:29:40.079000+00:00
9197,16,4,2023-11-26 13:29:40.407000+00:00
9197,55,3,2023-11-26 13:29:40.407000+00:00
9197,81,9,2023-11-26 13:29:41.172000+00:00
9197,11,10,2023-11-26 13:29:41.172000+00:00
9197,10,11,2023-11-26 13:29:41.172000+00:00
9197,1,4,2023-11-26 13:29:41.766000+00:00
9197,16,5,2023-11-26 13:29:41.766000+00:00
9197,14,10,2023-11-26 13:29:42.079000+00:00
9197,11,11,2023-11-26 13:29:42.079000+00:00
9197,10,12,2023-11-26 13:29:42.079000+00:00
9197,10,13,2023-11-26 13:29:44.891000+00:00
9197,3,12,2023-11-26 13:29:44.891000+00:00
9197,10,14,2023-11-26 13:29:48.891000+00:00
9197,44,13,2023-11-26 13:29:48.891000+00:00
9197,11,12,2023-11-26 13:29:53.360000+00:00
9197,3,11,2023-11-26 13:29:53.360000+00:00
9197,10,15,2023-11-26 13:29:58.032000+00:00
9197,31,14,2023-11-26 13:29:58.032000+00:00
9197,27,15,2023-11-26 13:30:01.907000+00:00
9197,10,16,2023-11-26 13:30:01.907000+00:00
9197,63,6,2023-11-26 13:30:18.828000+00:00
9197,77,7,2023-11-26 13:30:18.828000+00:00
9197,27,16,2023-11-26 13:30:35.266000+00:00
9197,10,15,2023-11-26 13:30:35.266000+00:00
9197,1,3,2023-11-26 13:31:35.702000+00:00
9197,55,4,2023-11-26 13:31:35.702000+00:00
9197,4,7,2023-11-26 13:31:42.327000+00:00
9197,77,8,2023-11-26 13:31:42.327000+00:00
9197,81,8,2023-11-26 13:33:11.295000+00:00
9197,77,9,2023-11-26 13:33:11.295000+00:00
9197,11,11,2023-11-26 13:33:18.623000+00:00
9197,3,12,2023-11-26 13:33:18.623000+00:00
9197,14,9,2023-11-26 13:33:37.435000+00:00
9197,77,10,2023-11-26 13:33:37.435000+00:00
9197,16,4,2023-11-26 13:34:38.372000+00:00
9197,55,5,2023-11-26 13:34:38.372000+00:00
9197,11,10,2023-11-26 13:34:47.700000+00:00
9197,77,11,2023-11-26 13:34:47.700000+00:00
9197,1,2,2023-11-26 13:34:56.669000+00:00
9197,18,3,2023-11-26 13:34:56.669000+00:00
9197,63,5,2023-11-26 13:36:07.246000+00:00
9197,55,6,2023-11-26 13:36:07.246000+00:00
9197,3,11,2023-11-26 13:36:29.246000+00:00
9197,77,12,2023-11-26 13:36:29.246000+00:00
9197,3,12,2023-11-26 13:36:39.371000+00:00
9197,77,11,2023-11-26 13:36:39.371000+00:00
9197,3,11,2023-11-26 13:36:46.699000+00:00
9197,77,12,2023-11-26 13:36:46.699000+00:00
9197,20,18,2023-11-26 13:36:55.011000+00:00
9197,24,17,2023-11-26 13:36:55.011000+00:00
9197,16,3,2023-11-26 13:37:00.667000+00:00
9197,18,4,2023-11-26 13:37:00.667000+00:00
9197,1,1,2023-11-26 13:37:01.261000+00:00
9197,22,2,2023-11-26 13:37:01.261000+00:00
9197,16,2,2023-11-26 13:37:05.792000+00:00
9197,22,3,2023-11-26 13:37:05.792000+00:00
9197,63,3,2023-11-26 13:37:07.964000+00:00
9197,22,4,2023-11-26 13:37:07.964000+00:00
9197,18,5,2023-11-26 13:37:07.964000+00:00
9197,22,5,2023-11-26 13:37:09.542000+00:00
9197,18,6,2023-11-26 13:37:09.542000+00:00
9197,55,4,2023-11-26 13:37:09.542000+00:00
9197,4,5,2023-11-26 13:37:09.933000+00:00
9197,22,6,2023-11-26 13:37:09.933000+00:00
9197,18,7,2023-11-26 13:37:09.933000+00:00
9197,81,6,2023-11-26 13:37:12.574000+00:00
9197,22,7,2023-11-26 13:37:12.574000+00:00
9197,18,8,2023-11-26 13:37:12.574000+00:00
9197,22,8,2023-11-26 13:37:13.402000+00:00
9197,14,7,2023-11-26 13:37:13.402000+00:00
9197,18,9,2023-11-26 13:37:13.402000+00:00
9197,22,9,2023-11-26 13:37:14.308000+00:00
9197,11,8,2023-11-26 13:37:14.308000+00:00
9197,18,10,2023-11-26 13:37:14.308000+00:00
9197,18,11,2023-11-26 13:37:18.620000+00:00
9197,3,10,2023-11-26 13:37:18.620000+00:00
9197,18,12,2023-11-26 13:37:19.698000+00:00
9197,77,11,2023-11-26 13:37:19.698000+00:00
9197,44,12,2023-11-26 13:37:19.980000+00:00
9197,18,13,2023-11-26 13:37:19.980000+00:00
9197,31,13,2023-11-26 13:37:21.277000+00:00
9197,18,14,2023-11-26 13:37:21.277000+00:00
9197,22,10,2023-11-26 13:37:26.964000+00:00
9197,3,9,2023-11-26 13:37:26.964000+00:00
9197,22,11,2023-11-26 13:37:28.355000+00:00
9197,77,10,2023-11-26 13:37:28.355000+00:00
9197,22,12,2023-11-26 13:37:28.651000+00:00
9197,44,11,2023-11-26 13:37:28.651000+00:00
9197,23,18,2023-11-26 13:37:30.870000+00:00
9197,20,19,2023-11-26 13:37:30.870000+00:00
9197,20,20,2023-11-26 13:37:32.105000+00:00
9197,2,19,2023-11-26 13:37:32.105000+00:00
9197,10,14,2023-11-26 13:37:33.323000+00:00
9197,18,15,2023-11-26 13:37:33.323000+00:00
9197,4,4,2023-11-26 13:37:39.261000+00:00
9197,55,5,2023-11-26 13:37:39.261000+00:00
9197,44,10,2023-11-26 13:37:49.511000+00:00
9197,77,11,2023-11-26 13:37:49.511000+00:00
9197,22,11,2023-11-26 13:38:12.042000+00:00
9197,77,12,2023-11-26 13:38:12.042000+00:00
9197,10,15,2023-11-26 13:38:16.401000+00:00
9197,18,14,2023-11-26 13:38:16.401000+00:00
9197,81,5,2023-11-26 13:38:37.635000+00:00
9197,55,6,2023-11-26 13:38:37.635000+00:00
9197,14,6,2023-11-26 13:38:43.510000+00:00
9197,55,7,2023-11-26 13:38:43.510000+00:00
9197,11,7,2023-11-26 13:38:44.291000+00:00
9197,55,8,2023-11-26 13:38:44.291000+00:00
9197,3,8,2023-11-26 13:38:49.057000+00:00
9197,55,9,2023-11-26 13:38:49.057000+00:00
9197,44,9,2023-11-26 13:38:50.197000+00:00
9197,55,10,2023-11-26 13:38:50.197000+00:00
9197,22,10,2023-11-26 13:38:51.182000+00:00
9197,55,11,2023-11-26 13:38:51.182000+00:00
9197,55,12,2023-11-26 13:38:52.604000+00:00
9197,77,11,2023-11-26 13:38:52.604000+00:00
9197,31,12,2023-11-26 13:38:53.150000+00:00
9197,55,13,2023-11-26 13:38:53.150000+00:00
9197,18,13,2023-11-26 13:38:55.104000+00:00
9197,55,14,2023-11-26 13:38:55.104000+00:00
9197,10,14,2023-11-26 13:38:56.135000+00:00
9197,55,15,2023-11-26 13:38:56.135000+00:00
9197,27,15,2023-11-26 13:39:06.666000+00:00
9197,55,16,2023-11-26 13:39:06.666000+00:00
9197,31,11,2023-11-26 13:39:22.588000+00:00
9197,77,12,2023-11-26 13:39:22.588000+00:00
9197,14,7,2023-11-26 13:40:46.227000+00:00
9197,11,6,2023-11-26 13:40:46.227000+00:00
9197,18,12,2023-11-26 13:40:54.774000+00:00
9197,77,13,2023-11-26 13:40:54.774000+00:00
9197,44,8,2023-11-26 13:41:00.821000+00:00
9197,3,9,2023-11-26 13:41:00.821000+00:00
9197,10,13,2023-11-26 13:42:39.132000+00:00
9197,77,14,2023-11-26 13:42:39.132000+00:00
9197,22,9,2023-11-26 13:42:42.429000+00:00
9197,3,10,2023-11-26 13:42:42.429000+00:00
9197,31,12,2023-11-26 13:42:45.476000+00:00
9197,18,11,2023-11-26 13:42:45.476000+00:00
9197,23,17,2023-11-26 13:43:01.898000+00:00
9197,24,18,2023-11-26 13:43:01.898000+00:00
9197,27,16,2023-11-26 13:44:13.303000+00:00
9197,55,15,2023-11-26 13:44:13.303000+00:00
9197,81,6,2023-11-26 13:45:23.349000+00:00
9197,11,5,2023-11-26 13:45:23.349000+00:00
9197,55,14,2023-11-26 13:45:35.083000+00:00
9197,77,15,2023-11-26 13:45:35.083000+00:00
9197,18,10,2023-11-26 13:46:56.473000+00:00
9197,3,11,2023-11-26 13:46:56.473000+00:00
9197,27,15,2023-11-26 13:48:01.816000+00:00
9197,77,16,2023-11-26 13:48:01.816000+00:00
9197,23,16,2023-11-26 13:48:09.425000+00:00
9197,77,17,2023-11-26 13:48:09.425000+00:00
9197,77,18,2023-11-26 13:48:10.363000+00:00
9197,24,17,2023-11-26 13:48:10.363000+00:00
9197,77,19,2023-11-26 13:48:11.894000+00:00
9197,2,18,2023-11-26 13:48:11.894000+00:00
9197,31,11,2023-11-26 13:50:52.267000+00:00
9197,3,12,2023-11-26 13:50:52.267000+00:00
9197,10,12,2023-11-26 13:51:00.252000+00:00
9197,3,13,2023-11-26 13:51:00.252000+00:00
9197,3,14,2023-11-26 13:51:01.486000+00:00
9197,55,13,2023-11-26 13:51:01.486000+00:00
9197,27,14,2023-11-26 13:51:08.314000+00:00
9197,3,15,2023-11-26 13:51:08.314000+00:00
9197,23,15,2023-11-26 13:51:10.517000+00:00
9197,3,16,2023-11-26 13:51:10.517000+00:00
9197,3,17,2023-11-26 13:51:12.251000+00:00
9197,24,16,2023-11-26 13:51:12.251000+00:00
9197,3,18,2023-11-26 13:51:13.158000+00:00
9197,2,17,2023-11-26 13:51:13.158000+00:00
9197,10,13,2023-11-26 13:52:26.266000+00:00
9197,55,12,2023-11-26 13:52:26.266000+00:00
9197,27,13,2023-11-26 13:52:39.063000+00:00
9197,10,14,2023-11-26 13:52:39.063000+00:00
9197,10,15,2023-11-26 13:52:40.860000+00:00
9197,23,14,2023-11-26 13:52:40.860000+00:00
9197,10,16,2023-11-26 13:52:43.141000+00:00
9197,24,15,2023-11-26 13:52:43.141000+00:00
9197,10,17,2023-11-26 13:52:44.344000+00:00
9197,2,16,2023-11-26 13:52:44.344000+00:00
9197,10,18,2023-11-26 13:52:48.344000+00:00
9197,3,17,2023-11-26 13:52:48.344000+00:00
9197,4,5,2023-11-26 13:53:38.859000+00:00
9197,11,4,2023-11-26 13:53:38.859000+00:00
9197,81,5,2023-11-26 13:53:43.718000+00:00
9197,4,6,2023-11-26 13:53:43.718000+00:00
9197,4,7,2023-11-26 13:53:46.203000+00:00
9197,14,6,2023-11-26 13:53:46.203000+00:00
9197,4,8,2023-11-26 13:53:48.046000+00:00
9197,44,7,2023-11-26 13:53:48.046000+00:00
9197,4,9,2023-11-26 13:53:50.203000+00:00
9197,22,8,2023-11-26 13:53:50.203000+00:00
9197,4,10,2023-11-26 13:54:01.828000+00:00
9197,18,9,2023-11-26 13:54:01.828000+00:00
9197,27,14,2023-11-26 13:54:06.265000+00:00
9197,23,13,2023-11-26 13:54:06.265000+00:00
9197,27,15,2023-11-26 13:54:13.984000+00:00
9197,24,14,2023-11-26 13:54:13.984000+00:00
9197,27,16,2023-11-26 13:54:15.171000+00:00
9197,2,15,2023-11-26 13:54:15.171000+00:00
9197,27,17,2023-11-26 13:54:17.702000+00:00
9197,3,16,2023-11-26 13:54:17.702000+00:00
9197,27,18,2023-11-26 13:54:24.124000+00:00
9197,10,17,2023-11-26 13:54:24.124000+00:00
9197,63,4,2023-11-26 13:55:08.061000+00:00
9197,11,3,2023-11-26 13:55:08.061000+00:00
9197,81,4,2023-11-26 13:55:13.624000+00:00
9197,63,5,2023-11-26 13:55:13.624000+00:00
9197,63,6,2023-11-26 13:55:15.889000+00:00
9197,14,5,2023-11-26 13:55:15.889000+00:00
9197,63,7,2023-11-26 13:55:17.811000+00:00
9197,44,6,2023-11-26 13:55:17.811000+00:00
9197,63,8,2023-11-26 13:55:20.155000+00:00
9197,22,7,2023-11-26 13:55:20.155000+00:00
9197,63,9,2023-11-26 13:55:31.717000+00:00
9197,18,8,2023-11-26 13:55:31.717000+00:00
9197,16,3,2023-11-26 13:56:37.357000+00:00
9197,11,2,2023-11-26 13:56:37.357000+00:00
9197,16,4,2023-11-26 13:56:43.419000+00:00
9197,81,3,2023-11-26 13:56:43.419000+00:00
9197,16,5,2023-11-26 13:56:45.841000+00:00
9197,14,4,2023-11-26 13:56:45.841000+00:00
9197,22,6,2023-11-26 13:56:49.904000+00:00
9197,44,7,2023-11-26 13:56:49.904000+00:00
9197,44,8,2023-11-26 13:56:53.404000+00:00
9197,18,7,2023-11-26 13:56:53.404000+00:00
9197,63,8,2023-11-26 13:56:53.544000+00:00
9197,44,9,2023-11-26 13:56:53.544000+00:00
9197,4,9,2023-11-26 13:56:54.435000+00:00
9197,44,10,2023-11-26 13:56:54.435000+00:00
9197,16,6,2023-11-26 13:56:58.154000+00:00
9197,22,5,2023-11-26 13:56:58.154000+00:00
9197,44,11,2023-11-26 13:56:58.294000+00:00
9197,31,10,2023-11-26 13:56:58.294000+00:00
9197,44,12,2023-11-26 13:57:00.263000+00:00
9197,55,11,2023-11-26 13:57:00.263000+00:00
9197,63,7,2023-11-26 13:57:22.435000+00:00
9197,18,8,2023-11-26 13:57:22.435000+00:00
9197,81,4,2023-11-26 13:58:19.543000+00:00
9197,22,3,2023-11-26 13:58:19.543000+00:00
9197,14,5,2023-11-26 13:58:19.543000+00:00
9197,16,4,2023-11-26 13:58:21.059000+00:00
9197,81,5,2023-11-26 13:58:21.059000+00:00
9197,14,6,2023-11-26 13:58:21.059000+00:00
9197,81,6,2023-11-26 13:58:22.215000+00:00
9197,63,5,2023-11-26 13:58:22.215000+00:00
9197,14,7,2023-11-26 13:58:22.215000+00:00
9197,81,7,2023-11-26 13:58:24.075000+00:00
9197,14,8,2023-11-26 13:58:24.075000+00:00
9197,18,6,2023-11-26 13:58:24.075000+00:00
9197,81,8,2023-11-26 13:58:24.434000+00:00
9197,4,7,2023-11-26 13:58:24.434000+00:00
9197,14,9,2023-11-26 13:58:24.434000+00:00
9197,81,9,2023-11-26 13:58:28.965000+00:00
9197,14,10,2023-11-26 13:58:28.965000+00:00
9197,31,8,2023-11-26 13:58:28.965000+00:00
9197,14,11,2023-11-26 13:58:30.528000+00:00
9197,55,10,2023-11-26 13:58:30.528000+00:00
9197,81,10,2023-11-26 13:58:38.762000+00:00
9197,55,9,2023-11-26 13:58:38.762000+00:00
9197,4,6,2023-11-26 13:58:56.262000+00:00
9197,18,7,2023-11-26 13:58:56.262000+00:00
9197,14,12,2023-11-26 13:59:10.574000+00:00
9197,44,11,2023-11-26 13:59:10.574000+00:00
9197,3,15,2023-11-26 13:59:20.105000+00:00
9197,2,16,2023-11-26 13:59:20.105000+00:00
9197,3,16,2023-11-26 13:59:36.714000+00:00
9197,2,15,2023-11-26 13:59:36.714000+00:00
9197,24,15,2023-11-26 14:00:13.995000+00:00
9197,2,14,2023-11-26 14:00:13.995000+00:00
9197,3,15,2023-11-26 14:00:19.604000+00:00
9197,24,16,2023-11-26 14:00:19.604000+00:00
9197,10,16,2023-11-26 14:00:21.667000+00:00
9197,24,17,2023-11-26 14:00:21.667000+00:00
9197,16,3,2023-11-26 14:00:21.823000+00:00
9197,22,4,2023-11-26 14:00:21.823000+00:00
9197,27,17,2023-11-26 14:00:31.604000+00:00
9197,24,18,2023-11-26 14:00:31.604000+00:00
9197,77,18,2023-11-26 14:00:34.792000+00:00
9197,24,19,2023-11-26 14:00:34.792000+00:00
9197,20,19,2023-11-26 14:00:45.432000+00:00
9197,24,20,2023-11-26 14:00:45.432000+00:00
9197,14,11,2023-11-26 14:00:48.729000+00:00
9197,44,12,2023-11-26 14:00:48.729000+00:00
9197,63,4,2023-11-26 14:01:52.525000+00:00
9197,22,5,2023-11-26 14:01:52.525000+00:00
9197,81,8,2023-11-26 14:02:11.088000+00:00
9197,31,9,2023-11-26 14:02:11.088000+00:00
9197,55,10,2023-11-26 14:02:11.088000+00:00
9197,31,10,2023-11-26 14:02:11.634000+00:00
9197,55,9,2023-11-26 14:02:11.634000+00:00
9197,3,14,2023-11-26 14:02:49.322000+00:00
9197,2,15,2023-11-26 14:02:49.322000+00:00
9197,10,15,2023-11-26 14:03:22.540000+00:00
9197,2,16,2023-11-26 14:03:22.540000+00:00
9197,20,20,2023-11-26 14:04:29.492000+00:00
9197,24,19,2023-11-26 14:04:29.492000+00:00
9197,4,5,2023-11-26 14:06:22.507000+00:00
9197,22,6,2023-11-26 14:06:22.507000+00:00
9197,27,16,2023-11-26 14:06:31.163000+00:00
9197,2,17,2023-11-26 14:06:31.163000+00:00
9197,77,17,2023-11-26 14:06:35.350000+00:00
9197,2,18,2023-11-26 14:06:35.350000+00:00
9197,24,18,2023-11-26 14:06:37.413000+00:00
9197,2,19,2023-11-26 14:06:37.413000+00:00
9197,20,19,2023-11-26 14:06:39.741000+00:00
9197,2,20,2023-11-26 14:06:39.741000+00:00
9197,14,10,2023-11-26 14:06:53.475000+00:00
9197,31,11,2023-11-26 14:06:53.475000+00:00
9197,16,2,2023-11-26 14:07:12.865000+00:00
9197,11,3,2023-11-26 14:07:12.865000+00:00
9197,63,3,2023-11-26 14:07:15.631000+00:00
9197,11,4,2023-11-26 14:07:15.631000+00:00
9197,81,7,2023-11-26 14:07:20.709000+00:00
9197,18,8,2023-11-26 14:07:20.709000+00:00
9197,4,4,2023-11-26 14:07:27.303000+00:00
9197,11,5,2023-11-26 14:07:27.303000+00:00
9197,22,5,2023-11-26 14:07:28.803000+00:00
9197,11,6,2023-11-26 14:07:28.803000+00:00
9197,18,9,2023-11-26 14:07:29.225000+00:00
9197,55,8,2023-11-26 14:07:29.225000+00:00
9197,14,9,2023-11-26 14:07:31.553000+00:00
9197,18,10,2023-11-26 14:07:31.553000+00:00
9197,31,10,2023-11-26 14:07:32.975000+00:00
9197,18,11,2023-11-26 14:07:32.975000+00:00
9197,44,11,2023-11-26 14:07:33.490000+00:00
9197,18,12,2023-11-26 14:07:33.490000+00:00
9197,18,13,2023-11-26 14:07:52.146000+00:00
9197,23,12,2023-11-26 14:07:52.146000+00:00
9197,44,10,2023-11-26 14:08:02.349000+00:00
9197,31,11,2023-11-26 14:08:02.349000+00:00
9197,77,18,2023-11-26 14:08:56.817000+00:00
9197,24,17,2023-11-26 14:08:56.817000+00:00
9197,18,12,2023-11-26 14:09:10.317000+00:00
9197,23,13,2023-11-26 14:09:10.317000+00:00
9197,23,14,2023-11-26 14:09:16.942000+00:00
9197,3,13,2023-11-26 14:09:16.942000+00:00
9197,22,6,2023-11-26 14:09:19.255000+00:00
9197,11,5,2023-11-26 14:09:19.255000+00:00
9197,10,14,2023-11-26 14:09:21.036000+00:00
9197,23,15,2023-11-26 14:09:21.036000+00:00
9197,27,15,2023-11-26 14:09:30.239000+00:00
9197,23,16,2023-11-26 14:09:30.239000+00:00
9197,23,17,2023-11-26 14:09:43.176000+00:00
9197,24,16,2023-11-26 14:09:43.176000+00:00
9197,23,16,2023-11-26 14:11:58.690000+00:00
9197,24,17,2023-11-26 14:11:58.690000+00:00
9197,14,8,2023-11-26 14:12:18.846000+00:00
9197,55,9,2023-11-26 14:12:18.846000+00:00
9197,44,9,2023-11-26 14:14:24.564000+00:00
9197,55,10,2023-11-26 14:14:24.564000+00:00
9197,20,20,2023-11-26 14:14:52.344000+00:00
9197,2,19,2023-11-26 14:14:52.344000+00:00
9197,4,5,2023-11-26 14:15:22.453000+00:00
9197,11,4,2023-11-26 14:15:22.453000+00:00
9197,81,6,2023-11-26 14:15:29.453000+00:00
9197,22,7,2023-11-26 14:15:29.453000+00:00
9197,27,16,2023-11-26 14:17:31.296000+00:00
9197,23,15,2023-11-26 14:17:31.296000+00:00
9197,31,12,2023-11-26 14:18:38.076000+00:00
9197,18,11,2023-11-26 14:18:38.076000+00:00
9197,77,19,2023-11-26 14:19:11.638000+00:00
9197,2,18,2023-11-26 14:19:11.638000+00:00
9197,31,13,2023-11-26 14:22:01.808000+00:00
9197,3,12,2023-11-26 14:22:01.808000+00:00
9197,63,4,2023-11-26 14:24:23.525000+00:00
9197,11,3,2023-11-26 14:24:23.525000+00:00
9197,22,8,2023-11-26 14:27:44.023000+00:00
9197,14,7,2023-11-26 14:27:44.023000+00:00
9197,18,10,2023-11-26 14:28:24.991000+00:00
9197,55,11,2023-11-26 14:28:24.991000+00:00
9197,3,11,2023-11-26 14:28:31.679000+00:00
9197,55,12,2023-11-26 14:28:31.679000+00:00
9197,31,12,2023-11-26 14:28:38.788000+00:00
9197,55,13,2023-11-26 14:28:38.788000+00:00
9197,10,13,2023-11-26 14:28:44.772000+00:00
9197,55,14,2023-11-26 14:28:44.772000+00:00
9197,23,14,2023-11-26 14:28:57.475000+00:00
9197,55,15,2023-11-26 14:28:57.475000+00:00
9197,16,3,2023-11-26 14:29:36.834000+00:00
9197,11,2,2023-11-26 14:29:36.834000+00:00
9197,24,18,2023-11-26 14:29:52.928000+00:00
9197,2,17,2023-11-26 14:29:52.928000+00:00
9197,27,15,2023-11-26 14:30:28.068000+00:00
9197,55,16,2023-11-26 14:30:28.068000+00:00
9197,55,17,2023-11-26 14:30:31.865000+00:00
9197,2,16,2023-11-26 14:30:31.865000+00:00
9197,55,18,2023-11-26 14:30:32.709000+00:00
9197,24,17,2023-11-26 14:30:32.709000+00:00
9197,22,9,2023-11-26 14:30:41.412000+00:00
9197,44,8,2023-11-26 14:30:41.412000+00:00
9197,22,8,2023-11-26 14:30:45.240000+00:00
9197,44,9,2023-11-26 14:30:45.240000+00:00
9197,27,16,2023-11-26 14:30:50.443000+00:00
9197,55,15,2023-11-26 14:30:50.443000+00:00
9197,24,18,2023-11-26 14:30:50.443000+00:00
9197,2,17,2023-11-26 14:30:50.443000+00:00
9197,16,2,2023-11-26 14:31:50.255000+00:00
9197,63,3,2023-11-26 14:31:50.255000+00:00
9197,11,4,2023-11-26 14:31:50.255000+00:00
9197,27,15,2023-11-26 14:31:52.208000+00:00
9197,55,16,2023-11-26 14:31:52.208000+00:00
9197,55,17,2023-11-26 14:31:56.301000+00:00
9197,2,16,2023-11-26 14:31:56.301000+00:00
9197,55,18,2023-11-26 14:31:57.926000+00:00
9197,24,17,2023-11-26 14:31:57.926000+00:00
