session_key,driver_number,position,number_of_laps,duration,gap_to_leader,gap_to_leader_raw,dnf,dns,dsq
9222,1,1,157,92.837,0.0,0,False,False,False
9222,14,2,60,92.866,0.029,0.029,False,False,False
9222,55,3,72,93.253,0.416,0.416,False,False,False
9222,16,4,64,93.267,0.43,0.43,False,False,False
9222,4,5,40,93.462,0.625,0.625,False,False,False
9222,44,6,83,93.508,0.671,0.671,False,False,False
9222,23,7,74,93.671,0.834,0.834,False,False,False
9222,24,8,67,93.723,0.886,0.886,False,False,False
9222,63,9,69,94.174,1.337,1.337,False,False,False
9222,2,10,75,94.324,1.487,1.487,False,False,False
9222,27,11,51,94.424,1.587,1.587,False,False,False
9222,77,12,71,94.558,1.721,1.721,False,False,False
9222,21,13,85,94.559,1.722,1.722,False,False,False
9222,34,14,40,94.564,1.727,1.727,False,False,False
9222,22,15,46,94.671,1.834,1.834,False,False,False
9222,10,16,60,94.822,1.985,1.985,False,False,False
9222,31,17,53,94.871,2.034,2.034,False,False,False
9222,81,18,52,94.888,2.051,2.051,False,False,False
9222,20,19,57,95.087,2.25,2.25,False,False,False
7763,24,1,133,91.61,0.0,0,False,False,False
7763,1,2,47,91.65,0.04,0.04,False,False,False
7763,14,3,130,92.205,0.595,0.595,False,False,False
7763,21,4,74,92.222,0.612,0.612,False,False,False
7763,27,5,68,92.466,0.856,0.856,False,False,False
7763,55,6,70,92.486,0.876,0.876,False,False,False
7763,2,7,154,92.549,0.939,0.939,False,False,False
7763,16,8,68,92.725,1.115,1.115,False,False,False
7763,81,9,74,93.175,1.565,1.565,False,False,False
7763,10,10,59,93.186,1.576,1.576,False,False,False
7763,20,11,67,93.442,1.832,1.832,False,False,False
7763,31,12,49,93.49,1.88,1.88,False,False,False
7763,63,13,26,93.654,2.044,2.044,False,False,False
7763,11,14,76,93.751,2.141,2.141,False,False,False
7763,44,15,72,93.954,2.344,2.344,False,False,False
7763,4,16,65,95.522,3.912,3.912,False,False,False
7763,22,17,85,95.708,4.098,4.098,False,False,False
7764,11,1,133,90.305,0.0,0,False,False,False
7764,44,2,65,90.664,0.359,0.359,False,False,False
7764,77,3,131,90.827,0.522,0.522,False,False,False
7764,16,4,67,91.024,0.719,0.719,False,False,False
7764,55,5,76,91.036,0.731,0.731,False,False,False
7764,22,6,79,91.261,0.956,0.956,False,False,False
7764,20,7,95,91.381,1.076,1.076,False,False,False
7764,63,8,83,91.442,1.137,1.137,False,False,False
7764,14,9,80,91.45,1.145,1.145,False,False,False
7764,34,10,77,92.075,1.77,1.77,False,False,False
7764,4,11,37,92.16,1.855,1.855,False,False,False
7764,10,12,56,92.762,2.457,2.457,False,False,False
7764,23,13,136,92.793,2.488,2.488,False,False,False
7764,31,14,76,93.257,2.952,2.952,False,False,False
7764,27,15,77,93.329,3.024,3.024,False,False,False
7764,81,16,44,93.655,3.35,3.35,False,False,False
7764,21,17,87,98.244,7.939,7.939,False,False,False
7765,11,1,21,92.758,0.0,0,False,False,False
7765,14,2,22,93.196,0.438,0.438,False,False,False
7765,1,3,21,93.375,0.617,0.617,False,False,False
7765,4,4,21,94.165,1.407,1.407,False,False,False
7765,16,5,17,94.257,1.499,1.499,False,False,False
7765,18,6,17,94.298,1.54,1.54,False,False,False
7765,20,7,20,94.402,1.644,1.644,False,False,False
7765,24,8,18,94.575,1.817,1.817,False,False,False
7765,77,9,20,94.689,1.931,1.931,False,False,False
7765,44,10,13,94.917,2.159,2.159,False,False,False
7765,63,11,20,94.966,2.208,2.208,False,False,False
7765,81,12,24,94.997,2.239,2.239,False,False,False
7765,22,13,20,95.015,2.257,2.257,False,False,False
7765,27,14,22,95.043,2.285,2.285,False,False,False
7765,31,15,20,95.105,2.347,2.347,False,False,False
7765,21,16,25,95.402,2.644,2.644,False,False,False
7765,10,17,22,95.455,2.697,2.697,False,False,False
7765,2,18,24,95.749,2.991,2.991,False,False,False
7765,23,19,15,96.018,3.26,3.26,False,False,False
7765,55,20,21,96.072,3.314,3.314,False,False,False
7766,14,1,25,90.907,0.0,0,False,False,False
7766,1,2,24,91.076,0.169,0.169,False,False,False
7766,11,3,26,91.078,0.171,0.171,False,False,False
7766,16,4,26,91.367,0.46,0.46,False,False,False
7766,27,5,25,91.376,0.469,0.469,False,False,False
7766,18,6,28,91.45,0.543,0.543,False,False,False
7766,10,7,24,91.475,0.568,0.568,False,False,False
7766,44,8,27,91.543,0.636,0.636,False,False,False
7766,4,9,27,91.57,0.663,0.663,False,False,False
7766,24,10,27,91.586,0.679,0.679,False,False,False
7766,31,11,25,91.608,0.701,0.701,False,False,False
7766,77,12,28,91.793,0.886,0.886,False,False,False
7766,63,13,25,91.882,0.975,0.975,False,False,False
7766,55,14,28,91.956,1.049,1.049,False,False,False
7766,81,15,27,92.024,1.117,1.117,False,False,False
7766,20,16,18,92.11,1.203,1.203,False,False,False
7766,23,17,28,92.44,1.533,1.533,False,False,False
7766,22,18,27,92.525,1.618,1.618,False,False,False
7766,21,19,28,92.605,1.698,1.698,False,False,False
7766,2,20,29,92.749,1.842,1.842,False,False,False
7767,14,1,13,92.34,0.0,0,False,False,False
7767,1,2,13,92.345,0.005,0.005,False,False,False
7767,11,3,12,92.446,0.106,0.106,False,False,False
7767,44,4,17,92.555,0.215,0.215,False,False,False
7767,16,5,21,92.624,0.284,0.284,False,False,False
7767,63,6,17,92.731,0.391,0.391,False,False,False
7767,18,7,16,92.919,0.579,0.579,False,False,False
7767,55,8,21,92.945,0.605,0.605,False,False,False
7767,81,9,12,93.045,0.705,0.705,False,False,False
7767,10,10,13,93.064,0.724,0.724,False,False,False
7767,31,11,16,93.116,0.776,0.776,False,False,False
7767,24,12,13,93.18,0.84,0.84,False,False,False
7767,4,13,16,93.202,0.862,0.862,False,False,False
7767,20,14,21,93.381,1.041,1.041,False,False,False
7767,27,15,23,93.423,1.083,1.083,False,False,False
7767,22,16,15,93.475,1.135,1.135,False,False,False
7767,77,17,14,93.629,1.289,1.289,False,False,False
7767,2,18,15,93.665,1.325,1.325,False,False,False
7767,23,19,15,93.882,1.542,1.542,False,False,False
7767,21,20,18,94.082,1.742,1.742,False,False,False
7768,1,1,15,,0.0,0.0,False,False,False
7768,11,2,15,,0.138,0.138,False,False,False
7768,16,3,17,,0.292,0.292,False,False,False
7768,55,4,18,,0.446,0.446,False,False,False
7768,14,5,15,,0.628,0.628,False,False,False
7768,63,6,15,,0.632,0.632,False,False,False
7768,44,7,15,,0.676,0.676,False,False,False
7768,18,8,18,,1.128,1.128,False,False,False
7768,31,9,15,,1.276,1.276,False,False,False
7768,27,10,17,,0.527,0.527,True,False,False
7768,4,11,13,,1.099,1.099,False,False,False
7768,77,12,12,,1.161,1.161,False,False,False
7768,24,13,12,,1.191,1.191,False,False,False
7768,22,14,15,,2.228,2.228,False,False,False
7768,23,15,8,,0.468,0.468,True,False,False
7768,2,16,6,,0.659,0.659,False,False,False
7768,20,17,6,,0.899,0.899,False,False,False
7768,81,18,7,,1.108,1.108,False,False,False
7768,21,19,9,,1.128,1.128,False,False,False
7768,10,20,6,,1.188,1.188,False,False,False
7953,1,1,57,5636.736,0.0,0,False,False,False
7953,11,2,57,5648.723,11.987,11.987,False,False,False
7953,14,3,57,5675.373,38.637,38.637,False,False,False
7953,55,4,57,5684.788,48.052,48.052,False,False,False
7953,44,5,57,5687.713,50.977,50.977,False,False,False
7953,18,6,57,5691.238,54.502,54.502,False,False,False
7953,63,7,57,5692.609,55.873,55.873,False,False,False
7953,77,8,57,5709.383,72.647,72.647,False,False,False
7953,10,9,57,5710.489,73.753,73.753,False,False,False
7953,23,10,57,5726.51,89.774,89.774,False,False,False
7953,22,11,57,5727.606,90.87,90.87,False,False,False
7953,2,12,56,,,+1 LAP,False,False,False
7953,20,13,56,,,+1 LAP,False,False,False
7953,21,14,56,,,+1 LAP,False,False,False
7953,27,15,56,,,+1 LAP,False,False,False
7953,24,16,56,,,+1 LAP,False,False,False
7953,4,17,55,,,+2 LAPS,False,False,False
7953,31,,41,,,,True,False,False
7953,16,,39,,,,True,False,False
7953,81,,13,,,,True,False,False
7772,1,1,18,89.617,0.0,0,False,False,False
7772,11,2,20,90.1,0.483,0.483,False,False,False
7772,14,3,22,90.315,0.698,0.698,False,False,False
7772,18,4,20,90.577,0.96,0.96,False,False,False
7772,63,5,26,90.771,1.154,1.154,False,False,False
7772,44,6,26,90.787,1.17,1.17,False,False,False
7772,55,7,23,90.924,1.307,1.307,False,False,False
7772,10,8,24,90.949,1.332,1.332,False,False,False
7772,23,9,23,91.03,1.413,1.413,False,False,False
7772,22,10,25,91.11,1.493,1.493,False,False,False
7772,16,11,26,91.118,1.501,1.501,False,False,False
7772,31,12,22,91.181,1.564,1.564,False,False,False
7772,21,13,29,91.45,1.833,1.833,False,False,False
7772,81,14,24,91.491,1.874,1.874,False,False,False
7772,27,15,22,91.552,1.935,1.935,False,False,False
7772,20,16,23,91.566,1.949,1.949,False,False,False
7772,2,17,26,91.922,2.305,2.305,False,False,False
7772,77,18,25,91.97,2.353,2.353,False,False,False
7772,24,19,22,91.986,2.369,2.369,False,False,False
7772,4,20,21,92.149,2.532,2.532,False,False,False
7773,1,1,29,89.603,0.0,0,False,False,False
7773,14,2,26,89.811,0.208,0.208,False,False,False
7773,11,3,26,89.902,0.299,0.299,False,False,False
7773,31,4,27,90.039,0.436,0.436,False,False,False
7773,63,5,27,90.07,0.467,0.467,False,False,False
7773,10,6,28,90.1,0.497,0.497,False,False,False
7773,18,7,27,90.11,0.507,0.507,False,False,False
7773,27,8,27,90.181,0.578,0.578,False,False,False
7773,16,9,28,90.341,0.738,0.738,False,False,False
7773,55,10,29,90.592,0.989,0.989,False,False,False
7773,44,11,27,90.599,0.996,0.996,False,False,False
7773,4,12,27,90.721,1.118,1.118,False,False,False
7773,22,13,30,90.776,1.173,1.173,False,False,False
7773,23,14,27,90.81,1.207,1.207,False,False,False
7773,20,15,25,90.82,1.217,1.217,False,False,False
7773,24,16,27,90.837,1.234,1.234,False,False,False
7773,21,17,29,90.921,1.318,1.318,False,False,False
7773,2,18,30,90.959,1.356,1.356,False,False,False
7773,81,19,26,90.964,1.361,1.361,False,False,False
7773,77,20,30,91.052,1.449,1.449,False,False,False
7774,1,1,20,88.485,0.0,0,False,False,False
7774,11,2,15,89.098,0.613,0.613,False,False,False
7774,14,3,21,89.483,0.998,0.998,False,False,False
7774,18,4,21,89.509,1.024,1.024,False,False,False
7774,44,5,18,89.568,1.083,1.083,False,False,False
7774,16,6,16,89.588,1.103,1.103,False,False,False
7774,4,7,18,89.69,1.205,1.205,False,False,False
7774,81,8,23,89.698,1.213,1.213,False,False,False
7774,10,9,19,89.701,1.216,1.216,False,False,False
7774,55,10,16,89.761,1.276,1.276,False,False,False
7774,63,11,19,89.811,1.326,1.326,False,False,False
7774,24,12,21,89.917,1.432,1.432,False,False,False
7774,27,13,19,89.933,1.448,1.448,False,False,False
7774,31,14,19,89.953,1.468,1.468,False,False,False
7774,23,15,18,89.983,1.498,1.498,False,False,False
7774,2,16,18,90.035,1.55,1.55,False,False,False
7774,20,17,15,90.131,1.646,1.646,False,False,False
7774,77,18,20,90.317,1.832,1.832,False,False,False
7774,22,19,20,90.797,2.312,2.312,False,False,False
7775,11,1,18,,0.0,0.0,False,False,False
7775,16,2,19,,0.155,0.155,False,False,False
7775,14,3,18,,0.465,0.465,False,False,False
7775,63,4,21,,0.592,0.592,False,False,False
7775,55,5,24,,0.666,0.666,False,False,False
7775,18,6,20,,0.68,0.68,False,False,False
7775,31,7,24,,0.813,0.813,False,False,False
7775,44,8,21,,0.958,0.958,False,False,False
7775,81,9,23,,0.978,0.978,False,False,False
7775,10,10,23,,1.092,1.092,False,False,False
7775,27,11,18,,0.816,0.816,False,False,False
7775,24,12,18,,0.826,0.826,False,False,False
7775,20,13,17,,0.999,0.999,False,False,False
7775,77,14,18,,1.033,1.033,False,False,False
7775,1,15,6,,21.318,21.318,False,False,False
7775,22,16,10,,1.178,1.178,False,False,False
7775,23,17,9,,1.233,1.233,False,False,False
7775,21,18,10,,1.483,1.483,False,False,False
7775,4,19,4,,1.686,1.686,False,False,False
7775,2,,8,,39.749,39.749,False,False,False
7779,11,1,50,4874.894,0.0,0,False,False,False
7779,1,2,50,4880.249,5.355,5.355,False,False,False
7779,14,3,50,4895.622,20.728,20.728,False,False,False
7779,63,4,50,4900.76,25.866,25.866,False,False,False
7779,44,5,50,4905.959,31.065,31.065,False,False,False
7779,55,6,50,4910.77,35.876,35.876,False,False,False
7779,16,7,50,4918.056,43.162,43.162,False,False,False
7779,31,8,50,4927.726,52.832,52.832,False,False,False
7779,10,9,50,4929.641,54.747,54.747,False,False,False
7779,20,10,50,4939.72,64.826,64.826,False,False,False
7779,22,11,50,4942.388,67.494,67.494,False,False,False
7779,27,12,50,4945.482,70.588,70.588,False,False,False
7779,24,13,50,4950.954,76.06,76.06,False,False,False
7779,21,14,50,4952.372,77.478,77.478,False,False,False
7779,81,15,50,4959.915,85.021,85.021,False,False,False
7779,2,16,50,4961.187,86.293,86.293,False,False,False
7779,4,17,50,4961.339,86.445,86.445,False,False,False
7779,77,18,49,,,+1 LAP,False,False,False
7779,23,,27,,,,True,False,False
7779,18,,16,,,,True,False,False
7780,1,1,17,78.79,0.0,0,False,False,False
7780,44,2,20,79.223,0.433,0.433,False,False,False
7780,11,3,19,79.293,0.503,0.503,False,False,False
7780,14,4,23,79.317,0.527,0.527,False,False,False
7780,16,5,16,79.378,0.588,0.588,False,False,False
7780,55,6,20,79.505,0.715,0.715,False,False,False
7780,4,7,16,79.536,0.746,0.746,False,False,False
7780,10,8,22,79.646,0.856,0.856,False,False,False
7780,63,9,23,79.699,0.909,0.909,False,False,False
7780,18,10,19,79.766,0.976,0.976,False,False,False
7780,23,11,21,79.766,0.976,0.976,False,False,False
7780,81,12,22,79.777,0.987,0.987,False,False,False
7780,27,13,19,79.806,1.016,1.016,False,False,False
7780,21,14,25,79.933,1.143,1.143,False,False,False
7780,2,15,21,80.074,1.284,1.284,False,False,False
7780,31,16,20,80.175,1.385,1.385,False,False,False
7780,22,17,14,80.399,1.609,1.609,False,False,False
7780,77,18,21,80.419,1.629,1.629,False,False,False
7780,24,19,22,80.569,1.779,1.779,False,False,False
7780,20,20,17,81.147,2.357,2.357,False,False,False
7781,14,1,13,78.887,0.0,0,False,False,False
7781,16,2,10,79.332,0.445,0.445,False,False,False
7781,1,3,12,79.502,0.615,0.615,False,False,False
7781,63,4,20,79.672,0.785,0.785,False,False,False
7781,55,5,12,79.695,0.808,0.808,False,False,False
7781,31,6,12,79.725,0.838,0.838,False,False,False
7781,11,7,15,80.083,1.196,1.196,False,False,False
7781,4,8,20,80.176,1.289,1.289,False,False,False
7781,27,9,19,80.194,1.307,1.307,False,False,False
7781,10,10,12,80.206,1.319,1.319,False,False,False
7781,22,11,18,80.22,1.333,1.333,False,False,False
7781,77,12,22,80.312,1.425,1.425,False,False,False
7781,44,13,17,80.323,1.436,1.436,False,False,False
7781,81,14,24,80.38,1.493,1.493,False,False,False
7781,24,15,22,80.47,1.583,1.583,False,False,False
7781,18,16,15,80.579,1.692,1.692,False,False,False
7781,21,17,8,80.6,1.713,1.713,False,False,False
7781,23,18,18,81.182,2.295,2.295,False,False,False
7781,20,19,18,81.266,2.379,2.379,False,False,False
7782,1,1,24,77.565,0.0,0,False,False,False
7782,14,2,26,77.727,0.162,0.162,False,False,False
7782,31,3,23,77.938,0.373,0.373,False,False,False
7782,63,4,23,77.955,0.39,0.39,False,False,False
7782,10,5,23,78.094,0.529,0.529,False,False,False
7782,11,6,18,78.123,0.558,0.558,False,False,False
7782,55,7,29,78.127,0.562,0.562,False,False,False
7782,44,8,25,78.138,0.573,0.573,False,False,False
7782,18,9,22,78.198,0.633,0.633,False,False,False
7782,24,10,20,78.33,0.765,0.765,False,False,False
7782,27,11,24,78.41,0.845,0.845,False,False,False
7782,23,12,21,78.553,0.988,0.988,False,False,False
7782,16,13,28,78.691,1.126,1.126,False,False,False
7782,81,14,21,78.713,1.148,1.148,False,False,False
7782,77,15,24,78.809,1.244,1.244,False,False,False
7782,22,16,22,78.901,1.336,1.336,False,False,False
7782,2,17,20,78.947,1.382,1.382,False,False,False
7782,20,18,26,79.056,1.491,1.491,False,False,False
7782,21,19,23,79.092,1.527,1.527,False,False,False
7782,4,20,12,79.146,1.581,1.581,False,False,False
7783,1,1,24,,0.0,0.0,False,False,False
7783,63,2,29,,0.236,0.236,False,False,False
7783,44,3,28,,0.372,0.372,False,False,False
7783,14,4,26,,0.407,0.407,False,False,False
7783,55,5,28,,0.538,0.538,False,False,False
7783,18,6,26,,0.576,0.576,False,False,False
7783,16,7,25,,0.637,0.637,False,False,False
7783,23,8,27,,0.877,0.877,False,False,False
7783,10,9,25,,0.943,0.943,False,False,False
7783,27,10,26,,1.003,1.003,False,False,False
7783,31,11,18,,0.712,0.712,False,False,False
7783,22,12,22,,1.043,1.043,False,False,False
7783,4,13,24,,1.063,1.063,False,False,False
7783,20,14,18,,1.073,1.073,False,False,False
7783,21,15,23,,1.279,1.279,False,False,False
7783,81,16,12,,1.133,1.133,False,False,False
7783,24,17,12,,1.156,1.156,False,False,False
7783,2,18,12,,1.173,1.173,False,False,False
7783,77,19,12,,1.33,1.33,False,False,False
7783,11,,2,,,,True,False,False
7787,1,1,58,9158.371,0.0,0,False,False,False
7787,44,2,58,9158.55,0.179,0.179,False,False,False
7787,14,3,58,9159.14,0.769,0.769,False,False,False
7787,18,4,58,9161.453,3.082,3.082,False,False,False
7787,11,5,58,9161.691,3.32,3.32,False,False,False
7787,4,6,58,9162.072,3.701,3.701,False,False,False
7787,27,7,58,9163.31,4.939,4.939,False,False,False
7787,81,8,58,9163.753,5.382,5.382,False,False,False
7787,24,9,58,9164.084,5.713,5.713,False,False,False
7787,22,10,58,9164.423,6.052,6.052,False,False,False
7787,77,11,58,9164.884,6.513,6.513,False,False,False
7787,55,12,58,9164.965,6.594,6.594,False,False,False
7787,10,13,56,,,,True,False,False
7787,31,14,56,,,,True,False,False
7787,21,15,56,,,,True,False,False
7787,2,16,56,,,,True,False,False
7787,20,17,52,,,,True,False,False
7787,63,,17,,,,True,False,False
7787,23,,6,,,,True,False,False
7787,16,,0,,,,True,False,False
9063,1,1,22,102.315,0.0,0,False,False,False
9063,16,2,21,102.352,0.037,0.037,False,False,False
9063,11,3,22,102.454,0.139,0.139,False,False,False
9063,55,4,23,102.899,0.584,0.584,False,False,False
9063,4,5,22,103.125,0.81,0.81,False,False,False
9063,21,6,24,103.414,1.099,1.099,False,False,False
9063,18,7,23,103.455,1.14,1.14,False,False,False
9063,14,8,20,103.56,1.245,1.245,False,False,False
9063,23,9,25,103.628,1.313,1.313,False,False,False
9063,24,10,23,103.748,1.433,1.433,False,False,False
9063,44,11,21,103.798,1.483,1.483,False,False,False
9063,81,12,23,103.98,1.665,1.665,False,False,False
9063,77,13,23,104.01,1.695,1.695,False,False,False
9063,22,14,18,104.137,1.822,1.822,False,False,False
9063,27,15,21,104.323,2.008,2.008,False,False,False
9063,2,16,16,104.9,2.585,2.585,False,False,False
9063,63,17,20,105.082,2.767,2.767,False,False,False
9063,31,18,8,105.955,3.64,3.64,False,False,False
9063,10,19,7,106.321,4.006,4.006,False,False,False
9063,20,20,8,107.498,5.183,5.183,False,False,False
9064,16,1,21,,0.0,0.0,False,False,False
9064,1,2,20,,0.188,0.188,False,False,False
9064,11,3,21,,0.292,0.292,False,False,False
9064,55,4,24,,0.813,0.813,False,False,False
9064,44,5,24,,0.974,0.974,False,False,False
9064,14,6,23,,1.05,1.05,False,False,False
9064,4,7,20,,1.078,1.078,False,False,False
9064,22,8,23,,1.378,1.378,False,False,False
9064,18,9,23,,1.408,1.408,False,False,False
9064,81,10,24,,1.408,1.408,False,False,False
9064,63,11,18,,0.832,0.832,False,False,False
9064,31,12,19,,0.976,0.976,False,False,False
9064,23,13,19,,0.996,0.996,False,False,False
9064,77,14,19,,1.437,1.437,False,False,False
9064,2,15,19,,1.573,1.573,False,False,False
9064,24,16,11,,1.373,1.373,False,False,False
9064,27,17,10,,1.486,1.486,False,False,False
9064,20,18,9,,2.148,2.148,False,False,False
9064,10,19,6,,3.584,3.584,False,False,False
9064,21,,3,,14.013,14.013,False,False,False
9278,16,1,14,,0.0,0.0,False,False,False
9278,11,2,15,,0.147,0.147,False,False,False
9278,1,3,13,,0.29,0.29,False,False,False
9278,63,4,18,,0.555,0.555,False,False,False
9278,55,5,15,,0.59,0.59,False,False,False
9278,44,6,17,,0.805,0.805,False,False,False
9278,23,7,17,,1.149,1.149,False,False,False
9278,14,8,16,,1.313,1.313,False,False,False
9278,18,9,17,,1.367,1.367,False,False,False
9278,4,10,12,,0.978,0.978,False,False,False
9278,81,11,12,,1.01,1.01,False,False,False
9278,27,12,12,,1.389,1.389,False,False,False
9278,31,13,11,,1.671,1.671,False,False,False
9278,20,14,11,,1.915,1.915,False,False,False
9278,2,15,6,,1.222,1.222,False,False,False
9278,24,16,6,,2.357,2.357,False,False,False
9278,77,17,6,,2.532,2.532,False,False,False
9278,22,18,6,,2.616,2.616,False,False,False
9278,10,19,3,,4.131,4.131,False,False,False
9278,21,20,6,,5.36,5.36,False,False,False
9069,11,1,17,1997.667,0.0,0,False,False,False
9069,16,2,17,2002.13,4.463,4.463,False,False,False
9069,1,3,17,2002.732,5.065,5.065,False,False,False
9069,63,4,17,2006.199,8.532,8.532,False,False,False
9069,55,5,17,2008.055,10.388,10.388,False,False,False
9069,14,6,17,2009.28,11.613,11.613,False,False,False
9069,44,7,17,2014.17,16.503,16.503,False,False,False
9069,18,8,17,2016.084,18.417,18.417,False,False,False
9069,23,9,17,2019.424,21.757,21.757,False,False,False
9069,81,10,17,2020.518,22.851,22.851,False,False,False
9069,20,11,17,2025.657,27.99,27.99,False,False,False
9069,24,12,17,2032.269,34.602,34.602,False,False,False
9069,10,13,17,2034.585,36.918,36.918,False,False,False
9069,21,14,17,2039.293,41.626,41.626,False,False,False
9069,27,15,17,2046.254,48.587,48.587,False,False,False
9069,77,16,17,2047.584,49.917,49.917,False,False,False
9069,4,17,17,2048.771,51.104,51.104,False,False,False
9069,31,18,17,2058.288,60.621,60.621,False,False,False
9069,22,,2,,,,True,False,False
9070,11,1,51,5562.436,0.0,0,False,False,False
9070,1,2,51,5564.573,2.137,2.137,False,False,False
9070,16,3,51,5583.653,21.217,21.217,False,False,False
9070,14,4,51,5584.46,22.024,22.024,False,False,False
9070,55,5,51,5607.927,45.491,45.491,False,False,False
9070,44,6,51,5608.581,46.145,46.145,False,False,False
9070,18,7,51,5614.053,51.617,51.617,False,False,False
9070,63,8,51,5636.676,74.24,74.24,False,False,False
9070,4,9,51,5642.812,80.376,80.376,False,False,False
9070,22,10,51,5646.298,83.862,83.862,False,False,False
9070,81,11,51,5648.937,86.501,86.501,False,False,False
9070,23,12,51,5651.059,88.623,88.623,False,False,False
9070,20,13,51,5652.165,89.729,89.729,False,False,False
9070,10,14,51,5653.768,91.332,91.332,False,False,False
9070,31,15,51,5660.23,97.794,97.794,False,False,False
9070,2,16,51,5663.379,100.943,100.943,False,False,False
9070,27,17,50,,,+1 LAP,False,False,False
9070,77,18,50,,,+1 LAP,False,False,False
9070,24,,36,,,,True,False,False
9070,21,,9,,,,True,False,False
9071,63,1,18,90.125,0.0,0,False,False,False
9071,44,2,24,90.337,0.212,0.212,False,False,False
9071,16,3,23,90.449,0.324,0.324,False,False,False
9071,1,4,22,90.549,0.424,0.424,False,False,False
9071,55,5,23,90.724,0.599,0.599,False,False,False
9071,10,6,20,91.104,0.979,0.979,False,False,False
9071,14,7,24,91.231,1.106,1.106,False,False,False
9071,18,8,24,91.337,1.212,1.212,False,False,False
9071,27,9,14,91.392,1.267,1.267,False,False,False
9071,31,10,27,91.542,1.417,1.417,False,False,False
9071,11,11,22,91.566,1.441,1.441,False,False,False
9071,81,12,24,91.81,1.685,1.685,False,False,False
9071,20,13,25,91.853,1.728,1.728,False,False,False
9071,77,14,24,91.902,1.777,1.777,False,False,False
9071,23,15,25,91.903,1.778,1.778,False,False,False
9071,4,16,23,91.997,1.872,1.872,False,False,False
9071,24,17,22,92.134,2.009,2.009,False,False,False
9071,22,18,28,92.169,2.044,2.044,False,False,False
9071,2,19,27,92.619,2.494,2.494,False,False,False
9071,21,20,10,94.637,4.512,4.512,False,False,False
9072,1,1,23,87.93,0.0,0,False,False,False
9072,55,2,26,88.315,0.385,0.385,False,False,False
9072,16,3,20,88.398,0.468,0.468,False,False,False
9072,11,4,24,88.419,0.489,0.489,False,False,False
9072,14,5,25,88.66,0.73,0.73,False,False,False
9072,4,6,24,88.741,0.811,0.811,False,False,False
9072,44,7,23,88.858,0.928,0.928,False,False,False
9072,18,8,23,88.93,1.0,1.0,False,False,False
9072,31,9,25,88.937,1.007,1.007,False,False,False
9072,23,10,26,89.046,1.116,1.116,False,False,False
9072,10,11,22,89.098,1.168,1.168,False,False,False
9072,20,12,22,89.171,1.241,1.241,False,False,False
9072,24,13,27,89.181,1.251,1.251,False,False,False
9072,77,14,26,89.189,1.259,1.259,False,False,False
9072,63,15,21,89.216,1.286,1.286,False,False,False
9072,81,16,24,89.339,1.409,1.409,False,False,False
9072,27,17,22,89.393,1.463,1.463,False,False,False
9072,22,18,25,89.613,1.683,1.683,False,False,False
9072,21,19,25,89.928,1.998,1.998,False,False,False
9072,2,20,27,90.038,2.108,2.108,False,False,False
9073,1,1,18,87.535,0.0,0,False,False,False
9073,16,2,26,87.941,0.406,0.406,False,False,False
9073,11,3,22,88.05,0.515,0.515,False,False,False
9073,55,4,27,88.125,0.59,0.59,False,False,False
9073,31,5,25,88.407,0.872,0.872,False,False,False
9073,10,6,24,88.428,0.893,0.893,False,False,False
9073,77,7,19,88.456,0.921,0.921,False,False,False
9073,27,8,16,88.497,0.962,0.962,False,False,False
9073,23,9,20,88.561,1.026,1.026,False,False,False
9073,63,10,20,88.606,1.071,1.071,False,False,False
9073,20,11,14,88.607,1.072,1.072,False,False,False
9073,14,12,24,88.618,1.083,1.083,False,False,False
9073,44,13,23,88.718,1.183,1.183,False,False,False
9073,18,14,24,88.723,1.188,1.188,False,False,False
9073,24,15,19,89.074,1.539,1.539,False,False,False
9073,22,16,20,89.179,1.644,1.644,False,False,False
9073,2,17,20,89.264,1.729,1.729,False,False,False
9073,81,18,18,89.375,1.84,1.84,False,False,False
9073,4,19,18,89.401,1.866,1.866,False,False,False
9073,21,20,22,89.447,1.912,1.912,False,False,False
9074,11,1,20,,0.0,0.0,False,False,False
9074,14,2,19,,0.361,0.361,False,False,False
9074,55,3,18,,0.508,0.508,False,False,False
9074,20,4,19,,0.926,0.926,False,False,False
9074,10,5,20,,0.945,0.945,False,False,False
9074,63,6,20,,0.963,0.963,False,False,False
9074,16,7,19,,1.02,1.02,False,False,False
9074,31,8,20,,1.094,1.094,False,False,False
9074,1,9,15,,0.0,0.0,True,False,False
9074,77,10,15,,0.75,0.75,False,True,False
9074,23,11,15,,0.981,0.981,False,False,False
9074,27,12,15,,1.089,1.089,False,False,False
9074,44,13,15,,1.161,1.161,False,False,False
9074,24,14,17,,1.277,1.277,False,False,False
9074,21,15,16,,1.581,1.581,False,False,False
9074,4,16,8,,1.031,1.031,False,False,False
9074,22,17,10,,1.066,1.066,False,False,False
9074,18,18,8,,1.113,1.113,False,False,False
9074,81,19,9,,1.121,1.121,False,False,False
9074,2,20,10,,1.214,1.214,False,False,False
9078,1,1,57,5258.241,0.0,0,False,False,False
9078,11,2,57,5263.625,5.384,5.384,False,False,False
9078,14,3,57,5284.546,26.305,26.305,False,False,False
9078,63,4,57,5291.47,33.229,33.229,False,False,False
9078,55,5,57,5300.752,42.511,42.511,False,False,False
9078,44,6,57,5309.49,51.249,51.249,False,False,False
9078,16,7,57,5311.229,52.988,52.988,False,False,False
9078,10,8,57,5313.911,55.67,55.67,False,False,False
9078,31,9,57,5316.364,58.123,58.123,False,False,False
9078,20,10,57,5321.186,62.945,62.945,False,False,False
9078,22,11,57,5322.55,64.309,64.309,False,False,False
9078,18,12,57,5322.995,64.754,64.754,False,False,False
9078,77,13,57,5329.878,71.637,71.637,False,False,False
9078,23,14,57,5331.102,72.861,72.861,False,False,False
9078,27,15,57,5333.191,74.95,74.95,False,False,False
9078,24,16,57,5336.681,78.44,78.44,False,False,False
9078,4,17,57,5345.958,87.717,87.717,False,False,False
9078,21,18,57,5347.19,88.949,88.949,False,False,False
9078,81,19,56,,,+1 LAP,False,False,False
9078,2,20,56,,,+1 LAP,False,False,False
9087,55,1,26,73.372,0.0,0,False,False,False
9087,14,2,28,73.71,0.338,0.338,False,False,False
9087,44,3,27,74.035,0.663,0.663,False,False,False
9087,11,4,27,74.038,0.666,0.666,False,False,False
9087,16,5,24,74.093,0.721,0.721,False,False,False
9087,1,6,26,74.244,0.872,0.872,False,False,False
9087,4,7,25,74.467,1.095,1.095,False,False,False
9087,31,8,29,74.585,1.213,1.213,False,False,False
9087,18,9,28,74.653,1.281,1.281,False,False,False
9087,23,10,32,74.666,1.294,1.294,False,False,False
9087,77,11,29,74.718,1.346,1.346,False,False,False
9087,20,12,29,74.725,1.353,1.353,False,False,False
9087,22,13,29,74.82,1.448,1.448,False,False,False
9087,10,14,30,74.866,1.494,1.494,False,False,False
9087,63,15,24,75.066,1.694,1.694,False,False,False
9087,21,16,33,75.083,1.711,1.711,False,False,False
9087,81,17,32,75.192,1.82,1.82,False,False,False
9087,2,18,30,75.557,2.185,2.185,False,False,False
9087,24,19,25,75.684,2.312,2.312,False,False,False
9087,27,20,17,75.785,2.413,2.413,False,False,False
9088,1,1,30,72.462,0.0,0,False,False,False
9088,16,2,33,72.527,0.065,0.065,False,False,False
9088,55,3,22,72.569,0.107,0.107,False,False,False
9088,14,4,32,72.682,0.22,0.22,False,False,False
9088,4,5,18,72.906,0.444,0.444,False,False,False
9088,44,6,29,72.96,0.498,0.498,False,False,False
9088,11,7,30,72.991,0.529,0.529,False,False,False
9088,77,8,33,73.05,0.588,0.588,False,False,False
9088,10,9,28,73.089,0.627,0.627,False,False,False
9088,31,10,30,73.162,0.7,0.7,False,False,False
9088,18,11,31,73.185,0.723,0.723,False,False,False
9088,63,12,32,73.191,0.729,0.729,False,False,False
9088,24,13,32,73.354,0.892,0.892,False,False,False
9088,20,14,28,73.457,0.995,0.995,False,False,False
9088,27,15,33,73.52,1.058,1.058,False,False,False
9088,22,16,22,73.641,1.179,1.179,False,False,False
9088,21,17,34,73.663,1.201,1.201,False,False,False
9088,81,18,30,73.673,1.211,1.211,False,False,False
9088,23,19,10,74.217,1.755,1.755,False,False,False
9088,2,20,33,74.238,1.776,1.776,False,False,False
9089,1,1,19,72.776,0.0,0,False,False,False
9089,11,2,24,72.849,0.073,0.073,False,False,False
9089,18,3,20,72.942,0.166,0.166,False,False,False
9089,55,4,20,73.261,0.485,0.485,False,False,False
9089,4,5,21,73.396,0.62,0.62,False,False,False
9089,10,6,24,73.453,0.677,0.677,False,False,False
9089,16,7,19,73.475,0.699,0.699,False,False,False
9089,44,8,17,73.486,0.71,0.71,False,False,False
9089,31,9,18,73.496,0.72,0.72,False,False,False
9089,77,10,20,73.521,0.745,0.745,False,False,False
9089,63,11,18,73.59,0.814,0.814,False,False,False
9089,20,12,13,73.624,0.848,0.848,False,False,False
9089,27,13,16,73.65,0.874,0.874,False,False,False
9089,14,14,18,73.697,0.921,0.921,False,False,False
9089,22,15,21,73.738,0.962,0.962,False,False,False
9089,24,16,20,73.772,0.996,0.996,False,False,False
9089,2,17,19,73.851,1.075,1.075,False,False,False
9089,23,18,23,73.93,1.154,1.154,False,False,False
9089,81,19,18,73.998,1.222,1.222,False,False,False
9089,21,20,24,74.187,1.411,1.411,False,False,False
9090,1,1,30,,0.0,0.0,False,False,False
9090,14,2,25,,0.084,0.084,False,False,False
9090,16,3,26,,0.106,0.106,False,False,False
9090,31,4,26,,0.188,0.188,False,False,False
9090,55,5,28,,0.265,0.265,False,False,False
9090,44,6,30,,0.36,0.36,False,False,False
9090,10,7,25,,0.568,0.568,False,False,False
9090,63,8,29,,0.599,0.599,False,False,False
9090,22,9,29,,0.717,0.717,False,False,False
9090,4,10,23,,0.889,0.889,False,False,False
9090,81,11,22,,0.487,0.487,False,False,False
9090,21,12,20,,0.52,0.52,False,False,False
9090,23,13,19,,0.619,0.619,False,False,False
9090,18,14,19,,0.715,0.715,False,False,False
9090,77,15,22,,0.717,0.717,False,False,False
9090,2,16,13,,0.727,0.727,False,False,False
9090,20,17,9,,0.884,0.884,False,False,False
9090,27,18,8,,0.893,0.893,False,False,False
9090,24,19,13,,1.137,1.137,False,False,False
9090,11,20,4,,1.464,1.464,False,False,False
9094,1,1,78,6531.98,0.0,0,False,False,False
9094,14,2,78,6559.901,27.921,27.921,False,False,False
9094,31,3,78,6568.97,36.99,36.99,False,False,False
9094,44,4,78,6571.042,39.062,39.062,False,False,False
9094,63,5,78,6588.264,56.284,56.284,False,False,False
9094,16,6,78,6593.87,61.89,61.89,False,False,False
9094,10,7,78,6594.342,62.362,62.362,False,False,False
9094,55,8,78,6595.371,63.391,63.391,False,False,False
9094,4,9,77,,,+1 LAP,False,False,False
9094,81,10,77,,,+1 LAP,False,False,False
9094,77,11,77,,,+1 LAP,False,False,False
9094,21,12,77,,,+1 LAP,False,False,False
9094,24,13,77,,,+1 LAP,False,False,False
9094,23,14,77,,,+1 LAP,False,False,False
9094,22,15,76,,,+2 LAPS,False,False,False
9094,11,16,76,,,+2 LAPS,False,False,False
9094,27,17,76,,,+2 LAPS,False,False,False
9094,2,18,76,,,+2 LAPS,False,False,False
9094,20,19,70,,,,True,False,False
9094,18,,53,,,,True,False,False
9095,1,1,32,74.606,0.0,0,False,False,False
9095,11,2,32,75.374,0.768,0.768,False,False,False
9095,31,3,28,75.418,0.812,0.812,False,False,False
9095,21,4,27,75.504,0.898,0.898,False,False,False
9095,10,5,27,75.545,0.939,0.939,False,False,False
9095,14,6,24,75.547,0.941,0.941,False,False,False
9095,20,7,22,75.689,1.083,1.083,False,False,False
9095,16,8,28,75.694,1.088,1.088,False,False,False
9095,55,9,27,75.726,1.12,1.12,False,False,False
9095,63,10,32,75.753,1.147,1.147,False,False,False
9095,4,11,25,75.783,1.177,1.177,False,False,False
9095,44,12,29,75.845,1.239,1.239,False,False,False
9095,24,13,24,75.906,1.3,1.3,False,False,False
9095,22,14,27,75.915,1.309,1.309,False,False,False
9095,18,15,25,75.939,1.333,1.333,False,False,False
9095,77,16,24,75.978,1.372,1.372,False,False,False
9095,81,17,26,76.353,1.747,1.747,False,False,False
9095,27,18,28,76.461,1.855,1.855,False,False,False
9095,2,19,30,76.506,1.9,1.9,False,False,False
9095,23,20,28,76.63,2.024,2.024,False,False,False
9096,1,1,34,73.907,0.0,0,False,False,False
9096,14,2,30,74.077,0.17,0.17,False,False,False
9096,27,3,31,74.177,0.27,0.27,False,False,False
9096,11,4,30,74.219,0.312,0.312,False,False,False
9096,31,5,30,74.242,0.335,0.335,False,False,False
9096,16,6,32,74.246,0.339,0.339,False,False,False
9096,55,7,32,74.274,0.367,0.367,False,False,False
9096,63,8,31,74.392,0.485,0.485,False,False,False
9096,77,9,32,74.448,0.541,0.541,False,False,False
9096,10,10,29,74.457,0.55,0.55,False,False,False
9096,44,11,31,74.549,0.642,0.642,False,False,False
9096,81,12,30,74.583,0.676,0.676,False,False,False
9096,24,13,29,74.585,0.678,0.678,False,False,False
9096,4,14,30,74.694,0.787,0.787,False,False,False
9096,20,15,24,74.713,0.806,0.806,False,False,False
9096,21,16,33,74.785,0.878,0.878,False,False,False
9096,22,17,34,74.84,0.933,0.933,False,False,False
9096,18,18,31,75.01,1.103,1.103,False,False,False
9096,23,19,32,75.056,1.149,1.149,False,False,False
9096,2,20,33,75.415,1.508,1.508,False,False,False
9097,1,1,14,73.664,0.0,0,False,False,False
9097,11,2,14,73.914,0.25,0.25,False,False,False
9097,44,3,9,74.072,0.408,0.408,False,False,False
9097,55,4,20,74.24,0.576,0.576,False,False,False
9097,14,5,14,74.264,0.6,0.6,False,False,False
9097,63,6,16,74.278,0.614,0.614,False,False,False
9097,16,7,18,74.353,0.689,0.689,False,False,False
9097,77,8,15,74.36,0.696,0.696,False,False,False
9097,22,9,16,74.659,0.995,0.995,False,False,False
9097,4,10,20,74.681,1.017,1.017,False,False,False
9097,24,11,15,74.681,1.017,1.017,False,False,False
9097,21,12,18,74.693,1.029,1.029,False,False,False
9097,18,13,14,74.756,1.092,1.092,False,False,False
9097,27,14,12,74.988,1.324,1.324,False,False,False
9097,81,15,17,75.105,1.441,1.441,False,False,False
9097,31,16,15,75.266,1.602,1.602,False,False,False
9097,20,17,12,75.534,1.87,1.87,False,False,False
9097,10,18,14,75.841,2.177,2.177,False,False,False
9097,23,19,13,75.851,2.187,2.187,False,False,False
9097,2,20,5,76.529,2.865,2.865,False,False,False
9098,1,1,20,,0.0,0.0,False,False,False
9098,55,2,22,,0.462,0.462,False,False,False
9098,4,3,22,,0.52,0.52,False,False,False
9098,10,4,21,,0.544,0.544,False,False,False
9098,44,5,23,,0.546,0.546,False,False,False
9098,18,6,23,,0.722,0.722,False,False,False
9098,31,7,21,,0.811,0.811,False,False,False
9098,27,8,18,,0.957,0.957,False,False,False
9098,14,9,18,,1.235,1.235,False,False,False
9098,81,10,20,,1.41,1.41,False,False,False
9098,11,11,17,,0.574,0.574,False,False,False
9098,63,12,18,,0.687,0.687,False,False,False
9098,24,13,16,,0.761,0.761,False,False,False
9098,21,14,16,,1.323,1.323,False,False,False
9098,22,15,19,,1.717,1.717,False,False,False
9098,77,16,10,,1.04,1.04,False,False,False
9098,20,17,9,,1.105,1.105,False,False,False
9098,23,18,8,,1.126,1.126,False,False,False
9098,16,19,10,,1.142,1.142,False,False,False
9098,2,20,6,,1.762,1.762,False,False,False
9102,1,1,66,5277.94,0.0,0,False,False,False
9102,44,2,66,5302.03,24.09,24.09,False,False,False
9102,63,3,66,5310.329,32.389,32.389,False,False,False
9102,11,4,66,5313.752,35.812,35.812,False,False,False
9102,55,5,66,5323.638,45.698,45.698,False,False,False
9102,18,6,66,5341.26,63.32,63.32,False,False,False
9102,14,7,66,5342.067,64.127,64.127,False,False,False
9102,31,8,66,5347.182,69.242,69.242,False,False,False
9102,24,9,66,5349.818,71.878,71.878,False,False,False
9102,10,10,66,5351.47,73.53,73.53,False,False,False
9102,16,11,66,5352.359,74.419,74.419,False,False,False
9102,22,12,66,5353.356,75.416,75.416,False,False,False
9102,81,13,65,,,+1 LAP,False,False,False
9102,21,14,65,,,+1 LAP,False,False,False
9102,27,15,65,,,+1 LAP,False,False,False
9102,23,16,65,,,+1 LAP,False,False,False
9102,4,17,65,,,+1 LAP,False,False,False
9102,20,18,65,,,+1 LAP,False,False,False
9102,77,19,65,,,+1 LAP,False,False,False
9102,2,20,65,,,+1 LAP,False,False,False
9103,77,1,3,78.728,0.0,0,False,False,False
9103,18,2,3,79.175,0.447,0.447,False,False,False
9103,14,3,3,79.807,1.079,1.079,False,False,False
9103,11,4,3,80.154,1.426,1.426,False,False,False
9103,1,5,3,80.231,1.503,1.503,False,False,False
9103,81,6,3,81.496,2.768,2.768,False,False,False
9103,20,7,3,84.045,5.317,5.317,False,False,False
9103,27,8,3,84.336,5.608,5.608,False,False,False
9103,24,9,3,84.961,6.233,6.233,False,False,False
9103,55,10,3,85.991,7.263,7.263,False,False,False
9103,16,11,3,86.809,8.081,8.081,False,False,False
9103,21,12,3,92.274,13.546,13.546,False,False,False
9103,22,13,2,,,,False,False,False
9103,4,14,2,,,,False,False,False
9103,10,15,1,,,,False,False,False
9103,23,16,1,,,,False,False,False
9103,2,17,2,,,,False,False,False
9104,44,1,30,73.718,0.0,0,False,False,False
9104,63,2,31,73.745,0.027,0.027,False,False,False
9104,55,3,39,73.844,0.126,0.126,False,False,False
9104,14,4,38,74.044,0.326,0.326,False,False,False
9104,16,5,38,74.094,0.376,0.376,False,False,False
9104,1,6,34,74.142,0.424,0.424,False,False,False
9104,77,7,40,74.22,0.502,0.502,False,False,False
9104,11,8,29,74.25,0.532,0.532,False,False,False
9104,18,9,31,74.419,0.701,0.701,False,False,False
9104,10,10,39,74.477,0.759,0.759,False,False,False
9104,81,11,38,74.533,0.815,0.815,False,False,False
9104,20,12,36,74.544,0.826,0.826,False,False,False
9104,4,13,40,74.617,0.899,0.899,False,False,False
9104,24,14,37,74.811,1.093,1.093,False,False,False
9104,22,15,43,74.941,1.223,1.223,False,False,False
9104,21,16,38,75.002,1.284,1.284,False,False,False
9104,23,17,33,75.003,1.285,1.285,False,False,False
9104,31,18,17,75.092,1.374,1.374,False,False,False
9104,2,19,38,75.426,1.708,1.708,False,False,False
9104,27,20,11,76.369,2.651,2.651,False,False,False
9105,1,1,22,83.106,0.0,0,False,False,False
9105,16,2,22,83.397,0.291,0.291,False,False,False
9105,14,3,18,84.483,1.377,1.377,False,False,False
9105,20,4,23,84.715,1.609,1.609,False,False,False
9105,55,5,14,84.765,1.659,1.659,False,False,False
9105,10,6,19,84.825,1.719,1.719,False,False,False
9105,18,7,22,84.944,1.838,1.838,False,False,False
9105,22,8,24,84.955,1.849,1.849,False,False,False
9105,77,9,22,84.988,1.882,1.882,False,False,False
9105,44,10,20,85.087,1.981,1.981,False,False,False
9105,27,11,20,85.14,2.034,2.034,False,False,False
9105,81,12,25,85.191,2.085,2.085,False,False,False
9105,4,13,21,85.198,2.092,2.092,False,False,False
9105,23,14,21,85.379,2.273,2.273,False,False,False
9105,63,15,20,85.435,2.329,2.329,False,False,False
9105,21,16,24,85.725,2.619,2.619,False,False,False
9105,11,17,20,85.857,2.751,2.751,False,False,False
9105,24,18,23,86.75,3.644,3.644,False,False,False
9105,31,19,10,86.84,3.734,3.734,False,False,False
9105,2,20,16,87.279,4.173,4.173,False,False,False
9106,1,1,26,,0.0,0.0,False,False,False
9106,27,2,25,,1.244,1.244,False,False,False
9106,14,3,25,,1.428,1.428,False,False,False
9106,44,4,26,,1.769,1.769,False,False,False
9106,63,5,25,,2.035,2.035,False,False,False
9106,31,6,25,,2.087,2.087,False,False,False
9106,4,7,26,,2.188,2.188,False,False,False
9106,55,8,26,,3.436,3.436,False,False,False
9106,81,9,24,,5.491,5.491,False,False,False
9106,23,10,24,,0.0,0.0,True,False,False
9106,16,11,22,,1.89,1.89,False,False,False
9106,11,12,23,,2.234,2.234,False,False,False
9106,18,13,20,,2.759,2.759,False,False,False
9106,20,14,21,,2.953,2.953,False,False,False
9106,77,15,24,,3.096,3.096,False,False,False
9106,22,16,11,,1.895,1.895,False,False,False
9106,10,17,11,,2.035,2.035,False,False,False
9106,21,18,12,,2.286,2.286,False,False,False
9106,2,19,14,,2.486,2.486,False,False,False
9106,24,20,11,,2.491,2.491,False,False,False
9110,1,1,70,5638.348,0.0,0,False,False,False
9110,14,2,70,5647.918,9.57,9.57,False,False,False
9110,44,3,70,5652.516,14.168,14.168,False,False,False
9110,16,4,70,5656.996,18.648,18.648,False,False,False
9110,55,5,70,5659.888,21.54,21.54,False,False,False
9110,11,6,70,5689.376,51.028,51.028,False,False,False
9110,23,7,70,5699.161,60.813,60.813,False,False,False
9110,31,8,70,5700.04,61.692,61.692,False,False,False
9110,18,9,70,5702.75,64.402,64.402,False,False,False
9110,77,10,70,5702.78,64.432,64.432,False,False,False
9110,81,11,70,5703.449,65.101,65.101,False,False,False
9110,10,12,70,5703.597,65.249,65.249,False,False,False
9110,4,13,70,5706.711,68.363,68.363,False,False,False
9110,22,14,70,5711.771,73.423,73.423,False,False,False
9110,27,15,69,,,+1 LAP,False,False,False
9110,24,16,69,,,+1 LAP,False,False,False
9110,20,17,69,,,+1 LAP,False,False,False
9110,21,18,69,,,+1 LAP,False,False,False
9110,63,,53,,,,True,False,False
9110,2,,6,,,,True,False,False
9111,1,1,30,65.742,0.0,0,False,False,False
9111,55,2,32,65.983,0.241,0.241,False,False,False
9111,16,3,33,66.012,0.27,0.27,False,False,False
9111,44,4,34,66.251,0.509,0.509,False,False,False
9111,11,5,32,66.262,0.52,0.52,False,False,False
9111,18,6,29,66.34,0.598,0.598,False,False,False
9111,20,7,27,66.497,0.755,0.755,False,False,False
9111,14,8,31,66.656,0.914,0.914,False,False,False
9111,63,9,28,66.696,0.954,0.954,False,False,False
9111,24,10,33,66.78,1.038,1.038,False,False,False
9111,23,11,23,66.794,1.052,1.052,False,False,False
9111,81,12,36,66.809,1.067,1.067,False,False,False
9111,27,13,30,66.846,1.104,1.104,False,False,False
9111,77,14,33,66.847,1.105,1.105,False,False,False
9111,22,15,34,66.985,1.243,1.243,False,False,False
9111,21,16,36,67.017,1.275,1.275,False,False,False
9111,2,17,25,67.018,1.276,1.276,False,False,False
9111,31,18,30,67.202,1.46,1.46,False,False,False
9111,10,19,28,67.287,1.545,1.545,False,False,False
9111,4,20,20,67.368,1.626,1.626,False,False,False
9112,1,1,24,,0.0,0.0,False,False,False
9112,16,2,26,,0.048,0.048,False,False,False
9112,55,3,25,,0.19,0.19,False,False,False
9112,4,4,23,,0.267,0.267,False,False,False
9112,44,5,25,,0.428,0.428,False,False,False
9112,18,6,25,,0.502,0.502,False,False,False
9112,14,7,27,,0.52,0.52,False,False,False
9112,27,8,24,,0.699,0.699,False,False,False
9112,10,9,21,,0.779,0.779,False,False,False
9112,23,10,21,,1.432,1.432,False,False,False
9112,63,11,21,,0.477,0.477,False,False,False
9112,31,12,15,,0.502,0.502,False,False,False
9112,81,13,19,,0.654,0.654,False,False,False
9112,77,14,14,,0.729,0.729,False,False,False
9112,11,15,19,,61.737,61.737,False,False,False
9112,22,16,10,,0.668,0.668,False,False,False
9112,24,17,9,,0.702,0.702,False,False,False
9112,2,18,9,,0.832,0.832,False,False,False
9112,20,19,10,,0.855,0.855,False,False,False
9112,21,20,10,,0.858,0.858,False,False,False
9282,1,1,23,,0.0,0.0,False,False,False
9282,11,2,23,,0.493,0.493,False,False,False
9282,4,3,23,,0.57,0.57,False,False,False
9282,27,4,23,,0.644,0.644,False,False,False
9282,55,5,18,,0.696,0.696,False,False,False
9282,16,6,23,,0.805,0.805,False,False,False
9282,14,7,24,,0.818,0.818,False,False,False
9282,18,8,24,,0.907,0.907,False,False,False
9282,31,9,24,,0.926,0.926,False,False,False
9282,20,10,23,,1.472,1.472,False,False,False
9282,23,11,18,,0.781,0.781,False,False,False
9282,10,12,16,,0.989,0.989,False,False,False
9282,22,13,18,,0.998,0.998,False,False,False
9282,21,14,18,,1.222,1.222,False,False,False
9282,63,15,10,,0.466,0.466,False,False,False
9282,24,16,9,,0.875,0.875,False,False,False
9282,81,17,10,,0.919,0.919,False,False,False
9282,44,18,9,,1.095,1.095,False,False,False
9282,77,19,9,,1.104,1.104,False,False,False
9282,2,20,10,,1.239,1.239,False,False,False
9117,1,1,24,1826.73,0.0,0,False,False,False
9117,11,2,24,1847.778,21.048,21.048,False,False,False
9117,55,3,24,1849.818,23.088,23.088,False,False,False
9117,18,4,24,1856.433,29.703,29.703,False,False,False
9117,14,5,24,1856.839,30.109,30.109,False,False,False
9117,27,6,24,1858.027,31.297,31.297,False,False,False
9117,31,7,24,1863.332,36.602,36.602,False,False,False
9117,63,8,24,1863.341,36.611,36.611,False,False,False
9117,4,9,24,1865.338,38.608,38.608,False,False,False
9117,44,10,24,1873.105,46.375,46.375,False,False,False
9117,81,11,24,1876.537,49.807,49.807,False,False,False
9117,16,12,24,1877.519,50.789,50.789,False,False,False
9117,23,13,24,1879.578,52.848,52.848,False,False,False
9117,20,14,24,1883.323,56.593,56.593,False,False,False
9117,10,15,24,1884.382,57.652,57.652,False,False,False
9117,22,16,24,1891.552,64.822,64.822,False,False,False
9117,21,17,24,1892.347,65.617,65.617,False,False,False
9117,2,18,24,1892.789,66.059,66.059,False,False,False
9117,24,19,24,1897.555,70.825,70.825,False,False,False
9117,77,20,24,1903.165,76.435,76.435,False,False,False
9118,1,1,71,5133.607,0.0,0,False,False,False
9118,16,2,71,5138.762,5.155,5.155,False,False,False
9118,11,3,71,5150.795,17.188,17.188,False,False,False
9118,4,4,71,5159.934,26.327,26.327,False,False,False
9118,14,5,71,5163.924,30.317,30.317,False,False,False
9118,55,6,71,5164.984,31.377,31.377,False,False,False
9118,63,7,71,5182.01,48.403,48.403,False,False,False
9118,44,8,71,5182.803,49.196,49.196,False,False,False
9118,18,9,71,5192.65,59.043,59.043,False,False,False
9118,10,10,71,5201.274,67.667,67.667,False,False,False
9118,23,11,71,5213.374,79.767,79.767,False,False,False
9118,24,12,70,,,+1 LAP,False,False,False
9118,2,13,70,,,+1 LAP,False,False,False
9118,31,14,70,,,+1 LAP,False,False,False
9118,77,15,70,,,+1 LAP,False,False,False
9118,81,16,70,,,+1 LAP,False,False,False
9118,21,17,70,,,+1 LAP,False,False,False
9118,20,18,70,,,+1 LAP,False,False,False
9118,22,19,70,,,+1 LAP,False,False,False
9118,27,,12,,,,True,False,False
9119,1,1,26,88.6,0.0,0,False,False,False
9119,11,2,22,89.048,0.448,0.448,False,False,False
9119,23,3,22,89.089,0.489,0.489,False,False,False
9119,14,4,21,89.268,0.668,0.668,False,False,False
9119,16,5,25,89.28,0.68,0.68,False,False,False
9119,31,6,23,89.319,0.719,0.719,False,False,False
9119,55,7,25,89.357,0.757,0.757,False,False,False
9119,4,8,25,89.441,0.841,0.841,False,False,False
9119,18,9,26,89.471,0.871,0.871,False,False,False
9119,81,10,16,89.658,1.058,1.058,False,False,False
9119,21,11,26,89.691,1.091,1.091,False,False,False
9119,44,12,23,89.768,1.168,1.168,False,False,False
9119,10,13,24,89.828,1.228,1.228,False,False,False
9119,63,14,28,89.874,1.274,1.274,False,False,False
9119,77,15,22,90.09,1.49,1.49,False,False,False
9119,22,16,28,90.092,1.492,1.492,False,False,False
9119,2,17,24,90.124,1.524,1.524,False,False,False
9119,24,18,20,90.321,1.721,1.721,False,False,False
9119,20,19,21,90.385,1.785,1.785,False,False,False
9119,27,20,22,90.591,1.991,1.991,False,False,False
9120,1,1,27,88.078,0.0,0,False,False,False
9120,55,2,29,88.1,0.022,0.022,False,False,False
9120,23,3,30,88.296,0.218,0.218,False,False,False
9120,11,4,30,88.342,0.264,0.264,False,False,False
9120,2,5,29,88.766,0.688,0.688,False,False,False
9120,18,6,30,88.866,0.788,0.788,False,False,False
9120,27,7,28,88.88,0.802,0.802,False,False,False
9120,10,8,27,88.889,0.811,0.811,False,False,False
9120,81,9,29,88.926,0.848,0.848,False,False,False
9120,14,10,26,89.134,1.056,1.056,False,False,False
9120,24,11,28,89.225,1.147,1.147,False,False,False
9120,63,12,25,89.238,1.16,1.16,False,False,False
9120,31,13,24,89.242,1.164,1.164,False,False,False
9120,4,14,24,89.26,1.182,1.182,False,False,False
9120,44,15,24,89.283,1.205,1.205,False,False,False
9120,77,16,28,89.378,1.3,1.3,False,False,False
9120,20,17,20,89.439,1.361,1.361,False,False,False
9120,22,18,25,89.483,1.405,1.405,False,False,False
9120,21,19,29,89.571,1.493,1.493,False,False,False
9121,16,1,24,87.419,0.0,0,False,False,False
9121,23,2,14,87.592,0.173,0.173,False,False,False
9121,14,3,17,87.784,0.365,0.365,False,False,False
9121,10,4,19,87.893,0.474,0.474,False,False,False
9121,44,5,16,87.948,0.529,0.529,False,False,False
9121,55,6,21,87.964,0.545,0.545,False,False,False
9121,2,7,16,88.151,0.732,0.732,False,False,False
9121,1,8,19,88.266,0.847,0.847,False,False,False
9121,63,9,17,88.284,0.865,0.865,False,False,False
9121,22,10,21,88.337,0.918,0.918,False,False,False
9121,21,11,20,88.504,1.085,1.085,False,False,False
9121,4,12,18,88.563,1.144,1.144,False,False,False
9121,18,13,15,88.62,1.201,1.201,False,False,False
9121,11,14,19,88.904,1.485,1.485,False,False,False
9121,20,15,13,89.207,1.788,1.788,False,False,False
9121,31,16,22,89.233,1.814,1.814,False,False,False
9121,81,17,20,89.437,2.018,2.018,False,False,False
9121,77,18,15,89.586,2.167,2.167,False,False,False
9121,27,19,13,93.59,6.171,6.171,False,False,False
9121,24,20,2,,,,False,False,False
9122,1,1,26,,0.0,0.0,False,False,False
9122,4,2,26,,0.241,0.241,False,False,False
9122,81,3,26,,0.372,0.372,False,False,False
9122,16,4,25,,0.416,0.416,False,False,False
9122,55,5,26,,0.428,0.428,False,False,False
9122,63,6,24,,0.435,0.435,False,False,False
9122,44,7,25,,0.491,0.491,False,False,False
9122,23,8,25,,0.81,0.81,False,False,False
9122,14,9,24,,0.939,0.939,False,False,False
9122,10,10,24,,0.969,0.969,False,False,False
9122,27,11,17,,1.194,1.194,False,False,False
9122,18,12,19,,1.233,1.233,False,False,False
9122,31,13,18,,1.254,1.254,False,False,False
9122,2,14,19,,1.329,1.329,False,False,False
9122,77,,11,,0.881,0.881,False,False,False
9122,11,15,11,,1.051,1.051,False,False,False
9122,22,16,11,,1.108,1.108,False,False,False
9122,24,17,11,,1.206,1.206,False,False,False
9122,21,18,11,,1.596,1.596,False,False,False
9122,20,19,7,,3.461,3.461,False,False,False
9126,1,1,52,5116.938,0.0,0,False,False,False
9126,4,2,52,5120.736,3.798,3.798,False,False,False
9126,44,3,52,5123.721,6.783,6.783,False,False,False
9126,81,4,52,5124.714,7.776,7.776,False,False,False
9126,63,5,52,5128.144,11.206,11.206,False,False,False
9126,11,6,52,5129.82,12.882,12.882,False,False,False
9126,14,7,52,5134.131,17.193,17.193,False,False,False
9126,23,8,52,5134.816,17.878,17.878,False,False,False
9126,16,9,52,5135.627,18.689,18.689,False,False,False
9126,55,10,52,5136.386,19.448,19.448,False,False,False
9126,2,11,52,5140.57,23.632,23.632,False,False,False
9126,77,12,52,5142.768,25.83,25.83,False,False,False
9126,27,13,52,5143.601,26.663,26.663,False,False,False
9126,18,14,52,5144.421,27.483,27.483,False,False,False
9126,24,15,52,5146.758,29.82,29.82,False,False,False
9126,22,16,52,5148.163,31.225,31.225,False,False,False
9126,21,17,52,5150.066,33.128,33.128,False,False,False
9126,10,18,46,,,,True,False,False
9126,20,,31,,,,True,False,False
9126,31,,9,,,,True,False,False
9223,63,1,13,98.795,0.0,0,False,False,False
9223,81,2,14,99.154,0.359,0.359,False,False,False
9223,18,3,10,100.013,1.218,1.218,False,False,False
9223,4,4,13,100.277,1.482,1.482,False,False,False
9223,14,5,8,100.687,1.892,1.892,False,False,False
9223,77,6,14,101.032,2.237,2.237,False,False,False
9223,16,7,11,101.142,2.347,2.347,False,False,False
9223,24,8,9,101.363,2.568,2.568,False,False,False
9223,2,9,15,101.416,2.621,2.621,False,False,False
9223,27,10,12,102.706,3.911,3.911,False,False,False
9223,20,11,14,102.906,4.111,4.111,False,False,False
9223,22,12,7,105.575,6.78,6.78,False,False,False
9223,23,13,10,107.403,8.608,8.608,False,False,False
9223,3,14,7,,,,False,False,False
9223,55,15,6,,,,False,False,False
9223,11,16,2,,,,False,False,False
9223,31,17,4,,,,False,False,False
9223,10,18,3,,,,False,False,False
9223,1,19,4,,,,False,False,False
9223,44,20,3,,,,False,False,False
9127,16,1,20,77.686,0.0,0,False,False,False
9127,4,2,30,77.701,0.015,0.015,False,False,False
9127,10,3,26,77.918,0.232,0.232,False,False,False
9127,22,4,31,77.934,0.248,0.248,False,False,False
9127,31,5,30,78.045,0.359,0.359,False,False,False
9127,27,6,29,78.058,0.372,0.372,False,False,False
9127,77,7,29,78.085,0.399,0.399,False,False,False
9127,14,8,32,78.105,0.419,0.419,False,False,False
9127,24,9,31,78.108,0.422,0.422,False,False,False
9127,55,10,20,78.182,0.496,0.496,False,False,False
9127,1,11,18,78.279,0.593,0.593,False,False,False
9127,18,12,33,78.319,0.633,0.633,False,False,False
9127,23,13,32,78.377,0.691,0.691,False,False,False
9127,3,14,30,78.385,0.699,0.699,False,False,False
9127,20,15,27,78.504,0.818,0.818,False,False,False
9127,44,16,28,78.746,1.06,1.06,False,False,False
9127,2,17,30,78.836,1.15,1.15,False,False,False
9127,11,18,14,78.978,1.292,1.292,False,False,False
9127,81,19,18,79.117,1.431,1.431,False,False,False
9127,63,20,23,79.175,1.489,1.489,False,False,False
9128,44,1,20,77.811,0.0,0,False,False,False
9128,1,2,23,78.061,0.25,0.25,False,False,False
9128,11,3,25,78.067,0.256,0.256,False,False,False
9128,27,4,21,78.077,0.266,0.266,False,False,False
9128,4,5,19,78.082,0.271,0.271,False,False,False
9128,63,6,22,78.119,0.308,0.308,False,False,False
9128,16,7,28,78.19,0.379,0.379,False,False,False
9128,55,8,29,78.234,0.423,0.423,False,False,False
9128,14,9,20,78.35,0.539,0.539,False,False,False
9128,77,10,24,78.489,0.678,0.678,False,False,False
9128,18,11,20,78.536,0.725,0.725,False,False,False
9128,24,12,23,78.544,0.733,0.733,False,False,False
9128,23,13,17,78.592,0.781,0.781,False,False,False
9128,81,14,19,78.598,0.787,0.787,False,False,False
9128,20,15,26,78.649,0.838,0.838,False,False,False
9128,10,16,22,78.776,0.965,0.965,False,False,False
9128,2,17,16,78.814,1.003,1.003,False,False,False
9128,3,18,28,78.828,1.017,1.017,False,False,False
9128,31,19,22,78.979,1.168,1.168,False,False,False
9128,22,20,29,79.156,1.345,1.345,False,False,False
9129,44,1,20,,0.0,0.0,False,False,False
9129,1,2,21,,0.003,0.003,False,False,False
9129,4,3,20,,0.085,0.085,False,False,False
9129,81,4,20,,0.296,0.296,False,False,False
9129,24,5,22,,0.362,0.362,False,False,False
9129,16,6,21,,0.383,0.383,False,False,False
9129,77,7,20,,0.425,0.425,False,False,False
9129,14,8,21,,0.426,0.426,False,False,False
9129,11,9,23,,0.436,0.436,False,False,False
9129,27,10,20,,0.577,0.577,False,False,False
9129,55,11,15,,0.375,0.375,False,False,False
9129,31,12,16,,0.513,0.513,False,False,False
9129,3,13,15,,0.674,0.674,False,False,False
9129,18,14,18,,0.816,0.816,False,False,False
9129,10,15,16,,0.889,0.889,False,False,False
9129,23,16,8,,0.774,0.774,False,False,False
9129,22,17,9,,0.776,0.776,False,False,False
9129,63,18,9,,0.884,0.884,False,False,False
9129,20,19,8,,1.063,1.063,False,False,False
9129,2,20,8,,1.105,1.105,False,False,False
9133,1,1,70,5888.634,0.0,0,False,False,False
9133,4,2,70,5922.365,33.731,33.731,False,False,False
9133,11,3,70,5926.237,37.603,37.603,False,False,False
9133,44,4,70,5927.768,39.134,39.134,False,False,False
9133,81,5,70,5951.206,62.572,62.572,False,False,False
9133,63,6,70,5954.459,65.825,65.825,False,False,False
9133,16,7,70,5958.951,70.317,70.317,False,False,False
9133,55,8,70,5959.707,71.073,71.073,False,False,False
9133,14,9,70,5964.343,75.709,75.709,False,False,False
9133,18,10,69,,,+1 LAP,False,False,False
9133,23,11,69,,,+1 LAP,False,False,False
9133,77,12,69,,,+1 LAP,False,False,False
9133,3,13,69,,,+1 LAP,False,False,False
9133,27,14,69,,,+1 LAP,False,False,False
9133,22,15,69,,,+1 LAP,False,False,False
9133,24,16,69,,,+1 LAP,False,False,False
9133,20,17,69,,,+1 LAP,False,False,False
9133,2,18,67,,,,True,False,False
9133,31,,2,,,,True,False,False
9133,10,,1,,,,True,False,False
9134,55,1,9,123.207,0.0,0,False,False,False
9134,81,2,4,123.792,0.585,0.585,False,False,False
9134,4,3,4,124.484,1.277,1.277,False,False,False
9134,16,4,8,128.148,4.941,4.941,False,False,False
9134,11,5,5,128.24,5.033,5.033,False,False,False
9134,23,6,5,128.394,5.187,5.187,False,False,False
9134,22,7,8,129.067,5.86,5.86,False,False,False
9134,20,8,7,129.229,6.022,6.022,False,False,False
9134,3,9,7,129.319,6.112,6.112,False,False,False
9134,27,10,8,130.042,6.835,6.835,False,False,False
9134,14,11,4,130.283,7.076,7.076,False,False,False
9134,44,12,7,130.299,7.092,7.092,False,False,False
9134,63,13,7,130.475,7.268,7.268,False,False,False
9134,77,14,9,132.085,8.878,8.878,False,False,False
9134,24,15,8,134.002,10.795,10.795,False,False,False
9134,2,16,4,,,,False,False,False
9134,18,17,5,,,,False,False,False
9134,10,18,2,,,,False,False,False
9134,31,19,2,,,,False,False,False
9134,1,20,2,,,,False,False,False
9286,1,1,14,,0.0,0.0,False,False,False
9286,81,2,14,,0.011,0.011,False,False,False
9286,55,3,14,,0.025,0.025,False,False,False
9286,16,4,14,,0.195,0.195,False,False,False
9286,4,5,16,,0.333,0.333,False,False,False
9286,10,6,15,,0.644,0.644,False,False,False
9286,44,7,16,,0.844,0.844,False,False,False
9286,11,8,14,,0.905,0.905,False,False,False
9286,31,9,15,,1.438,1.438,False,False,False
9286,63,10,13,,6.686,6.686,False,False,False
9286,3,11,10,,2.487,2.487,False,False,False
9286,23,12,8,,1.063,1.063,True,False,False
9286,2,13,10,,1.896,1.896,True,False,False
9286,18,14,9,,2.325,2.325,True,False,False
9286,14,15,6,,0.903,0.903,False,True,False
9286,22,16,6,,2.433,2.433,False,False,False
9286,77,17,6,,2.816,2.816,False,False,False
9286,20,18,7,,2.944,2.944,False,False,False
9286,24,19,7,,3.295,3.295,False,False,False
9286,27,,6,,,,True,False,False
9140,1,1,11,1498.433,0.0,0,False,False,False
9140,81,2,11,1505.11,6.677,6.677,False,False,False
9140,10,3,11,1509.166,10.733,10.733,False,False,False
9140,55,4,11,1511.081,12.648,12.648,False,False,False
9140,16,5,11,1513.449,15.016,15.016,False,False,False
9140,4,6,11,1514.485,16.052,16.052,False,False,False
9140,44,7,11,1515.19,16.757,16.757,False,False,False
9140,63,8,11,1515.255,16.822,16.822,False,False,False
9140,31,9,11,1520.843,22.41,22.41,False,False,False
9140,3,10,11,1521.239,22.806,22.806,False,False,False
9140,18,11,11,1523.44,25.007,25.007,False,False,False
9140,23,12,11,1524.736,26.303,26.303,False,False,False
9140,77,13,11,1525.439,27.006,27.006,False,False,False
9140,20,14,11,1531.419,32.986,32.986,False,False,False
9140,24,15,11,1534.775,36.342,36.342,False,False,False
9140,2,16,11,1536.004,37.571,37.571,False,False,False
9140,27,17,11,1536.26,37.827,37.827,False,False,False
9140,22,18,11,1537.7,39.267,39.267,False,False,False
9140,11,,8,,,,True,False,False
9140,14,,2,,,,True,False,False
9141,1,1,44,4950.45,0.0,0,False,False,False
9141,11,2,44,4972.755,22.305,22.305,False,False,False
9141,16,3,44,4982.709,32.259,32.259,False,False,False
9141,44,4,44,5000.121,49.671,49.671,False,False,False
9141,14,5,44,5006.634,56.184,56.184,False,False,False
9141,63,6,44,5013.551,63.101,63.101,False,False,False
9141,4,7,44,5024.169,73.719,73.719,False,False,False
9141,31,8,44,5025.169,74.719,74.719,False,False,False
9141,18,9,44,5029.79,79.34,79.34,False,False,False
9141,22,10,44,5030.671,80.221,80.221,False,False,False
9141,10,11,44,5033.534,83.084,83.084,False,False,False
9141,77,12,44,5035.641,85.191,85.191,False,False,False
9141,24,13,44,5045.891,95.441,95.441,False,False,False
9141,23,14,44,5046.634,96.184,96.184,False,False,False
9141,20,15,44,5052.204,101.754,101.754,False,False,False
9141,3,16,44,5053.521,103.071,103.071,False,False,False
9141,2,17,44,5054.926,104.476,104.476,False,False,False
9141,27,18,44,5060.9,110.45,110.45,False,False,False
9141,55,,23,,,,True,False,False
9141,81,,0,,,,True,False,False
9142,1,1,31,71.852,0.0,0,False,False,False
9142,14,2,22,72.13,0.278,0.278,False,False,False
9142,44,3,24,72.225,0.373,0.373,False,False,False
9142,11,4,27,72.323,0.471,0.471,False,False,False
9142,23,5,25,72.447,0.595,0.595,False,False,False
9142,4,6,22,72.46,0.608,0.608,False,False,False
9142,2,7,30,72.617,0.765,0.765,False,False,False
9142,81,8,21,72.658,0.806,0.806,False,False,False
9142,22,9,21,72.749,0.897,0.897,False,False,False
9142,31,10,29,72.802,0.95,0.95,False,False,False
9142,63,11,23,72.813,0.961,0.961,False,False,False
9142,10,12,30,72.895,1.043,1.043,False,False,False
9142,3,13,26,72.99,1.138,1.138,False,False,False
9142,20,14,30,73.322,1.47,1.47,False,False,False
9142,77,15,30,73.448,1.596,1.596,False,False,False
9142,16,16,26,73.519,1.667,1.667,False,False,False
9142,24,17,20,73.826,1.974,1.974,False,False,False
9142,27,18,13,74.023,2.171,2.171,False,False,False
9142,39,19,25,74.803,2.951,2.951,False,False,False
9142,18,20,2,,,,False,False,False
9143,4,1,30,71.33,0.0,0,False,False,False
9143,1,2,26,71.353,0.023,0.023,False,False,False
9143,23,3,31,71.599,0.269,0.269,False,False,False
9143,44,4,27,71.638,0.308,0.308,False,False,False
9143,22,5,31,71.72,0.39,0.39,False,False,False
9143,10,6,30,71.766,0.436,0.436,False,False,False
9143,11,7,29,71.817,0.487,0.487,False,False,False
9143,18,8,31,71.835,0.505,0.505,False,False,False
9143,77,9,31,71.857,0.527,0.527,False,False,False
9143,14,10,31,71.863,0.533,0.533,False,False,False
9143,16,11,30,71.915,0.585,0.585,False,False,False
9143,2,12,32,71.934,0.604,0.604,False,False,False
9143,31,13,30,72.001,0.671,0.671,False,False,False
9143,63,14,28,72.009,0.679,0.679,False,False,False
9143,24,15,30,72.074,0.744,0.744,False,False,False
9143,55,16,31,72.093,0.763,0.763,False,False,False
9143,20,17,28,72.404,1.074,1.074,False,False,False
9143,27,18,31,72.693,1.363,1.363,False,False,False
9143,81,19,6,72.901,1.571,1.571,False,False,False
9143,3,20,7,73.096,1.766,1.766,False,False,False
9144,1,1,18,81.631,0.0,0,False,False,False
9144,63,2,18,82.01,0.379,0.379,False,False,False
9144,11,3,18,82.631,1.0,1.0,False,False,False
9144,14,4,14,82.634,1.003,1.003,False,False,False
9144,44,5,18,82.723,1.092,1.092,False,False,False
9144,23,6,19,82.75,1.119,1.119,False,False,False
9144,81,7,20,82.892,1.261,1.261,False,False,False
9144,77,8,25,82.965,1.334,1.334,False,False,False
9144,16,9,12,83.093,1.462,1.462,False,False,False
9144,4,10,24,83.158,1.527,1.527,False,False,False
9144,10,11,15,83.21,1.579,1.579,False,False,False
9144,55,12,17,83.438,1.807,1.807,False,False,False
9144,22,13,18,83.544,1.913,1.913,False,False,False
9144,2,14,20,83.57,1.939,1.939,False,False,False
9144,27,15,20,83.64,2.009,2.009,False,False,False
9144,31,16,12,83.806,2.175,2.175,False,False,False
9144,18,17,15,84.058,2.427,2.427,False,False,False
9144,40,18,26,86.343,4.712,4.712,False,False,False
9144,24,19,9,88.482,6.851,6.851,False,False,False
9144,20,20,1,,,,False,False,False
9145,1,1,31,,0.0,0.0,False,False,False
9145,4,2,30,,0.537,0.537,False,False,False
9145,63,3,32,,0.727,0.727,False,False,False
9145,23,4,32,,0.852,0.852,False,False,False
9145,14,5,30,,0.939,0.939,False,False,False
9145,55,6,32,,1.187,1.187,False,False,False
9145,11,7,33,,1.313,1.313,False,False,False
9145,81,8,31,,1.371,1.371,False,False,False
9145,16,9,27,,2.098,2.098,False,False,False
9145,2,10,27,,6.181,6.181,False,False,False
9145,18,11,22,,1.265,1.265,False,False,False
9145,10,12,21,,1.272,1.272,False,False,False
9145,44,13,23,,1.295,1.295,False,False,False
9145,22,14,22,,1.374,1.374,False,False,False
9145,27,15,20,,1.394,1.394,False,False,False
9145,24,16,12,,1.128,1.128,False,False,False
9145,31,17,12,,1.171,1.171,False,False,False
9145,20,18,11,,1.253,1.253,False,False,False
9145,77,19,12,,1.321,1.321,False,False,False
9145,40,20,12,,2.481,2.481,False,False,False
9149,1,1,72,8644.411,0.0,0,False,False,False
9149,14,2,72,8648.155,3.744,3.744,False,False,False
9149,10,3,72,8651.469,7.058,7.058,False,False,False
9149,11,4,72,8654.479,10.068,10.068,False,False,False
9149,55,5,72,8656.952,12.541,12.541,False,False,False
9149,44,6,72,8657.62,13.209,13.209,False,False,False
9149,4,7,72,8657.643,13.232,13.232,False,False,False
9149,23,8,72,8659.566,15.155,15.155,False,False,False
9149,81,9,72,8660.991,16.58,16.58,False,False,False
9149,31,10,72,8662.757,18.346,18.346,False,False,False
9149,18,11,72,8664.498,20.087,20.087,False,False,False
9149,27,12,72,8665.251,20.84,20.84,False,False,False
9149,40,13,72,8670.558,26.147,26.147,False,False,False
9149,77,14,72,8671.799,27.388,27.388,False,False,False
9149,22,15,72,8674.304,29.893,29.893,False,False,False
9149,20,16,72,8675.821,31.41,31.41,False,False,False
9149,63,17,72,8700.165,55.754,55.754,False,False,False
9149,24,,62,,,,True,False,False
9149,16,,41,,,,True,False,False
9149,2,,14,,,,True,False,False
9150,1,1,31,82.657,0.0,0,False,False,False
9150,55,2,28,82.703,0.046,0.046,False,False,False
9150,11,3,30,82.834,0.177,0.177,False,False,False
9150,16,4,22,82.966,0.309,0.309,False,False,False
9150,63,5,28,83.189,0.532,0.532,False,False,False
9150,14,6,24,83.214,0.557,0.557,False,False,False
9150,4,7,22,83.241,0.584,0.584,False,False,False
9150,44,8,26,83.269,0.612,0.612,False,False,False
9150,22,9,23,83.271,0.614,0.614,False,False,False
9150,23,10,18,83.444,0.787,0.787,False,False,False
9150,81,11,24,83.446,0.789,0.789,False,False,False
9150,2,12,21,83.661,1.004,1.004,False,False,False
9150,40,13,29,83.833,1.176,1.176,False,False,False
9150,10,14,26,83.931,1.274,1.274,False,False,False
9150,77,15,17,83.952,1.295,1.295,False,False,False
9150,27,16,23,84.067,1.41,1.41,False,False,False
9150,31,17,26,84.09,1.433,1.433,False,False,False
9150,34,18,24,84.14,1.483,1.483,False,False,False
9150,20,19,24,84.217,1.56,1.56,False,False,False
9150,24,20,17,84.232,1.575,1.575,False,False,False
9151,55,1,23,81.355,0.0,0,False,False,False
9151,4,2,20,81.374,0.019,0.019,False,False,False
9151,11,3,17,81.54,0.185,0.185,False,False,False
9151,81,4,21,81.545,0.19,0.19,False,False,False
9151,1,5,20,81.631,0.276,0.276,False,False,False
9151,16,6,23,81.716,0.361,0.361,False,False,False
9151,23,7,19,81.979,0.624,0.624,False,False,False
9151,14,8,16,82.071,0.716,0.716,False,False,False
9151,63,9,20,82.176,0.821,0.821,False,False,False
9151,27,10,19,82.291,0.936,0.936,False,False,False
9151,20,11,21,82.574,1.219,1.219,False,False,False
9151,77,12,19,82.595,1.24,1.24,False,False,False
9151,10,13,22,82.651,1.296,1.296,False,False,False
9151,22,14,23,82.696,1.341,1.341,False,False,False
9151,31,15,22,82.716,1.361,1.361,False,False,False
9151,2,16,24,82.755,1.4,1.4,False,False,False
9151,44,17,23,82.783,1.428,1.428,False,False,False
9151,40,18,23,83.167,1.812,1.812,False,False,False
9151,24,19,20,83.346,1.991,1.991,False,False,False
9151,18,20,2,,,,False,False,False
9152,55,1,23,80.912,0.0,0,False,False,False
9152,1,2,23,80.998,0.086,0.086,False,False,False
9152,44,3,23,81.453,0.541,0.541,False,False,False
9152,16,4,23,81.486,0.574,0.574,False,False,False
9152,14,5,24,81.711,0.799,0.799,False,False,False
9152,63,6,25,81.73,0.818,0.818,False,False,False
9152,20,7,21,81.884,0.972,0.972,False,False,False
9152,27,8,27,81.985,1.073,1.073,False,False,False
9152,23,9,18,82.054,1.142,1.142,False,False,False
9152,11,10,16,82.192,1.28,1.28,False,False,False
9152,18,11,31,82.245,1.333,1.333,False,False,False
9152,40,12,29,82.296,1.384,1.384,False,False,False
9152,22,13,28,82.297,1.385,1.385,False,False,False
9152,81,14,17,82.302,1.39,1.39,False,False,False
9152,2,15,23,82.38,1.468,1.468,False,False,False
9152,77,16,30,82.511,1.599,1.599,False,False,False
9152,4,17,24,82.515,1.603,1.603,False,False,False
9152,31,18,20,82.739,1.827,1.827,False,False,False
9152,24,19,30,82.742,1.83,1.83,False,False,False
9152,10,20,22,82.852,1.94,1.94,False,False,False
9153,55,1,20,,0.0,0.0,False,False,False
9153,1,2,21,,0.013,0.013,False,False,False
9153,16,3,21,,0.067,0.067,False,False,False
9153,63,4,21,,0.377,0.377,False,False,False
9153,11,5,21,,0.394,0.394,False,False,False
9153,23,6,21,,0.466,0.466,False,False,False
9153,81,7,24,,0.491,0.491,False,False,False
9153,44,8,21,,0.526,0.526,False,False,False
9153,4,9,23,,0.685,0.685,False,False,False
9153,14,10,19,,1.123,1.123,False,False,False
9153,22,11,15,,0.657,0.657,False,False,False
9153,40,12,15,,0.821,0.821,False,False,False
9153,27,13,16,,0.839,0.839,False,False,False
9153,77,14,14,,1.003,1.003,False,False,False
9153,2,15,15,,1.007,1.007,False,False,False
9153,24,16,8,,0.817,0.817,False,False,False
9153,10,17,7,,0.972,0.972,False,False,False
9153,31,18,8,,0.975,0.975,False,False,False
9153,20,19,8,,1.019,1.019,False,False,False
9153,18,20,9,,1.287,1.287,False,False,False
9157,1,1,51,4421.143,0.0,0,False,False,False
9157,11,2,51,4427.207,6.064,6.064,False,False,False
9157,55,3,51,4432.336,11.193,11.193,False,False,False
9157,16,4,51,4432.52,11.377,11.377,False,False,False
9157,63,5,51,4444.171,23.028,23.028,False,False,False
9157,44,6,51,4463.822,42.679,42.679,False,False,False
9157,23,7,51,4466.249,45.106,45.106,False,False,False
9157,4,8,51,4466.592,45.449,45.449,False,False,False
9157,14,9,51,4467.437,46.294,46.294,False,False,False
9157,77,10,51,4485.199,64.056,64.056,False,False,False
9157,40,11,51,4491.781,70.638,70.638,False,False,False
9157,81,12,51,4494.217,73.074,73.074,False,False,False
9157,2,13,51,4499.7,78.557,78.557,False,False,False
9157,24,14,51,4501.307,80.164,80.164,False,False,False
9157,10,15,51,4503.653,82.51,82.51,False,False,False
9157,18,16,51,4508.409,87.266,87.266,False,False,False
9157,27,17,50,,,+1 LAP,False,False,False
9157,20,18,50,,,+1 LAP,False,False,False
9157,31,,39,,,,True,False,False
9157,22,,0,,,,False,True,False
9158,16,1,25,93.35,0.0,0,False,False,False
9158,55,2,24,93.428,0.078,0.078,False,False,False
9158,1,3,22,93.476,0.126,0.126,False,False,False
9158,4,4,24,93.522,0.172,0.172,False,False,False
9158,44,5,21,93.54,0.19,0.19,False,False,False
9158,63,6,25,93.695,0.345,0.345,False,False,False
9158,11,7,22,93.725,0.375,0.375,False,False,False
9158,14,8,28,93.974,0.624,0.624,False,False,False
9158,22,9,25,94.042,0.692,0.692,False,False,False
9158,31,10,24,94.066,0.716,0.716,False,False,False
9158,18,11,25,94.568,1.218,1.218,False,False,False
9158,10,12,23,94.639,1.289,1.289,False,False,False
9158,23,13,19,94.657,1.307,1.307,False,False,False
9158,77,14,25,94.802,1.452,1.452,False,False,False
9158,20,15,23,94.887,1.537,1.537,False,False,False
9158,40,16,27,94.894,1.544,1.544,False,False,False
9158,27,17,22,94.985,1.635,1.635,False,False,False
9158,24,18,25,95.456,2.106,2.106,False,False,False
9158,81,19,22,95.474,2.124,2.124,False,False,False
9158,2,20,24,95.778,2.428,2.428,False,False,False
9159,55,1,26,92.12,0.0,0,False,False,False
9159,16,2,27,92.138,0.018,0.018,False,False,False
9159,63,3,25,92.355,0.235,0.235,False,False,False
9159,14,4,25,92.478,0.358,0.358,False,False,False
9159,44,5,23,92.585,0.465,0.465,False,False,False
9159,4,6,23,92.711,0.591,0.591,False,False,False
9159,11,7,23,92.812,0.692,0.692,False,False,False
9159,1,8,23,92.852,0.732,0.732,False,False,False
9159,20,9,25,93.017,0.897,0.897,False,False,False
9159,77,10,24,93.105,0.985,0.985,False,False,False
9159,27,11,22,93.139,1.019,1.019,False,False,False
9159,40,12,27,93.285,1.165,1.165,False,False,False
9159,31,13,25,93.361,1.241,1.241,False,False,False
9159,18,14,25,93.39,1.27,1.27,False,False,False
9159,81,15,23,93.461,1.341,1.341,False,False,False
9159,22,16,27,93.477,1.357,1.357,False,False,False
9159,24,17,25,93.575,1.455,1.455,False,False,False
9159,10,18,24,93.824,1.704,1.704,False,False,False
9159,2,19,28,94.327,2.207,2.207,False,False,False
9159,23,20,5,95.558,3.438,3.438,False,False,False
9160,55,1,23,92.065,0.0,0,False,False,False
9160,63,2,20,92.134,0.069,0.069,False,False,False
9160,4,3,17,92.303,0.238,0.238,False,False,False
9160,1,4,21,92.378,0.313,0.313,False,False,False
9160,16,5,25,92.381,0.316,0.316,False,False,False
9160,44,6,18,92.535,0.47,0.47,False,False,False
9160,81,7,18,92.73,0.665,0.665,False,False,False
9160,11,8,20,92.784,0.719,0.719,False,False,False
9160,27,9,18,92.896,0.831,0.831,False,False,False
9160,22,10,18,92.945,0.88,0.88,False,False,False
9160,20,11,16,92.97,0.905,0.905,False,False,False
9160,31,12,19,92.979,0.914,0.914,False,False,False
9160,14,13,19,93.051,0.986,0.986,False,False,False
9160,18,14,23,93.126,1.061,1.061,False,False,False
9160,10,15,19,93.351,1.286,1.286,False,False,False
9160,40,16,19,93.357,1.292,1.292,False,False,False
9160,23,17,15,93.37,1.305,1.305,False,False,False
9160,77,18,26,93.54,1.475,1.475,False,False,False
9160,24,19,24,93.637,1.572,1.572,False,False,False
9160,2,20,16,93.708,1.643,1.643,False,False,False
9161,55,1,20,,0.0,0.0,False,False,False
9161,63,2,17,,0.072,0.072,False,False,False
9161,16,3,21,,0.079,0.079,False,False,False
9161,4,4,20,,0.286,0.286,False,False,False
9161,44,5,16,,0.501,0.501,False,False,False
9161,20,6,21,,0.591,0.591,False,False,False
9161,14,7,17,,0.631,0.631,False,False,False
9161,31,8,18,,0.689,0.689,False,False,False
9161,27,9,21,,0.824,0.824,False,False,False
9161,40,10,21,,1.284,1.284,False,False,False
9161,1,11,14,,0.734,0.734,False,False,False
9161,10,12,12,,0.835,0.835,False,False,False
9161,11,13,13,,0.871,0.871,False,False,False
9161,23,14,12,,2.28,2.28,False,False,False
9161,22,15,10,,0.0,0.0,True,False,False
9161,77,16,9,,0.818,0.818,False,False,False
9161,81,17,9,,0.911,0.911,False,False,False
9161,2,18,9,,1.261,1.261,False,False,False
9161,24,19,9,,1.267,1.267,False,False,False
9161,18,20,8,,1.406,1.406,False,False,False
9165,55,1,62,6397.418,0.0,0,False,False,False
9165,4,2,62,6398.23,0.812,0.812,False,False,False
9165,44,3,62,6398.687,1.269,1.269,False,False,False
9165,16,4,62,6418.595,21.177,21.177,False,False,False
9165,1,5,62,6418.859,21.441,21.441,False,False,False
9165,10,6,62,6435.859,38.441,38.441,False,False,False
9165,81,7,62,6438.897,41.479,41.479,False,False,False
9165,11,8,62,6456.952,59.534,59.534,False,False,False
9165,40,9,62,6463.336,65.918,65.918,False,False,False
9165,20,10,62,6469.534,72.116,72.116,False,False,False
9165,23,11,62,6470.835,73.417,73.417,False,False,False
9165,24,12,62,6481.067,83.649,83.649,False,False,False
9165,27,13,62,6483.619,86.201,86.201,False,False,False
9165,2,14,62,6484.307,86.889,86.889,False,False,False
9165,14,15,62,6485.021,87.603,87.603,False,False,False
9165,63,16,61,,,,True,False,False
9165,77,,51,,,,True,False,False
9165,31,,42,,,,True,False,False
9165,22,,0,,,,True,False,False
9166,1,1,25,91.647,0.0,0,False,False,False
9166,55,2,24,92.273,0.626,0.626,False,False,False
9166,4,3,24,92.392,0.745,0.745,False,False,False
9166,16,4,25,92.574,0.927,0.927,False,False,False
9166,22,5,21,92.597,0.95,0.95,False,False,False
9166,14,6,23,92.65,1.003,1.003,False,False,False
9166,81,7,26,92.713,1.066,1.066,False,False,False
9166,23,8,24,92.991,1.344,1.344,False,False,False
9166,40,9,28,93.005,1.358,1.358,False,False,False
9166,18,10,17,93.04,1.393,1.393,False,False,False
9166,11,11,25,93.043,1.396,1.396,False,False,False
9166,10,12,23,93.129,1.482,1.482,False,False,False
9166,63,13,24,93.31,1.663,1.663,False,False,False
9166,27,14,24,93.448,1.801,1.801,False,False,False
9166,31,15,22,93.516,1.869,1.869,False,False,False
9166,44,16,22,93.699,2.052,2.052,False,False,False
9166,77,17,24,93.86,2.213,2.213,False,False,False
9166,20,18,23,93.975,2.328,2.328,False,False,False
9166,2,19,27,94.212,2.565,2.565,False,False,False
9166,24,20,23,94.831,3.184,3.184,False,False,False
9167,1,1,19,90.688,0.0,0,False,False,False
9167,16,2,23,91.008,0.32,0.32,False,False,False
9167,4,3,22,91.152,0.464,0.464,False,False,False
9167,55,4,22,91.237,0.549,0.549,False,False,False
9167,63,5,22,91.328,0.64,0.64,False,False,False
9167,14,6,22,91.492,0.804,0.804,False,False,False
9167,23,7,23,91.555,0.867,0.867,False,False,False
9167,81,8,22,91.662,0.974,0.974,False,False,False
9167,11,9,24,91.71,1.022,1.022,False,False,False
9167,77,10,22,91.739,1.051,1.051,False,False,False
9167,18,11,22,91.771,1.083,1.083,False,False,False
9167,31,12,22,91.794,1.106,1.106,False,False,False
9167,27,13,24,91.797,1.109,1.109,False,False,False
9167,44,14,21,91.829,1.141,1.141,False,False,False
9167,40,15,23,92.141,1.453,1.453,False,False,False
9167,24,16,16,92.165,1.477,1.477,False,False,False
9167,20,17,23,92.169,1.481,1.481,False,False,False
9167,22,18,26,92.178,1.49,1.49,False,False,False
9167,10,19,22,92.179,1.491,1.491,False,False,False
9167,2,20,25,92.32,1.632,1.632,False,False,False
9168,1,1,12,90.267,0.0,0,False,False,False
9168,4,2,16,90.507,0.24,0.24,False,False,False
9168,81,3,15,90.555,0.288,0.288,False,False,False
9168,11,4,12,91.004,0.737,0.737,False,False,False
9168,16,5,20,91.022,0.755,0.755,False,False,False
9168,55,6,20,91.137,0.87,0.87,False,False,False
9168,44,7,13,91.159,0.892,0.892,False,False,False
9168,63,8,9,91.505,1.238,1.238,False,False,False
9168,14,9,16,91.549,1.282,1.282,False,False,False
9168,24,10,15,91.668,1.401,1.401,False,False,False
9168,77,11,15,91.699,1.432,1.432,False,False,False
9168,20,12,16,91.88,1.613,1.613,False,False,False
9168,31,13,13,91.924,1.657,1.657,False,False,False
9168,22,14,18,91.951,1.684,1.684,False,False,False
9168,27,15,13,91.979,1.712,1.712,False,False,False
9168,2,16,13,92.002,1.735,1.735,False,False,False
9168,40,17,18,92.048,1.781,1.781,False,False,False
9168,23,18,12,92.113,1.846,1.846,False,False,False
9168,18,19,19,92.154,1.887,1.887,False,False,False
9168,10,20,15,92.199,1.932,1.932,False,False,False
9169,1,1,12,,0.0,0.0,False,False,False
9169,81,2,14,,0.581,0.581,False,False,False
9169,4,3,12,,0.616,0.616,False,False,False
9169,16,4,14,,0.665,0.665,False,False,False
9169,11,5,18,,0.773,0.773,False,False,False
9169,55,6,14,,0.973,0.973,False,False,False
9169,44,7,18,,1.031,1.031,False,False,False
9169,63,8,15,,1.342,1.342,False,False,False
9169,22,9,18,,1.426,1.426,False,False,False
9169,14,10,15,,1.683,1.683,False,False,False
9169,40,11,16,,0.568,0.568,False,False,False
9169,10,12,12,,0.569,0.569,False,False,False
9169,23,13,12,,0.597,0.597,False,False,False
9169,31,14,12,,0.646,0.646,False,False,False
9169,20,15,9,,0.725,0.725,False,False,False
9169,77,16,5,,1.171,1.171,False,False,False
9169,18,17,7,,1.303,1.303,False,False,False
9169,27,18,6,,1.421,1.421,False,False,False
9169,24,19,6,,1.52,1.52,False,False,False
9169,2,,2,,,,True,False,False
9173,1,1,53,5458.421,0.0,0,False,False,False
9173,4,2,53,5477.808,19.387,19.387,False,False,False
9173,81,3,53,5494.915,36.494,36.494,False,False,False
9173,16,4,53,5502.419,43.998,43.998,False,False,False
9173,44,5,53,5507.797,49.376,49.376,False,False,False
9173,55,6,53,5508.642,50.221,50.221,False,False,False
9173,63,7,53,5516.08,57.659,57.659,False,False,False
9173,14,8,53,5533.146,74.725,74.725,False,False,False
9173,31,9,53,5538.099,79.678,79.678,False,False,False
9173,10,10,53,5541.576,83.155,83.155,False,False,False
9173,40,11,52,,,+1 LAP,False,False,False
9173,22,12,52,,,+1 LAP,False,False,False
9173,24,13,52,,,+1 LAP,False,False,False
9173,27,14,52,,,+1 LAP,False,False,False
9173,20,15,52,,,+1 LAP,False,False,False
9173,23,,26,,,,True,False,False
9173,2,,22,,,,True,False,False
9173,18,,20,,,,True,False,False
9173,11,,15,,,,True,False,False
9173,77,,7,,,,True,False,False
9214,1,1,26,87.428,0.0,0,False,False,False
9214,55,2,27,87.762,0.334,0.334,False,False,False
9214,16,3,27,87.909,0.481,0.481,False,False,False
9214,14,4,28,87.919,0.491,0.491,False,False,False
9214,11,5,24,88.016,0.588,0.588,False,False,False
9214,22,6,28,88.027,0.599,0.599,False,False,False
9214,27,7,22,88.171,0.743,0.743,False,False,False
9214,63,8,28,88.336,0.908,0.908,False,False,False
9214,81,9,20,88.38,0.952,0.952,False,False,False
9214,4,10,24,88.441,1.013,1.013,False,False,False
9214,2,11,25,88.55,1.122,1.122,False,False,False
9214,23,12,26,88.59,1.162,1.162,False,False,False
9214,44,13,26,88.679,1.251,1.251,False,False,False
9214,18,14,28,88.69,1.262,1.262,False,False,False
9214,31,15,25,88.732,1.304,1.304,False,False,False
9214,10,16,23,88.821,1.393,1.393,False,False,False
9214,77,17,27,89.041,1.613,1.613,False,False,False
9214,24,18,29,89.106,1.678,1.678,False,False,False
9214,40,19,29,89.238,1.81,1.81,False,False,False
9214,20,20,26,89.502,2.074,2.074,False,False,False
9215,1,1,19,,0.0,0.0,False,False,False
9215,63,2,21,,0.441,0.441,False,False,False
9215,44,3,20,,0.527,0.527,False,False,False
9215,14,4,21,,0.591,0.591,False,False,False
9215,16,5,26,,0.646,0.646,False,False,False
9215,81,6,23,,0.762,0.762,False,False,False
9215,10,7,23,,0.775,0.775,False,False,False
9215,31,8,24,,0.985,0.985,False,False,False
9215,77,9,21,,1.28,1.28,False,False,False
9215,4,10,21,,0.304,0.304,True,False,False
9215,22,11,16,,0.92,0.92,False,False,False
9215,55,12,18,,0.947,0.947,False,False,False
9215,11,13,16,,1.081,1.081,False,False,False
9215,23,14,15,,1.326,1.326,False,False,False
9215,27,15,12,,1.402,1.402,False,False,False
9215,2,16,10,,1.203,1.203,False,False,False
9215,18,17,10,,1.338,1.338,False,False,False
9215,40,18,10,,1.628,1.628,False,False,False
9215,20,19,9,,2.039,2.039,False,False,False
9215,24,20,9,,2.425,2.425,False,False,False
9298,81,1,18,,0.0,0.0,False,False,False
9298,4,2,14,,0.082,0.082,False,False,False
9298,1,3,12,,0.192,0.192,False,False,False
9298,63,4,17,,0.387,0.387,False,False,False
9298,55,5,21,,0.701,0.701,False,False,False
9298,16,6,21,,0.793,0.793,False,False,False
9298,27,7,16,,0.866,0.866,False,False,False
9298,11,8,17,,0.928,0.928,False,False,False
9298,14,9,13,,0.397,0.397,True,False,False
9298,31,10,15,,0.563,0.563,True,False,False
9298,10,11,12,,0.739,0.739,False,False,False
9298,44,12,14,,1.015,1.015,False,False,False
9298,77,13,8,,1.289,1.289,False,False,False
9298,40,14,12,,1.637,1.637,False,False,False
9298,24,15,10,,29.599,29.599,False,False,False
9298,18,16,8,,1.436,1.436,False,False,False
9298,23,17,6,,1.449,1.449,False,False,False
9298,22,18,6,,1.513,1.513,False,False,False
9298,20,19,5,,2.025,2.025,False,False,False
9298,2,,7,,40.328,40.328,False,False,False
9220,81,1,19,2101.297,0.0,0,False,False,False
9220,1,2,19,2103.168,1.871,1.871,False,False,False
9220,4,3,19,2109.794,8.497,8.497,False,False,False
9220,63,4,19,2112.333,11.036,11.036,False,False,False
9220,44,5,19,2118.611,17.314,17.314,False,False,False
9220,55,6,19,2120.103,18.806,18.806,False,False,False
9220,23,7,19,2121.161,19.864,19.864,False,False,False
9220,14,8,19,2122.477,21.18,21.18,False,False,False
9220,10,9,19,2123.039,21.742,21.742,False,False,False
9220,77,10,19,2123.505,22.208,22.208,False,False,False
9220,22,11,19,2124.16,22.863,22.863,False,False,False
9220,16,12,19,2126.157,24.86,24.86,False,False,False
9220,20,13,19,2126.267,24.97,24.97,False,False,False
9220,24,14,19,2128.165,26.868,26.868,False,False,False
9220,18,15,19,2130.82,29.523,29.523,False,False,False
9220,27,,11,,,,True,False,False
9220,31,,10,,,,True,False,False
9220,11,,10,,,,True,False,False
9220,2,,2,,,,True,False,False
9220,40,,0,,,,True,False,False
9221,1,1,57,5259.168,0.0,0,False,False,False
9221,81,2,57,5264.001,4.833,4.833,False,False,False
9221,4,3,57,5265.137,5.969,5.969,False,False,False
9221,63,4,57,5293.287,34.119,34.119,False,False,False
9221,16,5,57,5298.144,38.976,38.976,False,False,False
9221,14,6,57,5308.2,49.032,49.032,False,False,False
9221,31,7,57,5321.558,62.39,62.39,False,False,False
9221,77,8,57,5325.731,66.563,66.563,False,False,False
9221,24,9,57,5335.295,76.127,76.127,False,False,False
9221,11,10,57,5339.349,80.181,80.181,False,False,False
9221,18,11,57,5340.82,81.652,81.652,False,False,False
9221,10,12,57,5341.468,82.3,82.3,False,False,False
9221,23,13,57,5350.182,91.014,91.014,False,False,False
9221,20,14,56,,,+1 LAP,False,False,False
9221,22,15,56,,,+1 LAP,False,False,False
9221,27,16,56,,,+1 LAP,False,False,False
9221,40,17,56,,,+1 LAP,False,False,False
9221,2,,40,,,,True,False,False
9221,44,,0,,,,True,False,False
9221,55,,0,,,,False,True,False
9206,1,1,23,95.912,0.0,0,False,False,False
9206,16,2,25,96.068,0.156,0.156,False,False,False
9206,44,3,23,96.193,0.281,0.281,False,False,False
9206,11,4,23,96.212,0.3,0.3,False,False,False
9206,20,5,21,96.472,0.56,0.56,False,False,False
9206,63,6,25,96.474,0.562,0.562,False,False,False
9206,23,7,21,96.492,0.58,0.58,False,False,False
9206,55,8,24,96.533,0.621,0.621,False,False,False
9206,27,9,21,96.702,0.79,0.79,False,False,False
9206,10,10,22,96.705,0.793,0.793,False,False,False
9206,2,11,26,96.987,1.075,1.075,False,False,False
9206,31,12,22,97.066,1.154,1.154,False,False,False
9206,22,13,25,97.104,1.192,1.192,False,False,False
9206,3,14,24,97.152,1.24,1.24,False,False,False
9206,4,15,21,97.256,1.344,1.344,False,False,False
9206,24,16,25,97.418,1.506,1.506,False,False,False
9206,77,17,24,97.517,1.605,1.605,False,False,False
9206,14,18,19,97.84,1.928,1.928,False,False,False
9206,81,19,22,98.42,2.508,2.508,False,False,False
9206,18,20,5,99.94,4.028,4.028,False,False,False
9207,16,1,21,,0.0,0.0,False,False,False
9207,4,2,20,,0.13,0.13,False,False,False
9207,44,3,18,,0.139,0.139,False,False,False
9207,55,4,18,,0.222,0.222,False,False,False
9207,63,5,18,,0.356,0.356,False,False,False
9207,1,6,18,,0.358,0.358,False,False,False
9207,10,7,19,,0.366,0.366,False,False,False
9207,31,8,21,,0.431,0.431,False,False,False
9207,11,9,17,,0.45,0.45,False,False,False
9207,81,10,20,,0.744,0.744,False,False,False
9207,22,11,12,,0.693,0.693,False,False,False
9207,24,12,15,,0.694,0.694,False,False,False
9207,77,13,15,,0.854,0.854,False,False,False
9207,20,14,12,,0.876,0.876,False,False,False
9207,3,15,12,,0.97,0.97,False,False,False
9207,27,16,6,,1.144,1.144,False,False,False
9207,14,17,8,,1.177,1.177,False,False,False
9207,23,18,6,,1.224,1.224,False,False,False
9207,18,19,9,,1.498,1.498,False,False,False
9207,2,20,8,,1.736,1.736,False,False,False
9294,1,1,11,,0.0,0.0,False,False,False
9294,16,2,14,,0.055,0.055,False,False,False
9294,44,3,12,,0.069,0.069,False,False,False
9294,4,4,15,,0.101,0.101,False,False,False
9294,81,5,15,,0.356,0.356,False,False,False
9294,55,6,14,,0.401,0.401,False,False,False
9294,11,7,14,,0.503,0.503,False,False,False
9294,63,8,12,,0.661,0.661,False,False,False
9294,23,9,12,,0.828,0.828,False,False,False
9294,10,10,12,,1.359,1.359,False,False,False
9294,3,11,9,,0.797,0.797,False,False,False
9294,14,12,9,,0.906,0.906,False,False,False
9294,31,13,9,,0.956,0.956,False,False,False
9294,18,14,11,,1.0,1.0,False,False,False
9294,24,15,11,,1.001,1.001,False,False,False
9294,27,16,6,,0.752,0.752,False,False,False
9294,20,17,6,,0.925,0.925,False,False,False
9294,77,18,6,,0.925,0.925,False,False,False
9294,22,19,5,,0.948,0.948,False,False,False
9294,2,20,6,,1.189,1.189,False,False,False
9212,1,1,19,1890.849,0.0,0,False,False,False
9212,44,2,19,1900.314,9.465,9.465,False,False,False
9212,16,3,19,1908.836,17.987,17.987,False,False,False
9212,4,4,19,1909.712,18.863,18.863,False,False,False
9212,11,5,19,1913.777,22.928,22.928,False,False,False
9212,55,6,19,1919.156,28.307,28.307,False,False,False
9212,10,7,19,1923.252,32.403,32.403,False,False,False
9212,63,8,19,1925.099,34.25,34.25,False,False,False
9212,23,9,19,1925.416,34.567,34.567,False,False,False
9212,81,10,19,1933.252,42.403,42.403,False,False,False
9212,31,11,19,1935.835,44.986,44.986,False,False,False
9212,3,12,19,1936.358,45.509,45.509,False,False,False
9212,14,13,19,1939.935,49.086,49.086,False,False,False
9212,22,14,19,1940.582,49.733,49.733,False,False,False
9212,27,15,19,1947.499,56.65,56.65,False,False,False
9212,77,16,19,1955.25,64.401,64.401,False,False,False
9212,24,17,19,1958.821,67.972,67.972,False,False,False
9212,20,18,19,1961.971,71.122,71.122,False,False,False
9212,2,19,19,1962.298,71.449,71.449,False,False,False
9212,18,,16,,,,True,False,False
9213,1,1,56,5721.362,0.0,0,False,False,False
9213,44,,56,5723.587,2.225,2.225,False,False,False
9213,4,2,56,5732.092,10.73,10.73,False,False,False
9213,55,3,56,5736.496,15.134,15.134,False,False,False
9213,11,4,56,5739.822,18.46,18.46,False,False,False
9213,16,,56,5746.024,24.662,24.662,False,False,False
9213,63,5,56,5746.361,24.999,24.999,False,False,False
9213,10,6,56,5769.358,47.996,47.996,False,False,False
9213,18,7,56,5770.058,48.696,48.696,False,False,False
9213,22,8,56,5795.747,74.385,74.385,False,False,False
9213,23,9,56,5808.076,86.714,86.714,False,False,False
9213,2,10,56,5809.36,87.998,87.998,False,False,False
9213,27,11,56,5811.266,89.904,89.904,False,False,False
9213,77,12,56,5819.963,98.601,98.601,False,False,False
9213,24,13,55,,,+1 LAP,False,False,False
9213,20,14,55,,,+1 LAP,False,False,False
9213,3,15,55,,,+1 LAP,False,False,False
9213,14,,49,,,,True,False,False
9213,81,,10,,,,True,False,False
9213,31,,6,,,,True,False,False
9174,1,1,29,79.718,0.0,0,False,False,False
9174,23,2,31,79.813,0.095,0.095,False,False,False
9174,11,3,28,80.015,0.297,0.297,False,False,False
9174,4,4,30,80.237,0.519,0.519,False,False,False
9174,16,5,30,80.297,0.579,0.579,False,False,False
9174,81,6,32,80.463,0.745,0.745,False,False,False
9174,55,7,23,80.479,0.761,0.761,False,False,False
9174,3,8,30,80.568,0.85,0.85,False,False,False
9174,31,9,26,80.677,0.959,0.959,False,False,False
9174,18,10,26,80.687,0.969,0.969,False,False,False
9174,44,11,25,80.724,1.006,1.006,False,False,False
9174,27,12,29,80.968,1.25,1.25,False,False,False
9174,24,13,27,81.129,1.411,1.411,False,False,False
9174,2,14,30,81.157,1.439,1.439,False,False,False
9174,50,15,31,81.313,1.595,1.595,False,False,False
9174,14,16,17,81.347,1.629,1.629,False,False,False
9174,41,17,25,81.941,2.223,2.223,False,False,False
9174,61,18,25,82.109,2.391,2.391,False,False,False
9174,42,19,26,82.937,3.219,3.219,False,False,False
9174,98,20,4,,,,False,False,False
9175,1,1,26,78.686,0.0,0,False,False,False
9175,4,2,31,78.805,0.119,0.119,False,False,False
9175,16,3,33,78.952,0.266,0.266,False,False,False
9175,77,4,33,78.955,0.269,0.269,False,False,False
9175,11,5,29,78.988,0.302,0.302,False,False,False
9175,3,6,31,79.002,0.316,0.316,False,False,False
9175,44,7,30,79.024,0.338,0.338,False,False,False
9175,31,8,29,79.077,0.391,0.391,False,False,False
9175,81,9,31,79.163,0.477,0.477,False,False,False
9175,63,10,31,79.227,0.541,0.541,False,False,False
9175,55,11,34,79.257,0.571,0.571,False,False,False
9175,22,12,34,79.29,0.604,0.604,False,False,False
9175,24,13,27,79.415,0.729,0.729,False,False,False
9175,23,14,23,79.446,0.76,0.76,False,False,False
9175,27,15,29,79.535,0.849,0.849,False,False,False
9175,10,16,29,79.642,0.956,0.956,False,False,False
9175,2,17,26,79.9,1.214,1.214,False,False,False
9175,18,18,17,80.075,1.389,1.389,False,False,False
9175,20,19,30,80.112,1.426,1.426,False,False,False
9175,14,20,30,80.426,1.74,1.74,False,False,False
9176,1,1,19,77.887,0.0,0,False,False,False
9176,23,2,19,77.957,0.07,0.07,False,False,False
9176,11,3,19,78.026,0.139,0.139,False,False,False
9176,63,4,20,78.248,0.361,0.361,False,False,False
9176,81,5,22,78.392,0.505,0.505,False,False,False
9176,77,6,26,78.437,0.55,0.55,False,False,False
9176,22,7,26,78.45,0.563,0.563,False,False,False
9176,4,8,21,78.48,0.593,0.593,False,False,False
9176,3,9,15,78.499,0.612,0.612,False,False,False
9176,44,10,21,78.522,0.635,0.635,False,False,False
9176,2,11,15,78.718,0.831,0.831,False,False,False
9176,24,12,21,78.917,1.03,1.03,False,False,False
9176,16,13,22,78.97,1.083,1.083,False,False,False
9176,18,14,21,79.094,1.207,1.207,False,False,False
9176,55,15,23,79.293,1.406,1.406,False,False,False
9176,27,16,18,79.32,1.433,1.433,False,False,False
9176,14,17,21,79.471,1.584,1.584,False,False,False
9176,10,18,19,79.509,1.622,1.622,False,False,False
9176,20,19,9,79.573,1.686,1.686,False,False,False
9176,31,20,19,79.839,1.952,1.952,False,False,False
9177,16,1,17,,0.0,0.0,False,False,False
9177,55,2,17,,0.067,0.067,False,False,False
9177,1,3,15,,0.097,0.097,False,False,False
9177,3,4,15,,0.216,0.216,False,False,False
9177,11,5,16,,0.257,0.257,False,False,False
9177,44,6,18,,0.288,0.288,False,False,False
9177,81,7,18,,0.457,0.457,False,False,False
9177,63,8,19,,0.508,0.508,False,False,False
9177,77,9,17,,0.866,0.866,False,False,False
9177,24,10,15,,0.884,0.884,False,False,False
9177,10,11,15,,0.95,0.95,False,False,False
9177,27,12,12,,0.953,0.953,False,False,False
9177,14,13,14,,1.167,1.167,False,False,False
9177,23,14,12,,1.576,1.576,False,False,False
9177,22,15,11,,0.791,0.791,True,False,False
9177,31,16,6,,0.981,0.981,False,False,False
9177,20,17,9,,1.064,1.064,False,False,False
9177,18,18,9,,1.128,1.128,False,False,False
9177,4,19,6,,3.455,3.455,False,False,False
9177,2,,6,,,,True,False,False
9181,1,1,71,7350.814,0.0,0,False,False,False
9181,44,2,71,7364.689,13.875,13.875,False,False,False
9181,16,3,71,7373.938,23.124,23.124,False,False,False
9181,55,4,71,7377.968,27.154,27.154,False,False,False
9181,4,5,71,7384.08,33.266,33.266,False,False,False
9181,63,6,71,7391.834,41.02,41.02,False,False,False
9181,3,7,71,7392.384,41.57,41.57,False,False,False
9181,81,8,71,7393.918,43.104,43.104,False,False,False
9181,23,9,71,7399.387,48.573,48.573,False,False,False
9181,31,10,71,7413.693,62.879,62.879,False,False,False
9181,10,11,71,7417.022,66.208,66.208,False,False,False
9181,22,12,71,7429.796,78.982,78.982,False,False,False
9181,27,13,71,7431.123,80.309,80.309,False,False,False
9181,24,14,71,7432.49,81.676,81.676,False,False,False
9181,77,15,71,7436.411,85.597,85.597,False,False,False
9181,2,16,70,,,,True,False,False
9181,18,17,66,,,,True,False,False
9181,14,,47,,,,True,False,False
9181,20,,31,,,,True,False,False
9181,11,,1,,,,True,False,False
9198,55,1,30,71.732,0.0,0,False,False,False
9198,16,2,32,71.84,0.108,0.108,False,False,False
9198,63,3,31,71.865,0.133,0.133,False,False,False
9198,27,4,19,71.928,0.196,0.196,False,False,False
9198,23,5,28,72.044,0.312,0.312,False,False,False
9198,18,6,26,72.136,0.404,0.404,False,False,False
9198,10,7,31,72.184,0.452,0.452,False,False,False
9198,24,8,27,72.481,0.749,0.749,False,False,False
9198,2,9,30,72.579,0.847,0.847,False,False,False
9198,20,10,24,72.592,0.86,0.86,False,False,False
9198,14,11,28,72.615,0.883,0.883,False,False,False
9198,44,12,30,72.638,0.906,0.906,False,False,False
9198,22,13,29,72.714,0.982,0.982,False,False,False
9198,3,14,27,72.778,1.046,1.046,False,False,False
9198,31,15,30,72.779,1.047,1.047,False,False,False
9198,1,16,30,72.793,1.061,1.061,False,False,False
9198,77,17,31,73.012,1.28,1.28,False,False,False
9198,11,18,31,73.056,1.324,1.324,False,False,False
9198,4,19,25,73.629,1.897,1.897,False,False,False
9198,81,20,28,73.838,2.106,2.106,False,False,False
9304,1,1,18,,0.0,0.0,False,False,False
9304,16,2,18,,0.294,0.294,False,False,False
9304,18,3,16,,0.617,0.617,False,False,False
9304,14,4,18,,0.66,0.66,False,False,False
9304,44,5,21,,0.742,0.742,False,False,False
9304,63,6,21,,0.863,0.863,False,False,False
9304,4,7,13,,1.26,1.26,False,False,False
9304,55,8,20,,1.262,1.262,False,False,False
9304,11,9,17,,1.594,1.594,False,False,False
9304,81,10,15,,0.309,0.309,True,False,False
9304,27,11,15,,0.526,0.526,False,False,False
9304,31,12,15,,0.541,0.541,False,False,False
9304,10,13,14,,0.546,0.546,False,False,False
9304,20,14,15,,0.702,0.702,False,False,False
9304,23,15,15,,0.819,0.819,False,False,False
9304,22,16,9,,0.497,0.497,False,False,False
9304,3,17,6,,0.503,0.503,False,False,False
9304,77,18,9,,0.615,0.615,False,False,False
9304,2,19,9,,0.695,0.695,False,False,False
9304,24,20,9,,0.935,0.935,False,False,False
9308,4,1,15,,0.0,0.0,False,False,False
9308,1,2,16,,0.061,0.061,False,False,False
9308,11,3,16,,0.134,0.134,False,False,False
9308,63,4,14,,0.235,0.235,False,False,False
9308,44,5,14,,0.318,0.318,False,False,False
9308,22,6,12,,0.397,0.397,False,False,False
9308,16,7,15,,0.455,0.455,False,False,False
9308,3,8,11,,0.5,0.5,False,False,False
9308,55,9,13,,0.504,0.504,False,False,False
9308,81,10,14,,0.567,0.567,False,False,False
9308,20,11,10,,0.506,0.506,False,False,False
9308,27,12,10,,0.531,0.531,False,False,False
9308,10,13,8,,0.601,0.601,False,False,False
9308,77,14,8,,0.651,0.651,False,False,False
9308,14,15,6,,0.428,0.428,False,False,False
9308,31,16,5,,0.592,0.592,False,False,False
9308,18,17,6,,0.686,0.686,False,False,False
9308,24,18,5,,0.701,0.701,False,False,False
9308,23,19,5,,0.729,0.729,False,False,False
9308,2,20,6,,0.819,0.819,False,False,False
9204,1,1,24,1807.209,0.0,0,False,False,False
9204,4,2,24,1811.496,4.287,4.287,False,False,False
9204,11,3,24,1820.826,13.617,13.617,False,False,False
9204,63,4,24,1833.088,25.879,25.879,False,False,False
9204,16,5,24,1835.769,28.56,28.56,False,False,False
9204,22,6,24,1836.419,29.21,29.21,False,False,False
9204,44,7,24,1841.935,34.726,34.726,False,False,False
9204,55,8,24,1842.315,35.106,35.106,False,False,False
9204,3,9,24,1842.512,35.303,35.303,False,False,False
9204,81,10,24,1845.428,38.219,38.219,False,False,False
9204,14,11,24,1846.27,39.061,39.061,False,False,False
9204,18,12,24,1846.687,39.478,39.478,False,False,False
9204,10,13,24,1847.83,40.621,40.621,False,False,False
9204,31,14,24,1850.057,42.848,42.848,False,False,False
9204,23,15,24,1850.603,43.394,43.394,False,False,False
9204,20,16,24,1863.716,56.507,56.507,False,False,False
9204,24,17,24,1865.932,58.723,58.723,False,False,False
9204,27,18,24,1867.539,60.33,60.33,False,False,False
9204,77,19,24,1867.958,60.749,60.749,False,False,False
9204,2,20,24,1868.154,60.945,60.945,False,False,False
9205,1,1,71,7008.894,0.0,0,False,False,False
9205,4,2,71,7017.171,8.277,8.277,False,False,False
9205,14,3,71,7043.049,34.155,34.155,False,False,False
9205,11,4,71,7043.102,34.208,34.208,False,False,False
9205,18,5,71,7049.739,40.845,40.845,False,False,False
9205,55,6,71,7059.082,50.188,50.188,False,False,False
9205,10,7,71,7064.987,56.093,56.093,False,False,False
9205,44,8,71,7071.753,62.859,62.859,False,False,False
9205,22,9,71,7078.774,69.88,69.88,False,False,False
9205,31,10,70,,,+1 LAP,False,False,False
9205,2,11,70,,,+1 LAP,False,False,False
9205,27,12,70,,,+1 LAP,False,False,False
9205,3,13,70,,,+1 LAP,False,False,False
9205,81,14,69,,,+2 LAPS,False,False,False
9205,63,,57,,,,True,False,False
9205,77,,39,,,,True,False,False
9205,24,,22,,,,True,False,False
9205,20,,0,,,,True,False,False
9205,23,,0,,,,True,False,False
9205,16,,0,,,,False,True,False
9182,16,1,4,100.909,0.0,0,False,False,False
9182,27,2,4,103.446,2.537,2.537,False,False,False
9182,20,3,4,104.261,3.352,3.352,False,False,False
9182,1,4,4,104.397,3.488,3.488,False,False,False
9182,31,5,5,105.365,4.456,4.456,False,False,False
9182,63,6,4,105.497,4.588,4.588,False,False,False
9182,55,7,4,105.824,4.915,4.915,False,False,False
9182,22,8,5,105.908,4.999,4.999,False,False,False
9182,11,9,4,106.793,5.884,5.884,False,False,False
9182,77,10,5,107.147,6.238,6.238,False,False,False
9182,10,11,5,108.253,7.344,7.344,False,False,False
9182,44,12,4,108.513,7.604,7.604,False,False,False
9182,3,13,4,108.65,7.741,7.741,False,False,False
9182,24,14,5,108.822,7.913,7.913,False,False,False
9182,4,15,3,108.947,8.038,8.038,False,False,False
9182,18,16,2,,,,False,False,False
9182,81,17,2,,,,False,False,False
9182,23,18,2,,,,False,False,False
9182,14,19,2,,,,False,False,False
9183,16,1,39,95.265,0.0,0,False,False,False
9183,55,2,39,95.782,0.517,0.517,False,False,False
9183,14,3,38,95.793,0.528,0.528,False,False,False
9183,11,4,36,96.085,0.82,0.82,False,False,False
9183,77,5,36,96.129,0.864,0.864,False,False,False
9183,1,6,37,96.183,0.918,0.918,False,False,False
9183,27,7,33,96.489,1.224,1.224,False,False,False
9183,18,8,41,96.496,1.231,1.231,False,False,False
9183,44,9,42,96.663,1.398,1.398,False,False,False
9183,23,10,42,96.688,1.423,1.423,False,False,False
9183,4,11,33,96.864,1.599,1.599,False,False,False
9183,63,12,37,96.89,1.625,1.625,False,False,False
9183,20,13,37,96.917,1.652,1.652,False,False,False
9183,81,14,35,96.987,1.722,1.722,False,False,False
9183,10,15,33,97.134,1.869,1.869,False,False,False
9183,31,16,37,97.241,1.976,1.976,False,False,False
9183,22,17,41,97.412,2.147,2.147,False,False,False
9183,24,18,36,97.656,2.391,2.391,False,False,False
9183,3,19,40,97.68,2.415,2.415,False,False,False
9183,2,20,42,98.14,2.875,2.875,False,False,False
9184,63,1,23,94.093,0.0,0,False,False,False
9184,81,2,20,94.491,0.398,0.398,False,False,False
9184,2,3,17,94.645,0.552,0.552,False,False,False
9184,1,4,14,94.653,0.56,0.56,False,False,False
9184,11,5,13,94.706,0.613,0.613,False,False,False
9184,23,6,14,94.726,0.633,0.633,False,False,False
9184,14,7,18,94.788,0.695,0.695,False,False,False
9184,44,8,24,94.853,0.76,0.76,False,False,False
9184,77,9,18,94.908,0.815,0.815,False,False,False
9184,20,10,18,95.067,0.974,0.974,False,False,False
9184,4,11,17,95.089,0.996,0.996,False,False,False
9184,27,12,17,95.112,1.019,1.019,False,False,False
9184,18,13,20,95.253,1.16,1.16,False,False,False
9184,31,14,15,95.297,1.204,1.204,False,False,False
9184,24,15,15,95.881,1.788,1.788,False,False,False
9184,16,16,22,95.908,1.815,1.815,False,False,False
9184,55,17,21,95.939,1.846,1.846,False,False,False
9184,22,18,15,96.087,1.994,1.994,False,False,False
9184,10,19,12,96.485,2.392,2.392,False,False,False
9184,3,20,15,97.778,3.685,3.685,False,False,False
9314,16,1,23,,0.0,0.0,False,False,False
9314,55,2,23,,0.044,0.044,False,False,False
9314,1,3,19,,0.378,0.378,False,False,False
9314,63,4,22,,0.386,0.386,False,False,False
9314,10,5,25,,0.513,0.513,False,False,False
9314,23,6,21,,0.597,0.597,False,False,False
9314,2,7,23,,0.787,0.787,False,False,False
9314,77,8,19,,0.799,0.799,False,False,False
9314,20,9,23,,0.811,0.811,False,False,False
9314,14,10,24,,0.829,0.829,False,False,False
9314,44,11,15,,1.062,1.062,False,False,False
9314,11,12,14,,1.08,1.08,False,False,False
9314,27,13,17,,1.204,1.204,False,False,False
9314,18,14,18,,1.424,1.424,False,False,False
9314,3,15,18,,1.533,1.533,False,False,False
9314,4,16,9,,1.086,1.086,False,False,False
9314,31,17,10,,1.217,1.217,False,False,False
9314,24,18,10,,1.232,1.232,False,False,False
9314,81,19,10,,1.233,1.233,False,False,False
9314,22,20,9,,2.83,2.83,False,False,False
9189,1,1,50,5348.289,0.0,0,False,False,False
9189,16,2,50,5350.359,2.07,2.07,False,False,False
9189,11,3,50,5350.53,2.241,2.241,False,False,False
9189,31,4,50,5366.954,18.665,18.665,False,False,False
9189,18,5,50,5368.356,20.067,20.067,False,False,False
9189,55,6,50,5369.123,20.834,20.834,False,False,False
9189,44,7,50,5370.044,21.755,21.755,False,False,False
9189,63,8,50,5371.38,23.091,23.091,False,False,False
9189,14,9,50,5374.253,25.964,25.964,False,False,False
9189,81,10,50,5377.785,29.496,29.496,False,False,False
9189,10,11,50,5382.559,34.27,34.27,False,False,False
9189,23,12,50,5391.687,43.398,43.398,False,False,False
9189,20,13,50,5393.114,44.825,44.825,False,False,False
9189,3,14,50,5396.814,48.525,48.525,False,False,False
9189,24,15,50,5398.451,50.162,50.162,False,False,False
9189,2,16,50,5399.171,50.882,50.882,False,False,False
9189,77,17,50,5433.639,85.35,85.35,False,False,False
9189,22,18,46,,,,True,False,False
9189,27,19,45,,,,True,False,False
9189,4,,2,,,,True,False,False
9190,63,1,26,86.072,0.0,0,False,False,False
9190,34,2,26,86.36,0.288,0.288,False,False,False
9190,3,3,26,86.433,0.361,0.361,False,False,False
9190,77,4,21,86.453,0.381,0.381,False,False,False
9190,18,5,21,86.631,0.559,0.559,False,False,False
9190,81,6,25,86.665,0.593,0.593,False,False,False
9190,55,7,24,86.676,0.604,0.604,False,False,False
9190,39,8,25,86.703,0.631,0.631,False,False,False
9190,10,9,26,86.72,0.648,0.648,False,False,False
9190,22,10,27,86.725,0.653,0.653,False,False,False
9190,2,11,27,86.742,0.67,0.67,False,False,False
9190,42,12,27,86.815,0.743,0.743,False,False,False
9190,61,13,23,86.865,0.793,0.793,False,False,False
9190,98,14,20,87.093,1.021,1.021,False,False,False
9190,29,15,23,87.114,1.042,1.042,False,False,False
9190,36,16,24,87.208,1.136,1.136,False,False,False
9190,37,17,20,87.244,1.172,1.172,False,False,False
9190,45,18,28,87.46,1.388,1.388,False,False,False
9190,20,19,26,87.462,1.39,1.39,False,False,False
9190,50,20,24,87.569,1.497,1.497,False,False,False
9191,16,1,16,84.809,0.0,0,False,False,False
9191,4,2,18,84.852,0.043,0.043,False,False,False
9191,1,3,17,84.982,0.173,0.173,False,False,False
9191,77,4,16,85.024,0.215,0.215,False,False,False
9191,11,5,17,85.112,0.303,0.303,False,False,False
9191,63,6,17,85.122,0.313,0.313,False,False,False
9191,24,7,18,85.223,0.414,0.414,False,False,False
9191,44,8,16,85.315,0.506,0.506,False,False,False
9191,10,9,15,85.321,0.512,0.512,False,False,False
9191,81,10,18,85.361,0.552,0.552,False,False,False
9191,14,11,17,85.397,0.588,0.588,False,False,False
9191,3,12,16,85.467,0.658,0.658,False,False,False
9191,18,13,17,85.492,0.683,0.683,False,False,False
9191,31,14,17,85.566,0.757,0.757,False,False,False
9191,22,15,17,85.669,0.86,0.86,False,False,False
9191,23,16,20,86.081,1.272,1.272,False,False,False
9191,20,17,18,86.413,1.604,1.604,False,False,False
9191,2,18,17,86.659,1.85,1.85,False,False,False
9191,55,19,4,86.707,1.898,1.898,False,False,False
9191,27,20,7,87.147,2.338,2.338,False,False,False
9192,63,1,14,84.418,0.0,0,False,False,False
9192,4,2,16,84.513,0.095,0.095,False,False,False
9192,81,3,16,84.81,0.392,0.392,False,False,False
9192,23,4,17,84.929,0.511,0.511,False,False,False
9192,16,5,27,85.099,0.681,0.681,False,False,False
9192,1,6,19,85.153,0.735,0.735,False,False,False
9192,31,7,18,85.194,0.776,0.776,False,False,False
9192,2,8,17,85.205,0.787,0.787,False,False,False
9192,22,9,15,85.222,0.804,0.804,False,False,False
9192,24,10,23,85.258,0.84,0.84,False,False,False
9192,11,11,21,85.259,0.841,0.841,False,False,False
9192,44,12,26,85.292,0.874,0.874,False,False,False
9192,10,13,18,85.303,0.885,0.885,False,False,False
9192,14,14,25,85.343,0.925,0.925,False,False,False
9192,18,15,24,85.405,0.987,0.987,False,False,False
9192,77,16,16,85.42,1.002,1.002,False,False,False
9192,27,17,22,85.584,1.166,1.166,False,False,False
9192,3,18,15,85.597,1.179,1.179,False,False,False
9192,20,19,20,85.652,1.234,1.234,False,False,False
9192,55,20,29,85.713,1.295,1.295,False,False,False
9193,1,1,15,,0.0,0.0,False,False,False
9193,16,2,18,,0.139,0.139,False,False,False
9193,81,3,17,,0.337,0.337,False,False,False
9193,63,4,18,,0.343,0.343,False,False,False
9193,4,5,16,,0.371,0.371,False,False,False
9193,22,6,18,,0.523,0.523,False,False,False
9193,14,7,18,,0.639,0.639,False,False,False
9193,27,8,18,,0.663,0.663,False,False,False
9193,11,9,17,,0.726,0.726,False,False,False
9193,10,10,18,,1.103,1.103,False,False,False
9193,44,11,12,,0.619,0.619,False,False,False
9193,31,12,12,,0.651,0.651,False,False,False
9193,18,13,12,,0.682,0.682,False,False,False
9193,23,14,12,,0.699,0.699,False,False,False
9193,3,15,12,,0.702,0.702,False,False,False
9193,55,16,6,,0.578,0.578,False,False,False
9193,20,17,6,,0.604,0.604,False,False,False
9193,77,18,6,,0.628,0.628,False,False,False
9193,24,19,6,,0.999,0.999,False,False,False
9193,2,,6,,,,True,False,False
9197,1,1,58,5222.624,0.0,0,False,False,False
9197,16,2,58,5240.617,17.993,17.993,False,False,False
9197,63,3,58,5242.952,20.328,20.328,False,False,False
9197,11,4,58,5244.077,21.453,21.453,False,False,False
9197,4,5,58,5246.908,24.284,24.284,False,False,False
9197,81,6,58,5254.111,31.487,31.487,False,False,False
9197,14,7,58,5262.136,39.512,39.512,False,False,False
9197,22,8,58,5265.712,43.088,43.088,False,False,False
9197,44,9,58,5267.048,44.424,44.424,False,False,False
9197,18,10,58,5278.256,55.632,55.632,False,False,False
9197,3,11,58,5278.853,56.229,56.229,False,False,False
9197,31,12,58,5288.997,66.373,66.373,False,False,False
9197,10,13,58,5292.984,70.36,70.36,False,False,False
9197,23,14,58,5295.808,73.184,73.184,False,False,False
9197,27,15,58,5306.32,83.696,83.696,False,False,False
9197,2,16,58,5310.415,87.791,87.791,False,False,False
9197,24,17,58,5312.046,89.422,89.422,False,False,False
9197,55,18,57,,,,True,False,False
9197,77,19,57,,,+1 LAP,False,False,False
9197,20,20,57,,,+1 LAP,False,False,False
