session_key,date,air_temperature,track_temperature,humidity,pressure,wind_speed,wind_direction,rainfall
7953,2023-03-05 14:01:47.286000+00:00,29.8,35.1,19.0,1016.5,1.2,176,0.0
7953,2023-03-05 14:02:47.301000+00:00,29.7,35.0,19.0,1016.5,1.2,182,0.0
7953,2023-03-05 14:03:47.300000+00:00,29.7,34.9,19.0,1016.5,1.1,156,0.0
7953,2023-03-05 14:04:47.314000+00:00,29.6,34.9,19.0,1016.5,0.8,201,0.0
7953,2023-03-05 14:05:47.297000+00:00,29.6,34.8,19.0,1016.5,0.8,219,0.0
7953,2023-03-05 14:06:47.297000+00:00,29.6,34.7,19.0,1016.5,0.8,219,0.0
7953,2023-03-05 14:07:47.295000+00:00,29.6,34.7,19.0,1016.5,0.6,196,0.0
7953,2023-03-05 14:08:47.294000+00:00,29.6,34.6,18.0,1016.5,0.6,200,0.0
7953,2023-03-05 14:09:47.309000+00:00,29.5,34.5,18.0,1016.5,0.8,180,0.0
7953,2023-03-05 14:10:47.308000+00:00,29.5,34.4,18.0,1016.5,1.2,184,0.0
7953,2023-03-05 14:11:47.322000+00:00,29.5,34.2,18.0,1016.5,1.0,199,0.0
7953,2023-03-05 14:12:47.322000+00:00,29.5,34.1,18.0,1016.5,1.2,191,0.0
7953,2023-03-05 14:13:47.320000+00:00,29.4,34.2,18.0,1016.5,1.0,173,0.0
7953,2023-03-05 14:14:47.303000+00:00,29.4,34.1,18.0,1016.5,1.0,165,0.0
7953,2023-03-05 14:15:47.333000+00:00,29.4,34.0,18.0,1016.5,1.1,170,0.0
7953,2023-03-05 14:16:47.348000+00:00,29.4,34.0,18.0,1016.5,1.0,169,0.0
7953,2023-03-05 14:17:47.347000+00:00,29.3,33.8,18.0,1016.5,1.1,180,0.0
7953,2023-03-05 14:18:47.346000+00:00,29.3,33.8,18.0,1016.5,1.2,185,0.0
7953,2023-03-05 14:19:47.345000+00:00,29.2,33.8,19.0,1016.5,1.5,172,0.0
7953,2023-03-05 14:20:47.359000+00:00,29.1,33.6,21.0,1016.5,0.8,172,0.0
7953,2023-03-05 14:21:47.374000+00:00,29.1,33.6,21.0,1016.5,1.0,181,0.0
7953,2023-03-05 14:22:47.357000+00:00,29.1,33.5,22.0,1016.5,1.6,185,0.0
7953,2023-03-05 14:23:47.372000+00:00,29.0,33.3,24.0,1016.5,1.7,180,0.0
7953,2023-03-05 14:24:47.370000+00:00,29.0,33.2,25.0,1016.5,2.2,186,0.0
7953,2023-03-05 14:25:47.371000+00:00,28.9,33.2,25.0,1016.5,2.0,187,0.0
7953,2023-03-05 14:26:47.368000+00:00,28.9,32.9,25.0,1016.5,2.0,185,0.0
7953,2023-03-05 14:27:47.367000+00:00,28.8,33.1,25.0,1016.5,1.7,187,0.0
7953,2023-03-05 14:28:47.382000+00:00,28.8,33.1,26.0,1016.5,1.7,185,0.0
7953,2023-03-05 14:29:47.396000+00:00,28.6,32.7,26.0,1016.5,1.6,180,0.0
7953,2023-03-05 14:30:47.411000+00:00,28.6,32.7,26.0,1016.7,1.2,161,0.0
7953,2023-03-05 14:31:47.425000+00:00,28.6,32.7,27.0,1016.5,1.5,182,0.0
7953,2023-03-05 14:32:47.425000+00:00,28.5,32.7,27.0,1016.7,2.0,162,0.0
7953,2023-03-05 14:33:47.423000+00:00,28.4,32.7,27.0,1016.5,1.3,181,0.0
7953,2023-03-05 14:34:47.439000+00:00,28.4,32.3,28.0,1016.5,1.7,173,0.0
7953,2023-03-05 14:35:47.421000+00:00,28.4,32.2,28.0,1016.7,1.2,184,0.0
7953,2023-03-05 14:36:47.436000+00:00,28.4,32.2,28.0,1016.7,1.1,175,0.0
7953,2023-03-05 14:37:47.434000+00:00,28.3,32.2,28.0,1016.5,0.8,180,0.0
7953,2023-03-05 14:38:47.433000+00:00,28.3,32.1,28.0,1016.7,0.6,194,0.0
7953,2023-03-05 14:39:47.448000+00:00,28.2,32.2,26.0,1016.7,0.8,162,0.0
7953,2023-03-05 14:40:47.462000+00:00,28.2,32.2,25.0,1016.5,0.8,164,0.0
7953,2023-03-05 14:41:47.477000+00:00,28.1,32.2,24.0,1016.7,1.1,172,0.0
7953,2023-03-05 14:42:47.476000+00:00,28.0,32.2,23.0,1016.7,0.8,167,0.0
7953,2023-03-05 14:43:47.475000+00:00,28.0,32.2,23.0,1016.7,0.8,165,0.0
7953,2023-03-05 14:44:47.474000+00:00,28.0,32.1,22.0,1016.7,0.6,176,0.0
7953,2023-03-05 14:45:47.488000+00:00,28.0,32.1,22.0,1016.7,0.8,179,0.0
7953,2023-03-05 14:46:47.487000+00:00,28.0,32.1,21.0,1016.7,0.6,261,0.0
7953,2023-03-05 14:47:47.502000+00:00,28.0,32.0,22.0,1016.5,0.8,202,0.0
7953,2023-03-05 14:48:47.516000+00:00,27.9,31.9,21.0,1016.7,0.8,133,0.0
7953,2023-03-05 14:49:47.515000+00:00,27.8,32.0,21.0,1016.7,1.0,207,0.0
7953,2023-03-05 14:50:47.530000+00:00,27.7,31.7,22.0,1016.7,0.6,199,0.0
7953,2023-03-05 14:51:47.544000+00:00,27.6,31.7,22.0,1016.7,0.8,177,0.0
7953,2023-03-05 14:52:47.543000+00:00,27.6,31.6,22.0,1016.7,0.6,231,0.0
7953,2023-03-05 14:53:47.558000+00:00,27.6,31.6,22.0,1016.7,0.5,217,0.0
7953,2023-03-05 14:54:47.556000+00:00,27.6,31.6,22.0,1016.7,0.4,217,0.0
7953,2023-03-05 14:55:47.555000+00:00,27.5,31.6,22.0,1016.7,0.5,0,0.0
7953,2023-03-05 14:56:47.554000+00:00,27.5,31.6,22.0,1016.7,0.3,168,0.0
7953,2023-03-05 14:57:47.553000+00:00,27.5,31.4,22.0,1016.7,0.6,178,0.0
7953,2023-03-05 14:58:47.552000+00:00,27.5,31.4,22.0,1016.7,0.4,203,0.0
7953,2023-03-05 14:59:47.582000+00:00,27.4,31.4,22.0,1016.7,0.6,196,0.0
7953,2023-03-05 15:00:47.550000+00:00,27.4,31.3,22.0,1016.7,0.5,174,0.0
7953,2023-03-05 15:01:47.549000+00:00,27.4,31.3,22.0,1016.7,0.3,205,0.0
7953,2023-03-05 15:02:47.548000+00:00,27.3,31.3,22.0,1016.7,0.6,0,0.0
7953,2023-03-05 15:03:47.578000+00:00,27.3,31.2,22.0,1016.7,0.5,226,0.0
7953,2023-03-05 15:04:47.608000+00:00,27.3,31.2,22.0,1016.7,0.6,190,0.0
7953,2023-03-05 15:05:47.607000+00:00,27.3,31.1,22.0,1016.7,0.0,208,0.0
7953,2023-03-05 15:06:47.606000+00:00,27.3,31.1,22.0,1016.9,0.6,197,0.0
7953,2023-03-05 15:07:47.605000+00:00,27.3,31.2,22.0,1016.7,0.6,170,0.0
7953,2023-03-05 15:08:47.604000+00:00,27.3,31.2,22.0,1016.7,0.4,204,0.0
7953,2023-03-05 15:09:47.603000+00:00,27.2,31.1,22.0,1016.9,0.8,236,0.0
7953,2023-03-05 15:10:47.602000+00:00,27.2,31.0,22.0,1016.7,1.0,206,0.0
7953,2023-03-05 15:11:47.600000+00:00,27.2,31.0,22.0,1016.9,0.6,225,0.0
7953,2023-03-05 15:12:47.599000+00:00,27.1,31.0,22.0,1016.9,0.6,175,0.0
7953,2023-03-05 15:13:47.630000+00:00,27.1,30.9,22.0,1016.9,0.6,210,0.0
7953,2023-03-05 15:14:47.613000+00:00,27.1,30.9,21.0,1016.9,0.6,197,0.0
7953,2023-03-05 15:15:47.612000+00:00,27.1,30.9,21.0,1016.9,1.0,173,0.0
7953,2023-03-05 15:16:47.642000+00:00,27.1,30.9,21.0,1016.9,0.6,201,0.0
7953,2023-03-05 15:17:47.657000+00:00,27.2,30.8,21.0,1016.9,0.6,193,0.0
7953,2023-03-05 15:18:47.655000+00:00,27.1,30.8,21.0,1016.9,0.8,180,0.0
7953,2023-03-05 15:19:47.670000+00:00,27.1,30.8,21.0,1016.9,0.8,195,0.0
7953,2023-03-05 15:20:47.684000+00:00,27.2,30.6,21.0,1016.9,0.6,155,0.0
7953,2023-03-05 15:21:47.715000+00:00,27.1,30.6,21.0,1016.9,0.8,179,0.0
7953,2023-03-05 15:22:47.682000+00:00,27.1,30.6,21.0,1016.9,1.2,178,0.0
7953,2023-03-05 15:23:47.681000+00:00,27.1,30.5,21.0,1017.0,1.0,161,0.0
7953,2023-03-05 15:24:47.680000+00:00,27.1,30.5,21.0,1016.9,0.8,152,0.0
7953,2023-03-05 15:25:47.679000+00:00,27.1,30.5,21.0,1016.9,0.8,171,0.0
7953,2023-03-05 15:26:47.678000+00:00,27.1,30.5,21.0,1016.9,0.8,141,0.0
7953,2023-03-05 15:27:47.677000+00:00,27.1,30.5,21.0,1016.9,0.6,187,0.0
7953,2023-03-05 15:28:47.676000+00:00,27.0,30.5,21.0,1017.0,0.6,179,0.0
7953,2023-03-05 15:29:47.675000+00:00,27.0,30.4,21.0,1017.0,0.8,178,0.0
7953,2023-03-05 15:30:47.689000+00:00,27.0,30.3,20.0,1017.0,0.6,214,0.0
7953,2023-03-05 15:31:47.704000+00:00,27.0,30.3,21.0,1017.0,0.6,208,0.0
7953,2023-03-05 15:32:47.687000+00:00,27.0,30.3,21.0,1017.0,0.6,197,0.0
7953,2023-03-05 15:33:47.686000+00:00,26.9,30.3,21.0,1017.0,0.4,212,0.0
7953,2023-03-05 15:34:47.700000+00:00,26.9,30.3,20.0,1017.0,0.6,174,0.0
7953,2023-03-05 15:35:47.684000+00:00,26.9,30.2,21.0,1017.0,0.6,240,0.0
7953,2023-03-05 15:36:47.683000+00:00,26.9,30.2,21.0,1017.0,0.4,239,0.0
7953,2023-03-05 15:37:47.682000+00:00,26.9,30.1,21.0,1017.0,0.6,182,0.0
7953,2023-03-05 15:38:47.680000+00:00,26.8,30.1,21.0,1017.0,0.5,229,0.0
7953,2023-03-05 15:39:47.679000+00:00,26.8,30.0,21.0,1017.0,0.4,183,0.0
7953,2023-03-05 15:40:47.678000+00:00,26.7,30.0,21.0,1017.0,0.5,241,0.0
7953,2023-03-05 15:41:47.693000+00:00,26.7,29.9,21.0,1017.0,0.4,217,0.0
7953,2023-03-05 15:42:47.676000+00:00,26.7,29.9,21.0,1017.0,0.8,199,0.0
7953,2023-03-05 15:43:47.691000+00:00,26.7,29.9,21.0,1017.0,0.6,183,0.0
7953,2023-03-05 15:44:47.674000+00:00,26.7,29.9,21.0,1016.9,0.6,180,0.0
7953,2023-03-05 15:45:47.689000+00:00,26.7,29.9,21.0,1017.0,0.5,195,0.0
7953,2023-03-05 15:46:47.703000+00:00,26.7,29.9,21.0,1017.0,0.6,186,0.0
7953,2023-03-05 15:47:47.702000+00:00,26.8,29.9,21.0,1017.0,0.6,175,0.0
7953,2023-03-05 15:48:47.701000+00:00,26.8,29.9,21.0,1017.0,0.5,190,0.0
7953,2023-03-05 15:49:47.715000+00:00,26.7,29.9,21.0,1017.0,0.8,199,0.0
7953,2023-03-05 15:50:47.714000+00:00,26.7,29.9,21.0,1017.0,0.6,194,0.0
7953,2023-03-05 15:51:47.744000+00:00,26.6,29.7,21.0,1017.0,0.6,193,0.0
7953,2023-03-05 15:52:47.728000+00:00,26.7,29.8,21.0,1017.0,0.6,171,0.0
7953,2023-03-05 15:53:47.742000+00:00,26.7,29.7,21.0,1017.0,0.6,228,0.0
7953,2023-03-05 15:54:47.726000+00:00,26.7,29.6,21.0,1017.0,0.6,154,0.0
7953,2023-03-05 15:55:47.740000+00:00,26.7,29.6,21.0,1017.0,0.6,204,0.0
7953,2023-03-05 15:56:47.723000+00:00,26.7,29.6,21.0,1017.0,0.6,246,0.0
7953,2023-03-05 15:57:47.754000+00:00,26.7,29.6,21.0,1017.0,0.6,212,0.0
7953,2023-03-05 15:58:47.721000+00:00,26.7,29.6,21.0,1017.0,0.5,256,0.0
7953,2023-03-05 15:59:47.751000+00:00,26.6,29.6,21.0,1017.0,0.5,189,0.0
7953,2023-03-05 16:00:47.766000+00:00,26.6,29.6,21.0,1017.0,0.4,218,0.0
7953,2023-03-05 16:01:47.781000+00:00,26.7,29.6,21.0,1017.0,0.4,192,0.0
7953,2023-03-05 16:02:47.780000+00:00,26.6,29.6,21.0,1017.0,0.5,179,0.0
7953,2023-03-05 16:03:47.778000+00:00,26.6,29.6,21.0,1017.0,0.4,0,0.0
7953,2023-03-05 16:04:47.777000+00:00,26.6,29.5,21.0,1017.0,0.4,230,0.0
7953,2023-03-05 16:05:47.792000+00:00,26.5,29.5,21.0,1017.2,0.6,168,0.0
7953,2023-03-05 16:06:47.806000+00:00,26.5,29.5,21.0,1017.0,0.0,0,0.0
7953,2023-03-05 16:07:47.806000+00:00,26.5,29.5,21.0,1017.0,0.6,222,0.0
7953,2023-03-05 16:08:47.804000+00:00,26.5,29.5,21.0,1017.0,0.4,172,0.0
7953,2023-03-05 16:09:47.803000+00:00,26.5,29.5,21.0,1017.0,0.4,0,0.0
7953,2023-03-05 16:10:47.802000+00:00,26.5,29.4,21.0,1017.0,0.0,0,0.0
7953,2023-03-05 16:11:47.801000+00:00,26.5,29.3,21.0,1017.2,0.0,0,0.0
7953,2023-03-05 16:12:47.800000+00:00,26.5,29.4,21.0,1017.2,0.0,0,0.0
7953,2023-03-05 16:13:47.799000+00:00,26.4,29.3,21.0,1017.2,0.0,184,0.0
7953,2023-03-05 16:14:47.813000+00:00,26.4,29.3,21.0,1017.0,0.8,214,0.0
7953,2023-03-05 16:15:47.812000+00:00,26.4,29.2,21.0,1017.0,0.0,0,0.0
7953,2023-03-05 16:16:47.827000+00:00,26.4,29.2,21.0,1017.0,0.3,129,0.0
7953,2023-03-05 16:17:47.810000+00:00,26.4,29.1,21.0,1017.0,0.5,0,0.0
7953,2023-03-05 16:18:47.809000+00:00,26.4,29.1,21.0,1017.0,0.6,181,0.0
7953,2023-03-05 16:19:47.808000+00:00,26.4,29.1,21.0,1017.2,0.0,183,0.0
7953,2023-03-05 16:20:47.807000+00:00,26.4,29.0,21.0,1017.0,0.3,207,0.0
7953,2023-03-05 16:21:47.806000+00:00,26.4,29.0,21.0,1017.2,0.0,297,0.0
7953,2023-03-05 16:22:47.805000+00:00,26.4,29.0,21.0,1017.2,0.3,302,0.0
7953,2023-03-05 16:23:47.804000+00:00,26.3,29.0,21.0,1017.2,0.0,336,0.0
7953,2023-03-05 16:24:47.818000+00:00,26.4,29.0,21.0,1017.2,0.6,308,0.0
7953,2023-03-05 16:25:47.833000+00:00,26.3,29.0,21.0,1017.2,0.0,0,0.0
7953,2023-03-05 16:26:47.847000+00:00,26.3,29.0,21.0,1017.2,0.0,339,0.0
7953,2023-03-05 16:27:47.862000+00:00,26.3,28.9,21.0,1017.2,0.0,246,0.0
7953,2023-03-05 16:28:47.861000+00:00,26.3,28.9,21.0,1017.2,0.3,0,0.0
7953,2023-03-05 16:29:47.891000+00:00,26.3,28.9,21.0,1017.4,0.0,0,0.0
7953,2023-03-05 16:30:47.859000+00:00,26.3,28.8,21.0,1017.2,0.0,305,0.0
7953,2023-03-05 16:31:47.857000+00:00,26.3,28.8,21.0,1017.2,0.4,38,0.0
7953,2023-03-05 16:32:47.856000+00:00,26.2,28.8,21.0,1017.2,0.3,269,0.0
7953,2023-03-05 16:33:47.871000+00:00,26.3,28.8,21.0,1017.4,0.0,0,0.0
7953,2023-03-05 16:34:47.870000+00:00,26.2,28.8,21.0,1017.4,0.5,95,0.0
7953,2023-03-05 16:35:47.884000+00:00,26.3,28.7,21.0,1017.4,0.4,268,0.0
7953,2023-03-05 16:36:47.883000+00:00,26.3,28.7,21.0,1017.4,0.6,116,0.0
7953,2023-03-05 16:37:47.898000+00:00,26.3,28.7,21.0,1017.4,0.6,242,0.0
7953,2023-03-05 16:38:47.912000+00:00,26.3,28.7,21.0,1017.4,0.0,64,0.0
7953,2023-03-05 16:39:47.911000+00:00,26.3,28.7,21.0,1017.5,0.4,0,0.0
7953,2023-03-05 16:40:47.957000+00:00,26.3,28.7,21.0,1017.4,0.5,352,0.0
7953,2023-03-05 16:41:47.909000+00:00,26.2,28.7,21.0,1017.5,0.3,215,0.0
7779,2023-03-19 16:01:59.956000+00:00,26.0,34.0,62.0,1010.5,2.7,315,0.0
7779,2023-03-19 16:02:59.955000+00:00,26.0,34.1,61.0,1010.5,2.9,305,0.0
7779,2023-03-19 16:03:59.954000+00:00,26.0,34.2,61.0,1010.5,2.7,325,0.0
7779,2023-03-19 16:04:59.953000+00:00,26.0,34.2,61.0,1010.5,2.7,325,0.0
7779,2023-03-19 16:05:59.952000+00:00,26.0,34.3,60.0,1010.5,2.7,322,0.0
7779,2023-03-19 16:06:59.951000+00:00,26.0,34.2,61.0,1010.5,3.0,334,0.0
7779,2023-03-19 16:07:59.950000+00:00,26.0,34.0,61.0,1010.5,3.4,320,0.0
7779,2023-03-19 16:08:59.948000+00:00,26.0,34.0,62.0,1010.7,2.5,325,0.0
7779,2023-03-19 16:09:59.947000+00:00,26.0,34.0,62.0,1010.5,2.7,341,0.0
7779,2023-03-19 16:10:59.946000+00:00,26.0,34.0,62.0,1010.5,2.9,318,0.0
7779,2023-03-19 16:11:59.961000+00:00,26.0,34.0,62.0,1010.7,3.2,327,0.0
7779,2023-03-19 16:12:59.960000+00:00,26.0,33.7,62.0,1010.7,3.4,330,0.0
7779,2023-03-19 16:13:59.959000+00:00,26.0,33.7,61.0,1010.7,2.5,323,0.0
7779,2023-03-19 16:14:59.958000+00:00,26.0,34.1,60.0,1010.7,3.0,315,0.0
7779,2023-03-19 16:15:59.957000+00:00,26.0,33.9,61.0,1010.5,3.5,312,0.0
7779,2023-03-19 16:16:59.955000+00:00,26.0,33.9,61.0,1010.5,3.7,324,0.0
7779,2023-03-19 16:18:00.001000+00:00,26.0,33.9,61.0,1010.5,3.2,330,0.0
7779,2023-03-19 16:18:59.953000+00:00,26.0,33.3,61.0,1010.5,2.7,324,0.0
7779,2023-03-19 16:19:59.952000+00:00,26.0,33.4,61.0,1010.5,3.2,316,0.0
7779,2023-03-19 16:20:59.982000+00:00,26.0,33.4,61.0,1010.5,3.5,335,0.0
7779,2023-03-19 16:21:59.966000+00:00,26.0,33.3,61.0,1010.5,3.5,326,0.0
7779,2023-03-19 16:22:59.949000+00:00,26.0,33.3,62.0,1010.5,2.2,331,0.0
7779,2023-03-19 16:23:59.948000+00:00,26.0,33.3,62.0,1010.5,3.0,329,0.0
7779,2023-03-19 16:24:59.947000+00:00,26.1,33.3,62.0,1010.5,2.7,330,0.0
7779,2023-03-19 16:25:59.961000+00:00,26.2,33.3,61.0,1010.7,2.7,331,0.0
7779,2023-03-19 16:26:59.960000+00:00,26.2,33.0,61.0,1010.5,2.7,339,0.0
7779,2023-03-19 16:27:59.959000+00:00,26.3,33.0,59.0,1010.7,2.9,335,0.0
7779,2023-03-19 16:28:59.958000+00:00,26.3,33.1,60.0,1010.7,2.4,329,0.0
7779,2023-03-19 16:29:59.957000+00:00,26.4,33.1,59.0,1010.7,2.0,317,0.0
7779,2023-03-19 16:30:59.956000+00:00,26.4,33.9,59.0,1010.7,2.9,308,0.0
7779,2023-03-19 16:31:59.955000+00:00,26.4,33.9,58.0,1010.7,2.5,316,0.0
7779,2023-03-19 16:32:59.954000+00:00,26.3,33.5,58.0,1010.7,2.7,317,0.0
7779,2023-03-19 16:33:59.953000+00:00,26.3,33.1,58.0,1010.7,2.5,303,0.0
7779,2023-03-19 16:34:59.951000+00:00,26.2,33.1,57.0,1010.7,2.7,293,0.0
7779,2023-03-19 16:35:59.950000+00:00,26.1,32.9,58.0,1010.7,2.5,317,0.0
7779,2023-03-19 16:36:59.965000+00:00,26.1,32.5,59.0,1010.7,3.2,314,0.0
7779,2023-03-19 16:37:59.979000+00:00,26.1,32.4,58.0,1010.7,2.9,318,0.0
7779,2023-03-19 16:39:00.010000+00:00,26.1,32.5,58.0,1010.9,2.7,291,0.0
7779,2023-03-19 16:40:00.024000+00:00,26.0,32.5,58.0,1010.7,2.2,316,0.0
7779,2023-03-19 16:41:00.039000+00:00,26.0,32.5,59.0,1010.9,2.5,330,0.0
7779,2023-03-19 16:42:00.053000+00:00,26.0,32.5,58.0,1010.9,2.7,319,0.0
7779,2023-03-19 16:43:00.052000+00:00,26.0,32.5,58.0,1010.7,2.4,299,0.0
7779,2023-03-19 16:44:00.051000+00:00,26.0,32.1,58.0,1010.9,2.9,329,0.0
7779,2023-03-19 16:45:00.081000+00:00,26.0,32.5,58.0,1010.9,2.2,338,0.0
7779,2023-03-19 16:46:00.096000+00:00,26.0,32.0,59.0,1010.7,2.5,311,0.0
7779,2023-03-19 16:47:00.079000+00:00,26.0,32.0,59.0,1010.9,2.5,324,0.0
7779,2023-03-19 16:48:00.094000+00:00,26.0,31.9,59.0,1010.7,2.0,309,0.0
7779,2023-03-19 16:49:00.108000+00:00,26.0,32.1,58.0,1010.9,1.5,312,0.0
7779,2023-03-19 16:50:00.123000+00:00,26.0,32.1,57.0,1010.9,1.5,297,0.0
7779,2023-03-19 16:51:00.122000+00:00,26.0,32.1,57.0,1011.0,1.7,342,0.0
7779,2023-03-19 16:52:00.136000+00:00,26.0,32.1,57.0,1010.9,1.1,340,0.0
7779,2023-03-19 16:53:00.135000+00:00,26.0,32.1,56.0,1010.9,0.8,351,0.0
7779,2023-03-19 16:54:00.134000+00:00,25.9,31.9,56.0,1010.9,1.2,323,0.0
7779,2023-03-19 16:55:00.148000+00:00,25.9,31.9,57.0,1011.0,1.3,325,0.0
7779,2023-03-19 16:56:00.147000+00:00,25.9,31.9,56.0,1010.9,1.7,322,0.0
7779,2023-03-19 16:57:00.146000+00:00,25.9,31.9,56.0,1010.9,1.3,319,0.0
7779,2023-03-19 16:58:00.161000+00:00,25.9,31.8,55.0,1011.0,0.8,279,0.0
7779,2023-03-19 16:59:00.175000+00:00,25.9,31.9,55.0,1011.0,1.2,338,0.0
7779,2023-03-19 17:00:00.190000+00:00,25.9,32.0,55.0,1010.9,1.5,323,0.0
7779,2023-03-19 17:01:00.173000+00:00,25.9,32.0,55.0,1010.9,1.3,308,0.0
7779,2023-03-19 17:02:00.188000+00:00,25.9,32.2,55.0,1011.0,1.8,298,0.0
7779,2023-03-19 17:03:00.202000+00:00,25.9,31.9,55.0,1010.9,2.2,318,0.0
7779,2023-03-19 17:04:00.201000+00:00,25.9,31.6,56.0,1011.0,1.8,317,0.0
7779,2023-03-19 17:05:00.216000+00:00,26.0,31.7,56.0,1011.0,2.0,335,0.0
7779,2023-03-19 17:06:00.215000+00:00,26.0,31.7,55.0,1011.0,1.7,326,0.0
7779,2023-03-19 17:07:00.214000+00:00,25.9,31.9,56.0,1011.0,1.7,0,0.0
7779,2023-03-19 17:08:00.212000+00:00,26.0,32.2,55.0,1011.0,1.1,352,0.0
7779,2023-03-19 17:09:00.211000+00:00,26.0,31.5,56.0,1011.0,1.3,291,0.0
7779,2023-03-19 17:10:00.210000+00:00,26.1,31.5,55.0,1011.0,1.6,310,0.0
7779,2023-03-19 17:11:00.209000+00:00,26.2,31.6,55.0,1011.0,1.7,292,0.0
7779,2023-03-19 17:12:00.208000+00:00,26.3,31.6,55.0,1011.0,1.7,292,0.0
7779,2023-03-19 17:13:00.207000+00:00,26.3,31.5,55.0,1011.0,1.5,289,0.0
7779,2023-03-19 17:14:00.206000+00:00,26.4,31.6,55.0,1011.0,1.3,326,0.0
7779,2023-03-19 17:15:00.205000+00:00,26.4,31.6,55.0,1011.0,0.6,284,0.0
7779,2023-03-19 17:16:00.204000+00:00,26.4,31.7,55.0,1011.0,1.2,9,0.0
7779,2023-03-19 17:17:00.218000+00:00,26.3,31.6,55.0,1011.0,0.6,311,0.0
7779,2023-03-19 17:18:00.202000+00:00,26.4,31.6,56.0,1011.0,1.2,160,0.0
7779,2023-03-19 17:19:00.216000+00:00,26.4,31.4,55.0,1011.0,1.2,305,0.0
7779,2023-03-19 17:20:00.215000+00:00,26.4,31.4,55.0,1011.0,1.2,305,0.0
7779,2023-03-19 17:21:00.214000+00:00,26.3,31.3,56.0,1011.0,1.1,274,0.0
7779,2023-03-19 17:22:00.213000+00:00,26.3,31.7,56.0,1011.0,1.1,311,0.0
7779,2023-03-19 17:23:00.212000+00:00,26.3,31.4,56.0,1011.0,1.2,286,0.0
7779,2023-03-19 17:24:00.211000+00:00,26.3,31.4,56.0,1011.2,1.0,108,0.0
7779,2023-03-19 17:25:00.210000+00:00,26.3,31.4,56.0,1011.0,0.8,288,0.0
7779,2023-03-19 17:26:00.208000+00:00,26.3,31.4,56.0,1011.2,0.8,308,0.0
7779,2023-03-19 17:27:00.207000+00:00,26.3,31.3,56.0,1011.0,0.8,133,0.0
7779,2023-03-19 17:28:00.206000+00:00,26.2,31.5,56.0,1011.0,0.8,313,0.0
7779,2023-03-19 17:29:00.205000+00:00,26.2,31.4,56.0,1011.0,1.7,294,0.0
7779,2023-03-19 17:30:00.220000+00:00,26.2,31.5,56.0,1011.0,1.6,292,0.0
7779,2023-03-19 17:31:00.250000+00:00,26.3,31.5,56.0,1011.0,1.2,296,0.0
7779,2023-03-19 17:32:00.249000+00:00,26.2,31.5,57.0,1011.0,1.3,327,0.0
7779,2023-03-19 17:33:00.263000+00:00,26.2,31.3,57.0,1011.2,0.8,309,0.0
7779,2023-03-19 17:34:00.278000+00:00,26.1,31.2,58.0,1011.2,2.0,332,0.0
7779,2023-03-19 17:35:00.277000+00:00,26.1,31.2,58.0,1011.0,1.0,310,0.0
7779,2023-03-19 17:36:00.291000+00:00,26.1,31.1,58.0,1011.0,1.2,311,0.0
7779,2023-03-19 17:37:00.290000+00:00,26.0,31.0,58.0,1011.0,1.7,345,0.0
7779,2023-03-19 17:38:00.289000+00:00,26.0,31.1,58.0,1011.0,1.2,308,0.0
7779,2023-03-19 17:39:00.304000+00:00,26.0,31.1,58.0,1011.0,1.5,59,0.0
7779,2023-03-19 17:40:00.318000+00:00,26.0,31.1,58.0,1011.0,1.5,300,0.0
7779,2023-03-19 17:41:00.317000+00:00,26.0,30.9,57.0,1011.0,1.3,293,0.0
7779,2023-03-19 17:42:00.332000+00:00,26.0,31.0,57.0,1011.0,0.8,318,0.0
7779,2023-03-19 17:43:00.331000+00:00,26.0,31.0,57.0,1011.0,1.8,295,0.0
7779,2023-03-19 17:44:00.330000+00:00,26.1,31.0,57.0,1011.2,1.3,307,0.0
7779,2023-03-19 17:45:00.344000+00:00,26.1,31.0,56.0,1011.0,1.3,294,0.0
7779,2023-03-19 17:46:00.343000+00:00,26.1,31.0,55.0,1011.0,1.3,271,0.0
7779,2023-03-19 17:47:00.342000+00:00,26.1,31.0,55.0,1011.0,2.2,317,0.0
7779,2023-03-19 17:48:00.356000+00:00,26.2,31.0,55.0,1011.0,2.0,0,0.0
7779,2023-03-19 17:49:00.355000+00:00,26.2,30.9,55.0,1011.0,1.2,135,0.0
7779,2023-03-19 17:50:00.370000+00:00,26.2,31.0,55.0,1011.0,1.0,309,0.0
7779,2023-03-19 17:51:00.384000+00:00,26.2,30.8,55.0,1011.0,1.0,289,0.0
7779,2023-03-19 17:52:00.383000+00:00,26.3,31.1,55.0,1011.0,1.2,85,0.0
7779,2023-03-19 17:53:00.398000+00:00,26.3,31.1,55.0,1011.0,1.7,276,0.0
7779,2023-03-19 17:54:00.397000+00:00,26.3,30.9,55.0,1011.0,0.8,116,0.0
7779,2023-03-19 17:55:00.396000+00:00,26.3,30.6,55.0,1011.0,1.1,66,0.0
7779,2023-03-19 17:56:00.395000+00:00,26.3,30.9,55.0,1011.0,0.8,231,0.0
7779,2023-03-19 17:57:00.394000+00:00,26.3,30.5,55.0,1010.9,1.0,283,0.0
7779,2023-03-19 17:58:00.424000+00:00,26.3,30.5,55.0,1011.0,0.6,337,0.0
7779,2023-03-19 17:59:00.423000+00:00,26.3,30.7,55.0,1011.2,1.1,334,0.0
7779,2023-03-19 18:00:00.453000+00:00,26.3,30.7,56.0,1011.0,1.1,83,0.0
7779,2023-03-19 18:01:00.452000+00:00,26.2,30.8,56.0,1011.2,0.8,264,0.0
7779,2023-03-19 18:02:00.451000+00:00,26.3,30.4,57.0,1011.2,1.3,278,0.0
7779,2023-03-19 18:03:00.465000+00:00,26.2,30.3,58.0,1011.2,1.6,320,0.0
7779,2023-03-19 18:04:00.464000+00:00,26.2,30.3,58.0,1011.2,1.1,272,0.0
7779,2023-03-19 18:05:00.463000+00:00,26.1,30.3,58.0,1011.2,1.2,320,0.0
7779,2023-03-19 18:06:00.462000+00:00,26.1,30.7,58.0,1011.2,1.7,340,0.0
7779,2023-03-19 18:07:00.461000+00:00,26.0,30.7,58.0,1011.4,0.8,262,0.0
7779,2023-03-19 18:08:00.460000+00:00,26.0,30.3,59.0,1011.0,1.7,324,0.0
7779,2023-03-19 18:09:00.459000+00:00,26.0,30.2,59.0,1011.2,2.0,291,0.0
7779,2023-03-19 18:10:00.458000+00:00,26.0,30.2,59.0,1011.2,1.1,346,0.0
7779,2023-03-19 18:11:00.456000+00:00,26.0,30.1,59.0,1011.2,1.7,40,0.0
7779,2023-03-19 18:12:00.455000+00:00,26.0,30.3,59.0,1011.2,1.2,83,0.0
7779,2023-03-19 18:13:00.471000+00:00,26.0,30.5,59.0,1011.2,1.1,281,0.0
7779,2023-03-19 18:14:00.469000+00:00,25.9,30.5,59.0,1011.2,2.2,301,0.0
7779,2023-03-19 18:15:00.468000+00:00,25.9,30.5,59.0,1011.2,2.5,18,0.0
7779,2023-03-19 18:16:00.467000+00:00,26.0,30.3,59.0,1011.2,1.1,153,0.0
7779,2023-03-19 18:17:00.466000+00:00,26.0,30.3,59.0,1011.4,0.6,0,0.0
7779,2023-03-19 18:18:00.465000+00:00,26.0,30.3,59.0,1011.2,1.2,30,0.0
7779,2023-03-19 18:19:00.463000+00:00,26.0,30.3,59.0,1011.2,1.3,269,0.0
7779,2023-03-19 18:20:00.462000+00:00,26.0,30.2,60.0,1011.2,1.2,27,0.0
7779,2023-03-19 18:21:00.461000+00:00,26.0,30.2,59.0,1011.2,0.4,24,0.0
7779,2023-03-19 18:22:00.460000+00:00,26.0,30.3,59.0,1011.2,1.6,47,0.0
7779,2023-03-19 18:23:00.459000+00:00,26.0,30.1,59.0,1011.2,1.7,322,0.0
7779,2023-03-19 18:24:00.458000+00:00,26.0,30.0,59.0,1011.2,1.2,58,0.0
7779,2023-03-19 18:25:00.457000+00:00,25.9,30.0,60.0,1011.2,1.1,8,0.0
7779,2023-03-19 18:26:00.456000+00:00,25.9,30.3,60.0,1011.4,1.1,276,0.0
7779,2023-03-19 18:27:00.455000+00:00,25.8,29.9,60.0,1011.4,2.0,46,0.0
7779,2023-03-19 18:28:00.454000+00:00,25.8,30.0,60.0,1011.2,1.1,290,0.0
7779,2023-03-19 18:29:00.468000+00:00,25.8,30.1,60.0,1011.2,0.8,315,0.0
7787,2023-04-02 04:01:37.633000+00:00,17.1,35.0,53.0,1018.5,1.6,0,0.0
7787,2023-04-02 04:02:37.633000+00:00,17.2,35.1,52.0,1018.7,0.8,0,0.0
7787,2023-04-02 04:03:37.632000+00:00,17.2,35.1,52.0,1018.7,0.6,168,0.0
7787,2023-04-02 04:04:37.647000+00:00,17.3,35.1,51.0,1018.7,0.8,8,0.0
7787,2023-04-02 04:05:37.646000+00:00,17.3,34.8,51.0,1018.7,0.8,200,0.0
7787,2023-04-02 04:06:37.645000+00:00,17.3,34.9,51.0,1018.7,0.6,300,0.0
7787,2023-04-02 04:07:37.629000+00:00,17.3,34.8,51.0,1018.5,0.8,286,0.0
7787,2023-04-02 04:08:37.644000+00:00,17.3,34.5,51.0,1018.5,1.0,213,0.0
7787,2023-04-02 04:09:37.643000+00:00,17.2,34.5,52.0,1018.5,1.5,284,0.0
7787,2023-04-02 04:10:37.643000+00:00,17.2,34.6,51.0,1018.5,1.1,152,0.0
7787,2023-04-02 04:11:37.642000+00:00,17.3,34.7,52.0,1018.5,0.8,155,0.0
7787,2023-04-02 04:12:37.641000+00:00,17.1,34.6,53.0,1018.5,1.0,351,0.0
7787,2023-04-02 04:13:37.641000+00:00,17.1,34.9,50.0,1018.5,1.1,0,0.0
7787,2023-04-02 04:14:37.655000+00:00,17.1,34.6,51.0,1018.5,0.5,146,0.0
7787,2023-04-02 04:15:37.639000+00:00,17.2,34.5,51.0,1018.7,1.3,165,0.0
7787,2023-04-02 04:16:37.638000+00:00,17.3,34.8,51.0,1018.5,2.0,195,0.0
7787,2023-04-02 04:17:37.653000+00:00,17.2,34.8,52.0,1018.5,1.2,176,0.0
7787,2023-04-02 04:18:37.637000+00:00,17.2,34.5,52.0,1018.5,1.2,263,0.0
7787,2023-04-02 04:19:37.636000+00:00,17.2,34.5,53.0,1018.5,1.2,64,0.0
7787,2023-04-02 04:20:37.636000+00:00,17.2,34.8,53.0,1018.5,1.1,178,0.0
7787,2023-04-02 04:21:37.635000+00:00,17.2,34.8,51.0,1018.5,1.1,151,0.0
7787,2023-04-02 04:22:37.650000+00:00,17.1,34.8,52.0,1018.5,1.3,274,0.0
7787,2023-04-02 04:23:37.634000+00:00,17.0,34.5,53.0,1018.5,0.8,0,0.0
7787,2023-04-02 04:24:37.633000+00:00,17.2,34.5,53.0,1018.5,1.0,120,0.0
7787,2023-04-02 04:25:37.632000+00:00,17.6,34.8,50.0,1018.5,0.6,67,0.0
7787,2023-04-02 04:26:37.647000+00:00,17.7,35.2,50.0,1018.5,0.6,199,0.0
7787,2023-04-02 04:27:37.631000+00:00,17.5,34.7,51.0,1018.5,0.4,54,0.0
7787,2023-04-02 04:28:37.646000+00:00,17.5,34.1,51.0,1018.5,1.0,99,0.0
7787,2023-04-02 04:29:37.645000+00:00,17.5,34.1,51.0,1018.5,1.1,0,0.0
7787,2023-04-02 04:30:37.644000+00:00,17.6,34.5,51.0,1018.5,1.0,249,0.0
7787,2023-04-02 04:31:37.644000+00:00,17.5,34.5,51.0,1018.5,0.8,185,0.0
7787,2023-04-02 04:32:37.643000+00:00,17.5,34.2,52.0,1018.7,0.8,95,0.0
7787,2023-04-02 04:33:37.642000+00:00,17.2,34.2,52.0,1018.5,1.2,262,0.0
7787,2023-04-02 04:34:37.641000+00:00,17.2,34.6,54.0,1018.5,1.1,63,0.0
7787,2023-04-02 04:35:37.641000+00:00,17.2,34.7,52.0,1018.5,1.0,147,0.0
7787,2023-04-02 04:36:37.640000+00:00,17.3,34.6,52.0,1018.5,0.8,158,0.0
7787,2023-04-02 04:37:37.639000+00:00,17.4,26.6,51.0,1018.5,0.6,141,0.0
7787,2023-04-02 04:38:37.639000+00:00,17.4,23.7,50.0,1018.5,0.8,2,0.0
7787,2023-04-02 04:39:37.638000+00:00,17.4,22.1,50.0,1018.5,0.6,282,0.0
7787,2023-04-02 04:40:37.637000+00:00,17.5,19.2,50.0,1018.5,1.0,171,0.0
7787,2023-04-02 04:41:37.637000+00:00,17.5,21.6,52.0,1018.5,1.0,82,0.0
7787,2023-04-02 04:42:37.636000+00:00,17.5,23.6,52.0,1018.5,0.6,188,0.0
7787,2023-04-02 04:43:37.635000+00:00,17.5,21.1,52.0,1018.5,1.0,185,0.0
7787,2023-04-02 04:44:37.634000+00:00,17.5,21.0,53.0,1018.5,0.6,70,0.0
7787,2023-04-02 04:45:37.634000+00:00,17.5,23.0,54.0,1018.5,1.2,256,0.0
7787,2023-04-02 04:46:37.633000+00:00,17.6,25.0,53.0,1018.5,1.5,200,0.0
7787,2023-04-02 04:47:37.632000+00:00,17.5,25.0,53.0,1018.5,0.5,139,0.0
7787,2023-04-02 04:48:37.647000+00:00,17.5,25.5,51.0,1018.5,1.3,163,0.0
7787,2023-04-02 04:49:37.631000+00:00,17.5,23.9,51.0,1018.5,1.2,151,0.0
7787,2023-04-02 04:50:37.646000+00:00,17.4,21.7,53.0,1018.5,0.6,168,0.0
7787,2023-04-02 04:51:37.645000+00:00,17.5,24.7,52.0,1018.5,1.2,0,0.0
7787,2023-04-02 04:52:37.645000+00:00,17.5,25.9,52.0,1018.5,0.6,200,0.0
7787,2023-04-02 04:53:37.644000+00:00,17.5,35.4,53.0,1018.5,1.2,80,0.0
7787,2023-04-02 04:54:37.643000+00:00,17.5,35.4,52.0,1018.5,0.6,121,0.0
7787,2023-04-02 04:55:37.642000+00:00,17.5,34.7,52.0,1018.5,0.6,55,0.0
7787,2023-04-02 04:56:37.642000+00:00,17.5,34.6,51.0,1018.5,1.0,351,0.0
7787,2023-04-02 04:57:37.641000+00:00,17.4,34.7,52.0,1018.5,0.8,175,0.0
7787,2023-04-02 04:58:37.640000+00:00,17.4,34.8,51.0,1018.5,1.2,329,0.0
7787,2023-04-02 04:59:37.640000+00:00,17.3,34.7,52.0,1018.5,1.2,189,0.0
7787,2023-04-02 05:00:37.639000+00:00,17.3,34.5,53.0,1018.5,0.8,0,0.0
7787,2023-04-02 05:01:37.654000+00:00,17.4,34.5,53.0,1018.5,0.8,155,0.0
7787,2023-04-02 05:02:37.638000+00:00,17.4,34.5,53.0,1018.5,0.8,165,0.0
7787,2023-04-02 05:03:37.637000+00:00,17.4,34.6,52.0,1018.5,1.0,149,0.0
7787,2023-04-02 05:04:37.636000+00:00,17.4,34.4,52.0,1018.5,1.2,0,0.0
7787,2023-04-02 05:05:37.635000+00:00,17.5,34.2,53.0,1018.5,0.6,127,0.0
7787,2023-04-02 05:06:37.635000+00:00,17.6,34.1,53.0,1018.5,0.5,186,0.0
7787,2023-04-02 05:07:37.634000+00:00,17.6,34.2,53.0,1018.7,1.2,138,0.0
7787,2023-04-02 05:08:37.633000+00:00,17.6,34.3,52.0,1018.5,1.5,29,0.0
7787,2023-04-02 05:09:37.633000+00:00,17.8,34.4,52.0,1018.5,0.8,0,0.0
7787,2023-04-02 05:10:37.632000+00:00,17.8,34.3,52.0,1018.5,0.8,264,0.0
7787,2023-04-02 05:11:37.631000+00:00,17.8,34.0,52.0,1018.5,1.2,163,0.0
7787,2023-04-02 05:12:37.631000+00:00,17.7,33.7,52.0,1018.5,1.0,157,0.0
7787,2023-04-02 05:13:37.645000+00:00,17.8,33.7,51.0,1018.5,1.1,140,0.0
7787,2023-04-02 05:14:37.645000+00:00,17.8,33.7,51.0,1018.5,1.8,155,0.0
7787,2023-04-02 05:15:37.644000+00:00,17.8,33.7,52.0,1018.5,1.7,156,0.0
7787,2023-04-02 05:16:37.643000+00:00,17.7,33.2,53.0,1018.5,1.3,105,0.0
7787,2023-04-02 05:17:37.643000+00:00,17.6,33.4,52.0,1018.5,0.8,157,0.0
7787,2023-04-02 05:18:37.642000+00:00,17.5,33.2,50.0,1018.5,1.6,135,0.0
7787,2023-04-02 05:19:37.657000+00:00,17.6,33.2,50.0,1018.5,0.8,156,0.0
7787,2023-04-02 05:20:37.641000+00:00,17.7,33.3,51.0,1018.5,0.6,170,0.0
7787,2023-04-02 05:21:37.624000+00:00,17.6,33.5,51.0,1018.5,0.8,0,0.0
7787,2023-04-02 05:22:37.639000+00:00,17.6,33.6,51.0,1018.5,0.8,183,0.0
7787,2023-04-02 05:23:37.639000+00:00,17.7,33.5,51.0,1018.5,0.8,155,0.0
7787,2023-04-02 05:24:37.685000+00:00,17.8,33.6,52.0,1018.5,0.8,0,0.0
7787,2023-04-02 05:25:37.637000+00:00,17.9,33.3,52.0,1018.5,1.3,234,0.0
7787,2023-04-02 05:26:37.637000+00:00,17.8,33.0,52.0,1018.5,1.0,204,0.0
7787,2023-04-02 05:27:37.636000+00:00,17.8,33.0,52.0,1018.5,1.1,201,0.0
7787,2023-04-02 05:28:37.651000+00:00,17.9,33.0,52.0,1018.5,0.8,0,0.0
7787,2023-04-02 05:29:37.634000+00:00,17.9,33.0,53.0,1018.5,0.6,153,0.0
7787,2023-04-02 05:30:37.649000+00:00,17.9,33.3,53.0,1018.5,1.1,222,0.0
7787,2023-04-02 05:31:37.649000+00:00,17.9,33.3,52.0,1018.4,0.6,0,0.0
7787,2023-04-02 05:32:37.648000+00:00,17.8,33.1,52.0,1018.4,1.6,268,0.0
7787,2023-04-02 05:33:37.678000+00:00,17.6,32.9,51.0,1018.4,1.5,266,0.0
7787,2023-04-02 05:34:37.647000+00:00,17.6,32.8,52.0,1018.5,0.8,222,0.0
7787,2023-04-02 05:35:37.630000+00:00,17.7,32.7,52.0,1018.5,0.6,283,0.0
7787,2023-04-02 05:36:37.645000+00:00,17.9,32.8,52.0,1018.4,0.6,247,0.0
7787,2023-04-02 05:37:37.644000+00:00,18.0,32.9,52.0,1018.4,1.2,161,0.0
7787,2023-04-02 05:38:37.691000+00:00,18.0,33.1,52.0,1018.4,0.6,165,0.0
7787,2023-04-02 05:39:37.643000+00:00,18.0,33.0,51.0,1018.5,0.6,74,0.0
7787,2023-04-02 05:40:37.642000+00:00,18.0,33.0,51.0,1018.4,0.8,141,0.0
7787,2023-04-02 05:41:37.642000+00:00,18.0,32.9,52.0,1018.4,1.2,140,0.0
7787,2023-04-02 05:42:37.657000+00:00,18.0,32.8,51.0,1018.4,2.0,163,0.0
7787,2023-04-02 05:43:37.656000+00:00,18.0,32.8,50.0,1018.5,1.2,128,0.0
7787,2023-04-02 05:44:37.671000+00:00,18.1,32.5,51.0,1018.2,1.0,155,0.0
7787,2023-04-02 05:45:37.639000+00:00,18.0,32.5,51.0,1018.4,1.1,346,0.0
7787,2023-04-02 05:46:37.669000+00:00,18.1,32.2,51.0,1018.5,0.8,80,0.0
7787,2023-04-02 05:47:37.653000+00:00,17.9,32.1,50.0,1018.4,0.8,142,0.0
7787,2023-04-02 05:48:37.684000+00:00,17.9,32.2,51.0,1018.4,1.1,0,0.0
7787,2023-04-02 05:49:37.730000+00:00,18.0,32.3,51.0,1018.4,1.7,134,0.0
7787,2023-04-02 05:50:37.682000+00:00,17.9,32.0,51.0,1018.5,1.5,343,0.0
7787,2023-04-02 05:51:37.697000+00:00,17.9,32.0,51.0,1018.4,1.8,126,0.0
7787,2023-04-02 05:52:37.681000+00:00,17.9,31.7,51.0,1018.4,1.3,251,0.0
7787,2023-04-02 05:53:37.696000+00:00,17.8,31.7,54.0,1018.2,0.8,147,0.0
7787,2023-04-02 05:54:37.711000+00:00,17.9,31.7,54.0,1018.2,1.6,321,0.0
7787,2023-04-02 05:55:37.694000+00:00,17.8,31.7,53.0,1018.2,1.7,120,0.0
7787,2023-04-02 05:56:37.709000+00:00,17.8,31.7,53.0,1018.2,0.6,141,0.0
7787,2023-04-02 05:57:37.709000+00:00,17.7,31.7,55.0,1018.2,1.5,164,0.0
7787,2023-04-02 05:58:37.708000+00:00,17.8,31.4,53.0,1018.2,1.7,130,0.0
7787,2023-04-02 05:59:37.723000+00:00,17.7,31.6,53.0,1018.2,2.2,148,0.0
7787,2023-04-02 06:00:37.738000+00:00,17.7,31.4,52.0,1018.2,1.0,148,0.0
7787,2023-04-02 06:01:37.753000+00:00,17.8,31.4,54.0,1018.2,1.6,133,0.0
7787,2023-04-02 06:02:37.768000+00:00,17.8,31.4,54.0,1018.4,1.3,323,0.0
7787,2023-04-02 06:03:37.767000+00:00,17.7,31.1,54.0,1018.2,0.6,147,0.0
7787,2023-04-02 06:04:37.766000+00:00,17.7,31.1,54.0,1018.2,0.8,156,0.0
7787,2023-04-02 06:05:37.766000+00:00,17.8,31.0,54.0,1018.2,1.3,343,0.0
7787,2023-04-02 06:06:37.781000+00:00,17.8,31.0,54.0,1018.2,1.2,152,0.0
7787,2023-04-02 06:07:37.764000+00:00,17.9,30.9,54.0,1018.4,0.6,91,0.0
7787,2023-04-02 06:08:37.779000+00:00,17.9,31.0,54.0,1018.2,1.0,139,0.0
7787,2023-04-02 06:09:37.763000+00:00,17.9,30.8,53.0,1018.2,1.0,0,0.0
7787,2023-04-02 06:10:37.778000+00:00,18.0,30.7,53.0,1018.2,0.6,144,0.0
7787,2023-04-02 06:11:37.761000+00:00,17.9,30.7,54.0,1018.0,0.8,326,0.0
7787,2023-04-02 06:12:37.761000+00:00,17.9,30.6,54.0,1018.2,1.6,94,0.0
7787,2023-04-02 06:13:37.760000+00:00,17.9,30.6,55.0,1018.2,1.3,118,0.0
7787,2023-04-02 06:14:37.775000+00:00,17.8,30.4,55.0,1018.2,1.3,135,0.0
7787,2023-04-02 06:15:37.759000+00:00,17.8,30.2,55.0,1018.4,0.8,155,0.0
7787,2023-04-02 06:16:37.758000+00:00,17.9,30.2,55.0,1018.2,0.8,0,0.0
7787,2023-04-02 06:17:37.773000+00:00,17.9,30.2,55.0,1018.2,1.1,0,0.0
7787,2023-04-02 06:18:37.772000+00:00,17.8,30.1,55.0,1018.2,1.0,144,0.0
7787,2023-04-02 06:19:37.772000+00:00,17.7,30.1,56.0,1018.4,2.2,128,0.0
7787,2023-04-02 06:20:37.771000+00:00,17.6,29.9,56.0,1018.2,1.5,0,0.0
7787,2023-04-02 06:21:37.770000+00:00,17.6,29.9,56.0,1018.2,1.0,146,0.0
7787,2023-04-02 06:22:37.785000+00:00,17.6,29.9,57.0,1018.2,0.6,0,0.0
7787,2023-04-02 06:23:37.800000+00:00,17.6,29.7,57.0,1018.2,0.8,156,0.0
7787,2023-04-02 06:24:37.815000+00:00,17.6,29.6,57.0,1018.2,1.7,0,0.0
7787,2023-04-02 06:25:37.846000+00:00,17.6,29.6,57.0,1018.2,1.2,136,0.0
7787,2023-04-02 06:26:37.829000+00:00,17.5,29.2,57.0,1018.2,1.1,0,0.0
7787,2023-04-02 06:27:37.829000+00:00,17.5,29.3,58.0,1018.4,1.2,90,0.0
7787,2023-04-02 06:28:37.828000+00:00,17.5,29.4,58.0,1018.4,0.8,140,0.0
7787,2023-04-02 06:29:37.827000+00:00,17.5,29.2,57.0,1018.2,1.7,151,0.0
7787,2023-04-02 06:30:37.889000+00:00,17.5,29.2,57.0,1018.2,0.8,126,0.0
7787,2023-04-02 06:31:37.841000+00:00,17.5,29.2,57.0,1018.2,1.2,133,0.0
7787,2023-04-02 06:32:37.856000+00:00,17.5,29.2,57.0,1018.2,0.8,160,0.0
7787,2023-04-02 06:33:37.856000+00:00,17.5,29.1,56.0,1018.2,0.6,106,0.0
7787,2023-04-02 06:34:37.871000+00:00,17.5,29.0,56.0,1018.2,0.8,147,0.0
7787,2023-04-02 06:35:37.917000+00:00,17.5,28.9,56.0,1018.2,1.3,61,0.0
7787,2023-04-02 06:36:37.869000+00:00,17.5,28.7,56.0,1018.2,0.6,0,0.0
7787,2023-04-02 06:37:37.853000+00:00,17.5,28.9,55.0,1018.2,1.0,113,0.0
7787,2023-04-02 06:38:37.868000+00:00,17.5,28.9,55.0,1018.2,0.4,145,0.0
7787,2023-04-02 06:39:37.867000+00:00,17.5,28.9,55.0,1018.2,1.6,154,0.0
7787,2023-04-02 06:40:37.867000+00:00,17.5,28.4,56.0,1018.2,1.5,130,0.0
7787,2023-04-02 06:41:37.882000+00:00,17.5,28.4,56.0,1018.2,1.5,158,0.0
7787,2023-04-02 06:42:37.896000+00:00,17.4,28.1,57.0,1018.2,1.6,123,0.0
7787,2023-04-02 06:43:37.896000+00:00,17.4,28.1,57.0,1018.2,1.6,166,0.0
7787,2023-04-02 06:44:37.942000+00:00,17.3,28.0,57.0,1018.2,0.6,140,0.0
7787,2023-04-02 06:45:37.894000+00:00,17.2,28.0,56.0,1018.2,0.8,129,0.0
7787,2023-04-02 06:46:37.894000+00:00,17.3,28.0,56.0,1018.2,0.8,156,0.0
7787,2023-04-02 06:47:37.893000+00:00,17.3,28.0,56.0,1018.2,1.1,174,0.0
7787,2023-04-02 06:48:37.892000+00:00,17.3,27.7,56.0,1018.2,1.8,111,0.0
7787,2023-04-02 06:49:37.892000+00:00,17.2,27.4,58.0,1018.2,1.3,171,0.0
7787,2023-04-02 06:50:52.782000+00:00,17.2,27.4,58.0,1018.2,1.2,96,0.0
7787,2023-04-02 06:51:37.890000+00:00,17.3,27.4,58.0,1018.4,1.2,85,0.0
7787,2023-04-02 06:52:37.890000+00:00,17.3,27.5,58.0,1018.2,1.2,122,0.0
7787,2023-04-02 06:53:37.889000+00:00,17.3,27.5,57.0,1018.2,1.0,151,0.0
7787,2023-04-02 06:54:37.888000+00:00,17.2,27.5,58.0,1018.2,1.2,141,0.0
7787,2023-04-02 06:55:37.903000+00:00,17.3,27.4,58.0,1018.2,1.0,12,0.0
7787,2023-04-02 06:56:37.887000+00:00,17.2,27.2,58.0,1018.2,1.6,0,0.0
7787,2023-04-02 06:57:37.902000+00:00,17.3,27.1,59.0,1018.4,1.1,12,0.0
7787,2023-04-02 06:58:37.901000+00:00,17.2,27.2,58.0,1018.4,1.2,138,0.0
7787,2023-04-02 06:59:38.494000+00:00,17.2,27.2,58.0,1018.2,1.1,57,0.0
7787,2023-04-02 07:00:37.884000+00:00,17.2,27.0,58.0,1018.2,1.8,158,0.0
7787,2023-04-02 07:01:37.899000+00:00,17.1,27.0,58.0,1018.2,0.4,130,0.0
7787,2023-04-02 07:02:37.914000+00:00,17.2,27.1,57.0,1018.2,0.8,144,0.0
7787,2023-04-02 07:03:37.898000+00:00,17.2,27.1,57.0,1018.2,0.8,155,0.0
7787,2023-04-02 07:04:37.897000+00:00,17.2,27.0,57.0,1018.2,0.6,128,0.0
7787,2023-04-02 07:05:37.896000+00:00,17.2,26.7,57.0,1018.2,1.0,142,0.0
7787,2023-04-02 07:06:37.896000+00:00,17.2,26.8,56.0,1018.2,0.8,165,0.0
7787,2023-04-02 07:07:37.895000+00:00,17.2,26.8,56.0,1018.2,1.7,141,0.0
7787,2023-04-02 07:08:37.894000+00:00,17.1,26.3,57.0,1018.2,0.8,131,0.0
7787,2023-04-02 07:09:37.894000+00:00,17.2,26.3,57.0,1018.2,0.8,134,0.0
7787,2023-04-02 07:10:37.893000+00:00,17.1,26.3,57.0,1018.2,1.2,13,0.0
7787,2023-04-02 07:11:37.892000+00:00,17.1,26.2,56.0,1018.2,0.6,149,0.0
7787,2023-04-02 07:12:37.892000+00:00,17.1,26.2,57.0,1018.2,0.8,108,0.0
7787,2023-04-02 07:13:37.891000+00:00,17.1,26.1,57.0,1018.2,0.6,175,0.0
7787,2023-04-02 07:14:37.890000+00:00,17.0,25.8,57.0,1018.2,0.8,155,0.0
7787,2023-04-02 07:15:37.890000+00:00,17.0,25.7,57.0,1018.4,1.1,143,0.0
7787,2023-04-02 07:16:37.889000+00:00,16.9,25.5,57.0,1018.2,1.2,108,0.0
7787,2023-04-02 07:17:37.888000+00:00,17.0,25.4,58.0,1018.2,0.8,129,0.0
7787,2023-04-02 07:18:37.888000+00:00,17.0,25.3,59.0,1018.2,0.8,0,0.0
7787,2023-04-02 07:19:37.887000+00:00,16.9,25.2,59.0,1018.2,1.6,148,0.0
7787,2023-04-02 07:20:37.886000+00:00,16.9,25.2,57.0,1018.2,1.5,134,0.0
7787,2023-04-02 07:21:37.885000+00:00,16.9,25.1,58.0,1018.2,1.2,135,0.0
7787,2023-04-02 07:22:37.916000+00:00,16.8,25.1,59.0,1018.2,1.2,129,0.0
7787,2023-04-02 07:23:37.900000+00:00,16.9,25.0,60.0,1018.2,1.0,90,0.0
7787,2023-04-02 07:24:37.915000+00:00,16.9,24.9,59.0,1018.4,1.8,49,0.0
7787,2023-04-02 07:25:37.930000+00:00,16.9,24.7,60.0,1018.4,1.7,150,0.0
7787,2023-04-02 07:26:37.929000+00:00,16.9,24.5,60.0,1018.2,1.8,121,0.0
7787,2023-04-02 07:27:37.944000+00:00,16.8,24.5,61.0,1018.2,1.5,107,0.0
7787,2023-04-02 07:28:37.943000+00:00,16.8,24.5,60.0,1018.2,1.5,107,0.0
7787,2023-04-02 07:29:37.942000+00:00,16.9,24.4,60.0,1018.2,1.5,107,0.0
7787,2023-04-02 07:30:37.957000+00:00,16.9,24.4,61.0,1018.2,1.5,107,0.0
7787,2023-04-02 07:31:37.957000+00:00,16.9,24.3,60.0,1018.2,5.0,107,0.0
7787,2023-04-02 07:32:37.956000+00:00,16.9,24.3,60.0,1018.2,5.0,107,0.0
7787,2023-04-02 07:33:37.971000+00:00,16.9,24.3,59.0,1018.2,1.7,92,0.0
7787,2023-04-02 07:34:37.986000+00:00,16.9,24.2,58.0,1018.2,1.1,81,0.0
7787,2023-04-02 07:35:37.985000+00:00,16.9,24.0,58.0,1018.4,1.5,115,0.0
7787,2023-04-02 07:36:38+00:00,16.9,24.0,58.0,1018.2,2.0,145,0.0
7787,2023-04-02 07:37:38.015000+00:00,16.9,23.9,59.0,1018.4,1.6,137,0.0
7787,2023-04-02 07:38:37.999000+00:00,16.9,23.8,58.0,1018.4,1.7,143,0.0
7787,2023-04-02 07:39:38.014000+00:00,16.9,24.0,57.0,1018.4,1.2,128,0.0
7787,2023-04-02 07:40:38.013000+00:00,16.9,23.8,57.0,1018.4,1.2,165,0.0
7787,2023-04-02 07:41:38.028000+00:00,16.9,23.7,59.0,1018.4,1.5,169,0.0
7787,2023-04-02 07:42:38.058000+00:00,16.9,23.7,57.0,1018.4,2.5,169,0.0
9069,2023-04-29 12:49:07.212000+00:00,22.3,43.5,52.0,1009.0,0.6,93,0.0
9069,2023-04-29 12:50:07.227000+00:00,22.4,42.9,52.0,1009.0,0.8,92,0.0
9069,2023-04-29 12:51:07.226000+00:00,22.4,42.7,55.0,1009.0,0.6,312,0.0
9069,2023-04-29 12:52:07.241000+00:00,22.4,42.7,54.0,1009.0,0.6,275,0.0
9069,2023-04-29 12:53:07.256000+00:00,22.3,42.8,48.0,1009.0,0.6,0,0.0
9069,2023-04-29 12:54:07.255000+00:00,22.2,43.1,47.0,1008.9,0.5,267,0.0
9069,2023-04-29 12:55:07.254000+00:00,22.2,43.4,45.0,1008.9,0.0,0,0.0
9069,2023-04-29 12:56:07.254000+00:00,22.3,43.4,44.0,1009.0,0.8,9,0.0
9069,2023-04-29 12:57:07.253000+00:00,22.4,43.1,48.0,1009.0,0.5,60,0.0
9069,2023-04-29 12:58:07.252000+00:00,22.3,42.8,46.0,1009.0,0.6,101,0.0
9069,2023-04-29 12:59:07.252000+00:00,22.3,42.8,46.0,1009.0,0.3,219,0.0
9069,2023-04-29 13:00:07.251000+00:00,22.4,42.5,48.0,1009.0,1.0,267,0.0
9069,2023-04-29 13:01:07.266000+00:00,22.4,42.2,48.0,1009.0,0.6,340,0.0
9069,2023-04-29 13:02:07.249000+00:00,22.5,42.2,51.0,1009.0,0.8,0,0.0
9069,2023-04-29 13:03:07.249000+00:00,22.5,42.5,52.0,1009.0,1.0,0,0.0
9069,2023-04-29 13:04:07.264000+00:00,22.5,41.9,53.0,1009.0,0.5,290,0.0
9069,2023-04-29 13:05:07.263000+00:00,22.6,41.6,53.0,1009.0,0.5,0,0.0
9069,2023-04-29 13:06:07.247000+00:00,22.6,41.5,53.0,1009.0,0.8,284,0.0
9069,2023-04-29 13:07:07.261000+00:00,22.6,40.6,54.0,1009.0,1.0,59,0.0
9069,2023-04-29 13:08:07.261000+00:00,22.6,40.9,51.0,1009.0,0.0,0,0.0
9069,2023-04-29 13:09:07.260000+00:00,22.6,38.8,53.0,1009.0,0.0,6,0.0
9069,2023-04-29 13:10:07.259000+00:00,22.6,36.4,54.0,1009.0,0.6,339,0.0
9069,2023-04-29 13:11:07.259000+00:00,22.5,36.8,55.0,1009.0,0.5,0,0.0
9069,2023-04-29 13:12:07.258000+00:00,22.5,39.0,55.0,1009.0,0.5,265,0.0
9069,2023-04-29 13:13:07.257000+00:00,22.5,38.8,55.0,1009.0,0.5,12,0.0
9069,2023-04-29 13:14:07.257000+00:00,22.5,38.5,55.0,1009.0,0.6,32,0.0
9069,2023-04-29 13:15:07.256000+00:00,22.5,38.8,56.0,1009.0,0.3,345,0.0
9069,2023-04-29 13:16:07.255000+00:00,22.5,38.1,56.0,1009.0,0.4,312,0.0
9069,2023-04-29 13:17:07.254000+00:00,22.5,38.1,56.0,1009.0,0.6,58,0.0
9069,2023-04-29 13:18:07.254000+00:00,22.5,37.5,56.0,1009.0,0.5,0,0.0
9069,2023-04-29 13:19:07.253000+00:00,22.4,36.2,58.0,1009.0,0.4,7,0.0
9069,2023-04-29 13:20:07.252000+00:00,22.4,35.3,60.0,1009.0,0.6,72,0.0
9069,2023-04-29 13:21:07.267000+00:00,22.3,35.8,60.0,1009.0,0.6,71,0.0
9069,2023-04-29 13:22:07.251000+00:00,22.2,36.3,61.0,1009.0,0.8,19,0.0
9069,2023-04-29 13:23:07.266000+00:00,22.2,36.3,61.0,1009.0,0.6,102,0.0
9069,2023-04-29 13:24:07.250000+00:00,22.1,36.6,61.0,1009.0,0.5,52,0.0
9069,2023-04-29 13:25:07.249000+00:00,22.1,36.6,60.0,1009.0,0.5,0,0.0
9069,2023-04-29 13:26:07.248000+00:00,22.1,36.6,60.0,1009.0,0.4,8,0.0
9069,2023-04-29 13:27:07.247000+00:00,22.0,36.5,62.0,1009.0,0.4,78,0.0
9069,2023-04-29 13:28:07.262000+00:00,22.0,36.2,61.0,1009.0,0.0,0,0.0
9069,2023-04-29 13:29:07.262000+00:00,22.0,36.2,57.0,1009.0,0.3,267,0.0
9069,2023-04-29 13:30:07.261000+00:00,22.2,36.8,59.0,1009.0,0.5,284,0.0
9069,2023-04-29 13:31:07.260000+00:00,22.2,35.9,60.0,1009.0,0.4,0,0.0
9069,2023-04-29 13:32:07.260000+00:00,22.3,35.9,56.0,1009.0,0.6,79,1.0
9069,2023-04-29 13:33:07.259000+00:00,22.3,35.5,61.0,1008.9,0.4,223,1.0
9069,2023-04-29 13:34:07.258000+00:00,22.3,35.4,61.0,1009.0,0.5,28,0.0
9069,2023-04-29 13:35:07.257000+00:00,22.4,35.4,62.0,1009.0,0.6,0,0.0
9069,2023-04-29 13:36:07.257000+00:00,22.3,35.4,62.0,1009.0,0.4,307,0.0
9069,2023-04-29 13:37:07.272000+00:00,22.1,35.5,61.0,1009.0,0.3,0,0.0
9069,2023-04-29 13:38:07.271000+00:00,22.2,35.3,60.0,1009.0,1.2,241,0.0
9069,2023-04-29 13:39:07.270000+00:00,22.2,35.3,57.0,1009.0,1.1,249,0.0
9069,2023-04-29 13:40:07.285000+00:00,22.2,35.1,56.0,1009.0,1.7,210,0.0
9069,2023-04-29 13:41:07.300000+00:00,22.1,34.6,56.0,1009.0,0.6,0,0.0
9069,2023-04-29 13:42:07.299000+00:00,22.2,34.6,58.0,1009.0,0.4,223,0.0
9069,2023-04-29 13:43:07.299000+00:00,22.2,34.5,60.0,1008.9,1.3,0,0.0
9069,2023-04-29 13:44:07.314000+00:00,22.1,34.2,59.0,1008.9,0.4,23,0.0
9069,2023-04-29 13:45:07.329000+00:00,22.1,34.2,57.0,1008.9,0.6,218,0.0
9069,2023-04-29 13:46:07.297000+00:00,22.0,34.1,61.0,1008.9,0.8,2,0.0
9069,2023-04-29 13:47:07.327000+00:00,22.0,34.1,61.0,1008.9,0.4,334,0.0
9069,2023-04-29 13:48:07.326000+00:00,22.0,34.0,61.0,1008.7,0.4,272,0.0
9069,2023-04-29 13:49:07.341000+00:00,22.0,34.0,62.0,1008.7,0.6,0,0.0
9069,2023-04-29 13:50:07.372000+00:00,22.0,33.9,63.0,1008.9,1.2,214,0.0
9069,2023-04-29 13:51:07.371000+00:00,21.9,33.5,64.0,1008.9,1.0,0,0.0
9069,2023-04-29 13:52:07.371000+00:00,21.9,33.4,64.0,1008.7,1.7,287,0.0
9069,2023-04-29 13:53:07.370000+00:00,22.0,33.4,64.0,1008.7,0.8,245,0.0
9069,2023-04-29 13:54:07.385000+00:00,22.0,33.1,66.0,1008.7,1.7,0,0.0
9069,2023-04-29 13:55:07.400000+00:00,22.0,33.1,66.0,1008.7,0.6,232,0.0
9069,2023-04-29 13:56:07.399000+00:00,22.0,33.0,66.0,1008.7,1.7,140,0.0
9069,2023-04-29 13:57:07.383000+00:00,22.0,32.8,66.0,1008.7,1.0,177,0.0
9069,2023-04-29 13:58:07.382000+00:00,21.9,32.8,67.0,1008.7,0.4,9,0.0
9069,2023-04-29 13:59:07.381000+00:00,21.9,33.0,66.0,1008.7,1.0,232,0.0
9069,2023-04-29 14:00:07.381000+00:00,21.8,32.9,67.0,1008.7,0.5,327,0.0
9069,2023-04-29 14:01:07.380000+00:00,21.8,32.8,67.0,1008.7,1.0,194,0.0
9069,2023-04-29 14:02:07.379000+00:00,21.8,32.8,67.0,1008.7,0.8,228,0.0
9069,2023-04-29 14:03:07.394000+00:00,21.8,33.0,66.0,1008.7,1.8,217,0.0
9069,2023-04-29 14:04:07.393000+00:00,21.8,32.9,66.0,1008.5,1.1,226,0.0
9069,2023-04-29 14:05:07.377000+00:00,21.8,32.7,66.0,1008.5,1.8,0,0.0
9069,2023-04-29 14:06:07.392000+00:00,21.9,32.6,66.0,1008.5,1.7,230,0.0
9069,2023-04-29 14:07:07.392000+00:00,21.9,32.6,65.0,1008.7,0.6,232,0.0
9069,2023-04-29 14:08:07.406000+00:00,21.9,32.6,65.0,1008.7,1.7,222,0.0
9069,2023-04-29 14:09:07.421000+00:00,21.9,32.6,65.0,1008.5,1.2,241,0.0
9069,2023-04-29 14:10:07.436000+00:00,21.9,32.4,65.0,1008.7,1.7,225,0.0
9070,2023-04-30 10:01:11.577000+00:00,23.9,42.5,52.0,1009.5,1.6,15,0.0
9070,2023-04-30 10:02:11.576000+00:00,23.9,42.5,53.0,1009.5,1.0,50,0.0
9070,2023-04-30 10:03:11.575000+00:00,24.0,42.5,52.0,1009.5,1.0,59,0.0
9070,2023-04-30 10:04:11.589000+00:00,23.9,42.5,51.0,1009.5,0.6,54,0.0
9070,2023-04-30 10:05:11.604000+00:00,24.0,42.7,50.0,1009.4,1.5,30,0.0
9070,2023-04-30 10:06:11.603000+00:00,24.0,42.6,50.0,1009.5,1.1,0,0.0
9070,2023-04-30 10:07:11.602000+00:00,24.1,42.6,50.0,1009.5,0.6,255,0.0
9070,2023-04-30 10:08:11.600000+00:00,24.1,42.6,51.0,1009.5,0.8,187,0.0
9070,2023-04-30 10:09:11.599000+00:00,24.0,42.9,50.0,1009.5,1.7,162,0.0
9070,2023-04-30 10:10:11.614000+00:00,24.0,42.9,50.0,1009.5,1.7,162,0.0
9070,2023-04-30 10:11:11.597000+00:00,24.2,43.3,50.0,1009.4,1.1,115,0.0
9070,2023-04-30 10:12:11.643000+00:00,24.3,43.7,50.0,1009.4,0.8,41,0.0
9070,2023-04-30 10:13:11.626000+00:00,24.3,43.7,50.0,1009.4,0.8,41,0.0
9070,2023-04-30 10:14:11.641000+00:00,24.3,43.7,50.0,1009.2,1.0,93,0.0
9070,2023-04-30 10:15:11.655000+00:00,24.4,44.0,50.0,1009.4,1.7,197,0.0
9070,2023-04-30 10:16:11.654000+00:00,24.5,43.6,49.0,1009.4,1.8,186,0.0
9070,2023-04-30 10:17:11.653000+00:00,24.5,43.5,49.0,1009.4,1.7,112,0.0
9070,2023-04-30 10:18:11.652000+00:00,24.6,43.2,51.0,1009.2,0.6,178,0.0
9070,2023-04-30 10:19:11.651000+00:00,24.5,43.2,51.0,1009.2,0.8,353,0.0
9070,2023-04-30 10:20:11.666000+00:00,24.3,43.8,50.0,1009.2,1.5,4,0.0
9070,2023-04-30 10:21:11.664000+00:00,24.2,44.0,51.0,1009.2,1.2,41,0.0
9070,2023-04-30 10:22:11.663000+00:00,24.3,43.2,50.0,1009.2,0.8,0,0.0
9070,2023-04-30 10:23:11.678000+00:00,24.4,44.2,48.0,1009.2,1.1,62,0.0
9070,2023-04-30 10:24:11.677000+00:00,24.4,44.2,48.0,1009.2,1.2,28,0.0
9070,2023-04-30 10:25:11.691000+00:00,24.4,43.7,49.0,1009.4,1.1,49,0.0
9070,2023-04-30 10:26:11.690000+00:00,24.4,41.3,50.0,1009.2,1.0,42,0.0
9070,2023-04-30 10:27:11.689000+00:00,24.5,41.8,50.0,1009.2,0.8,149,0.0
9070,2023-04-30 10:28:11.688000+00:00,24.5,43.5,49.0,1009.2,1.2,213,0.0
9070,2023-04-30 10:29:11.687000+00:00,24.5,43.8,49.0,1009.2,1.1,195,0.0
9070,2023-04-30 10:30:11.686000+00:00,24.5,43.2,50.0,1009.0,1.1,324,0.0
9070,2023-04-30 10:31:11.700000+00:00,24.5,42.7,50.0,1009.2,1.2,33,0.0
9070,2023-04-30 10:32:11.684000+00:00,24.5,42.2,50.0,1009.2,1.1,61,0.0
9070,2023-04-30 10:33:11.714000+00:00,24.5,41.1,51.0,1009.0,1.7,50,0.0
9070,2023-04-30 10:34:11.682000+00:00,24.5,40.4,52.0,1009.0,1.5,1,0.0
9070,2023-04-30 10:35:11.680000+00:00,24.5,41.0,53.0,1009.0,0.8,0,0.0
9070,2023-04-30 10:36:11.679000+00:00,24.4,41.1,52.0,1009.0,0.6,48,0.0
9070,2023-04-30 10:37:11.678000+00:00,24.4,41.1,51.0,1009.0,0.8,304,0.0
9070,2023-04-30 10:38:11.677000+00:00,24.4,43.2,50.0,1008.7,0.8,19,0.0
9070,2023-04-30 10:39:11.707000+00:00,24.5,43.8,48.0,1009.0,1.1,348,0.0
9070,2023-04-30 10:40:11.691000+00:00,24.5,41.8,50.0,1009.0,1.6,349,0.0
9070,2023-04-30 10:41:11.690000+00:00,24.5,41.0,52.0,1009.0,1.7,38,0.0
9070,2023-04-30 10:42:11.704000+00:00,24.3,41.0,53.0,1008.9,1.7,74,0.0
9070,2023-04-30 10:43:11.687000+00:00,24.3,42.1,52.0,1008.9,1.3,24,0.0
9070,2023-04-30 10:44:11.686000+00:00,24.4,43.7,51.0,1008.7,0.0,74,0.0
9070,2023-04-30 10:45:11.685000+00:00,24.4,43.9,51.0,1008.7,0.8,67,0.0
9070,2023-04-30 10:46:11.684000+00:00,24.4,43.9,49.0,1008.7,0.8,79,0.0
9070,2023-04-30 10:47:11.683000+00:00,24.5,44.8,48.0,1008.7,1.5,121,0.0
9070,2023-04-30 10:48:11.682000+00:00,24.6,44.8,48.0,1008.7,1.0,216,0.0
9070,2023-04-30 10:49:11.681000+00:00,24.6,44.1,48.0,1008.7,0.6,65,0.0
9070,2023-04-30 10:50:11.680000+00:00,24.7,43.7,48.0,1008.7,1.3,116,0.0
9070,2023-04-30 10:51:11.679000+00:00,24.7,43.3,49.0,1008.7,0.6,341,0.0
9070,2023-04-30 10:52:11.678000+00:00,24.6,42.8,49.0,1008.7,1.3,40,0.0
9070,2023-04-30 10:53:11.692000+00:00,24.7,42.7,50.0,1008.7,1.3,19,0.0
9070,2023-04-30 10:54:11.691000+00:00,24.6,41.5,51.0,1008.7,1.2,80,0.0
9070,2023-04-30 10:55:11.784000+00:00,24.5,41.7,52.0,1008.7,1.7,43,0.0
9070,2023-04-30 10:56:11.783000+00:00,24.4,41.9,52.0,1008.9,1.5,86,0.0
9070,2023-04-30 10:57:11.797000+00:00,24.4,42.2,51.0,1008.9,1.1,76,0.0
9070,2023-04-30 10:58:11.796000+00:00,24.4,42.2,50.0,1008.7,1.1,196,0.0
9070,2023-04-30 10:59:11.795000+00:00,24.5,42.7,50.0,1008.7,0.6,340,0.0
9070,2023-04-30 11:00:11.810000+00:00,24.6,42.7,50.0,1008.7,0.6,175,0.0
9070,2023-04-30 11:01:11.808000+00:00,24.6,43.2,50.0,1008.7,1.0,193,0.0
9070,2023-04-30 11:02:11.823000+00:00,24.6,43.8,50.0,1008.7,2.0,193,0.0
9070,2023-04-30 11:03:11.822000+00:00,24.7,43.4,49.0,1008.9,1.7,245,0.0
9070,2023-04-30 11:04:11.805000+00:00,24.9,43.4,49.0,1008.7,0.8,50,0.0
9070,2023-04-30 11:05:11.804000+00:00,25.1,43.3,49.0,1008.7,1.0,195,0.0
9070,2023-04-30 11:06:11.803000+00:00,25.0,43.3,50.0,1008.7,2.2,174,0.0
9070,2023-04-30 11:07:11.818000+00:00,25.0,42.9,49.0,1008.7,1.2,222,0.0
9070,2023-04-30 11:08:11.832000+00:00,25.0,43.1,49.0,1008.7,1.3,160,0.0
9070,2023-04-30 11:09:11.815000+00:00,25.0,43.1,49.0,1008.7,0.4,16,0.0
9070,2023-04-30 11:10:11.814000+00:00,24.9,43.1,49.0,1008.7,1.0,9,0.0
9070,2023-04-30 11:11:11.829000+00:00,24.9,43.0,50.0,1008.7,1.1,233,0.0
9070,2023-04-30 11:12:11.812000+00:00,25.0,43.2,50.0,1008.5,0.8,138,0.0
9070,2023-04-30 11:13:11.811000+00:00,25.0,43.3,49.0,1008.5,1.0,275,0.0
9070,2023-04-30 11:14:11.810000+00:00,24.8,43.3,49.0,1008.5,0.6,154,0.0
9070,2023-04-30 11:15:11.809000+00:00,24.8,42.3,49.0,1008.5,0.6,21,0.0
9070,2023-04-30 11:16:11.808000+00:00,24.8,41.6,50.0,1008.5,1.5,64,0.0
9070,2023-04-30 11:17:11.807000+00:00,24.8,41.7,51.0,1008.5,0.8,0,0.0
9070,2023-04-30 11:18:11.806000+00:00,25.0,41.7,50.0,1008.4,0.8,106,0.0
9070,2023-04-30 11:19:11.805000+00:00,25.0,42.0,50.0,1008.5,0.6,295,0.0
9070,2023-04-30 11:20:11.819000+00:00,25.0,42.2,49.0,1008.4,0.8,74,0.0
9070,2023-04-30 11:21:11.865000+00:00,25.0,42.4,50.0,1008.2,0.8,148,0.0
9070,2023-04-30 11:22:11.817000+00:00,25.2,42.7,48.0,1008.2,0.8,56,0.0
9070,2023-04-30 11:23:11.816000+00:00,25.2,42.6,49.0,1008.2,0.8,23,0.0
9070,2023-04-30 11:24:11.815000+00:00,25.1,41.0,50.0,1008.2,1.1,74,0.0
9070,2023-04-30 11:25:11.814000+00:00,25.0,40.9,50.0,1008.2,1.2,26,0.0
9070,2023-04-30 11:26:11.844000+00:00,24.8,41.0,51.0,1008.2,1.3,260,0.0
9070,2023-04-30 11:27:11.843000+00:00,24.8,41.0,51.0,1008.2,1.2,343,0.0
9070,2023-04-30 11:28:11.842000+00:00,24.8,41.0,51.0,1008.2,1.2,343,0.0
9070,2023-04-30 11:29:11.856000+00:00,24.9,41.0,50.0,1008.0,1.2,226,0.0
9070,2023-04-30 11:30:11.871000+00:00,25.0,41.7,50.0,1008.0,1.0,234,0.0
9070,2023-04-30 11:31:11.870000+00:00,25.1,42.5,49.0,1008.0,0.8,64,0.0
9070,2023-04-30 11:32:11.884000+00:00,25.1,42.8,49.0,1008.0,1.8,52,0.0
9070,2023-04-30 11:33:11.883000+00:00,25.1,43.0,49.0,1008.0,2.0,34,0.0
9070,2023-04-30 11:34:11.913000+00:00,25.0,43.0,48.0,1008.0,0.5,48,0.0
9070,2023-04-30 11:35:11.912000+00:00,25.0,42.5,48.0,1008.0,1.2,47,0.0
9070,2023-04-30 11:36:11.911000+00:00,25.1,42.5,48.0,1008.0,1.2,182,0.0
9070,2023-04-30 11:37:11.910000+00:00,25.1,42.6,48.0,1008.0,1.0,65,0.0
9070,2023-04-30 11:38:11.909000+00:00,25.1,42.6,48.0,1008.0,1.0,218,0.0
9070,2023-04-30 11:39:11.908000+00:00,25.1,42.0,48.0,1008.0,1.3,290,0.0
9070,2023-04-30 11:40:11.922000+00:00,25.2,41.9,48.0,1008.2,1.3,263,0.0
9070,2023-04-30 11:41:11.921000+00:00,25.2,41.2,48.0,1008.2,1.0,0,0.0
9070,2023-04-30 11:42:11.936000+00:00,25.3,41.0,48.0,1008.2,0.6,36,0.0
9070,2023-04-30 11:43:11.935000+00:00,25.4,41.0,47.0,1008.2,0.6,48,0.0
9070,2023-04-30 11:44:11.934000+00:00,25.4,40.8,48.0,1008.2,1.0,343,0.0
9070,2023-04-30 11:45:11.933000+00:00,25.4,40.8,48.0,1008.2,1.0,0,0.0
9070,2023-04-30 11:46:11.947000+00:00,25.4,41.4,47.0,1008.2,0.0,83,0.0
9070,2023-04-30 11:47:11.930000+00:00,25.5,40.6,48.0,1008.4,1.2,16,0.0
9070,2023-04-30 11:48:11.929000+00:00,25.4,40.3,48.0,1008.2,0.8,301,0.0
9070,2023-04-30 11:49:11.944000+00:00,25.3,40.4,48.0,1008.2,1.2,95,0.0
9070,2023-04-30 11:50:11.943000+00:00,25.3,40.9,48.0,1008.4,1.3,56,0.0
9070,2023-04-30 11:51:11.942000+00:00,25.3,40.9,47.0,1008.2,1.2,66,0.0
9070,2023-04-30 11:52:11.941000+00:00,25.4,40.5,48.0,1008.4,0.6,28,0.0
9070,2023-04-30 11:53:11.940000+00:00,25.5,40.5,48.0,1008.2,1.6,62,0.0
9070,2023-04-30 11:54:11.938000+00:00,25.6,40.5,48.0,1008.2,1.2,102,0.0
9070,2023-04-30 11:55:11.937000+00:00,25.5,40.5,48.0,1008.4,0.8,0,0.0
9070,2023-04-30 11:56:11.936000+00:00,25.5,40.5,47.0,1008.2,0.5,31,0.0
9070,2023-04-30 11:57:11.935000+00:00,25.6,41.3,46.0,1008.2,1.8,62,0.0
9070,2023-04-30 11:58:11.965000+00:00,25.6,41.0,47.0,1008.2,1.3,349,0.0
9070,2023-04-30 11:59:11.949000+00:00,25.6,40.9,48.0,1008.2,1.2,0,0.0
9070,2023-04-30 12:00:11.963000+00:00,25.5,40.7,47.0,1008.2,0.8,176,0.0
9070,2023-04-30 12:01:11.946000+00:00,25.5,40.9,47.0,1008.2,1.2,75,0.0
9070,2023-04-30 12:02:11.961000+00:00,25.5,40.7,48.0,1008.2,0.8,232,0.0
9070,2023-04-30 12:03:11.991000+00:00,25.4,40.7,47.0,1008.2,0.6,15,0.0
9070,2023-04-30 12:04:11.990000+00:00,25.4,40.3,47.0,1008.2,1.1,316,0.0
9070,2023-04-30 12:05:11.989000+00:00,25.5,40.1,47.0,1008.2,0.6,147,0.0
9070,2023-04-30 12:06:11.988000+00:00,25.5,40.1,47.0,1008.2,1.0,73,0.0
9070,2023-04-30 12:07:12.002000+00:00,25.5,39.8,47.0,1008.2,1.0,91,0.0
9070,2023-04-30 12:08:12.033000+00:00,25.4,39.4,48.0,1008.2,1.0,0,0.0
9070,2023-04-30 12:09:12.032000+00:00,25.4,39.4,47.0,1008.2,0.6,93,0.0
9070,2023-04-30 12:10:12.030000+00:00,25.5,39.4,48.0,1008.2,0.8,0,0.0
9070,2023-04-30 12:11:12.045000+00:00,25.4,38.9,48.0,1008.2,1.2,288,0.0
9070,2023-04-30 12:12:12.075000+00:00,25.4,39.1,48.0,1008.2,0.8,295,0.0
9070,2023-04-30 12:13:12.058000+00:00,25.4,38.8,48.0,1008.2,1.0,30,0.0
9070,2023-04-30 12:14:12.057000+00:00,25.3,38.8,48.0,1008.4,1.3,56,0.0
9070,2023-04-30 12:15:12.072000+00:00,25.3,38.8,48.0,1008.2,1.0,190,0.0
9070,2023-04-30 12:16:12.071000+00:00,25.3,39.1,47.0,1008.4,0.8,78,0.0
9070,2023-04-30 12:17:12.070000+00:00,25.5,38.9,47.0,1008.4,1.5,46,0.0
9070,2023-04-30 12:18:12.069000+00:00,25.5,38.0,48.0,1008.4,0.8,79,0.0
9070,2023-04-30 12:19:12.068000+00:00,25.4,37.6,48.0,1008.4,0.5,46,0.0
9070,2023-04-30 12:20:12.066000+00:00,25.4,38.0,48.0,1008.2,0.8,113,0.0
9070,2023-04-30 12:21:12.066000+00:00,25.2,38.0,48.0,1008.4,0.8,158,0.0
9070,2023-04-30 12:22:12.080000+00:00,25.2,37.7,48.0,1008.4,1.0,0,0.0
9070,2023-04-30 12:23:12.063000+00:00,25.3,37.5,48.0,1008.5,0.8,235,0.0
9070,2023-04-30 12:24:12.062000+00:00,25.3,37.5,48.0,1008.5,1.1,201,0.0
9070,2023-04-30 12:25:12.061000+00:00,25.3,37.3,47.0,1008.5,1.0,123,0.0
9070,2023-04-30 12:26:12.076000+00:00,25.3,37.1,47.0,1008.5,0.8,148,0.0
9070,2023-04-30 12:27:12.075000+00:00,25.2,37.0,48.0,1008.5,1.1,0,0.0
9070,2023-04-30 12:28:12.058000+00:00,25.1,36.5,48.0,1008.5,1.0,204,0.0
9070,2023-04-30 12:29:12.072000+00:00,25.0,36.5,49.0,1008.5,1.2,194,0.0
9070,2023-04-30 12:30:12.071000+00:00,25.0,36.2,49.0,1008.7,2.0,221,0.0
9070,2023-04-30 12:31:12.070000+00:00,24.9,35.8,50.0,1008.7,1.6,217,0.0
9070,2023-04-30 12:32:12.069000+00:00,24.8,35.8,50.0,1008.7,1.6,191,0.0
9070,2023-04-30 12:33:12.068000+00:00,24.8,35.6,50.0,1008.9,1.1,210,0.0
9070,2023-04-30 12:34:12.067000+00:00,24.8,35.6,50.0,1008.7,1.2,150,0.0
9070,2023-04-30 12:35:12.050000+00:00,24.8,35.1,51.0,1008.9,1.3,190,0.0
9070,2023-04-30 12:36:12.065000+00:00,24.7,35.1,51.0,1009.0,1.7,223,0.0
9070,2023-04-30 12:37:12.064000+00:00,24.7,35.1,51.0,1009.0,1.7,201,0.0
9070,2023-04-30 12:38:12.063000+00:00,24.6,34.8,51.0,1009.0,0.8,219,0.0
9070,2023-04-30 12:39:12.171000+00:00,24.6,34.8,51.0,1009.2,2.0,191,0.0
9070,2023-04-30 12:40:12.061000+00:00,24.6,34.5,51.0,1009.2,0.6,24,0.0
9078,2023-05-07 18:31:25.241000+00:00,27.2,36.5,60.0,1019.0,4.0,134,0.0
9078,2023-05-07 18:32:25.240000+00:00,27.3,47.5,60.0,1019.0,3.9,146,0.0
9078,2023-05-07 18:33:25.239000+00:00,27.4,49.7,58.0,1019.0,4.0,103,0.0
9078,2023-05-07 18:34:25.239000+00:00,27.4,49.3,58.0,1019.0,3.7,123,0.0
9078,2023-05-07 18:35:25.238000+00:00,27.4,50.7,57.0,1019.0,4.4,142,0.0
9078,2023-05-07 18:36:25.237000+00:00,27.6,51.0,57.0,1019.0,4.4,131,0.0
9078,2023-05-07 18:37:25.237000+00:00,27.7,51.0,58.0,1018.9,4.9,99,0.0
9078,2023-05-07 18:38:25.236000+00:00,27.7,46.9,58.0,1018.9,3.2,108,0.0
9078,2023-05-07 18:39:25.282000+00:00,27.8,46.9,57.0,1019.0,3.0,83,0.0
9078,2023-05-07 18:40:25.234000+00:00,27.8,47.4,57.0,1018.7,3.5,119,0.0
9078,2023-05-07 18:41:25.218000+00:00,27.7,52.5,58.0,1018.7,3.0,101,0.0
9078,2023-05-07 18:42:25.233000+00:00,27.8,52.5,58.0,1018.7,2.4,136,0.0
9078,2023-05-07 18:43:25.232000+00:00,27.8,51.4,57.0,1018.7,3.7,132,0.0
9078,2023-05-07 18:44:25.247000+00:00,27.8,43.2,58.0,1018.7,3.0,131,0.0
9078,2023-05-07 18:45:25.231000+00:00,27.7,41.0,57.0,1018.7,4.0,133,0.0
9078,2023-05-07 18:46:25.246000+00:00,27.6,37.4,58.0,1018.7,4.9,113,0.0
9078,2023-05-07 18:47:25.230000+00:00,27.4,36.4,58.0,1018.7,4.5,146,0.0
9078,2023-05-07 18:48:25.229000+00:00,27.3,34.9,58.0,1018.9,3.2,137,0.0
9078,2023-05-07 18:49:25.228000+00:00,27.2,34.8,57.0,1018.7,4.6,146,0.0
9078,2023-05-07 18:50:25.228000+00:00,27.1,35.5,58.0,1018.7,4.5,131,0.0
9078,2023-05-07 18:51:25.227000+00:00,27.0,36.3,59.0,1018.7,3.4,129,0.0
9078,2023-05-07 18:52:25.242000+00:00,27.1,36.3,59.0,1018.7,4.5,143,0.0
9078,2023-05-07 18:53:25.241000+00:00,27.2,36.4,59.0,1018.7,5.5,147,0.0
9078,2023-05-07 18:54:25.241000+00:00,27.0,35.7,59.0,1018.7,5.4,141,0.0
9078,2023-05-07 18:55:25.240000+00:00,26.8,36.1,61.0,1018.7,4.5,137,0.0
9078,2023-05-07 18:56:25.239000+00:00,26.9,35.9,60.0,1018.7,3.5,142,0.0
9078,2023-05-07 18:57:25.239000+00:00,26.9,35.9,61.0,1018.7,4.1,108,0.0
9078,2023-05-07 18:58:25.253000+00:00,26.9,36.1,61.0,1018.7,3.4,136,0.0
9078,2023-05-07 18:59:25.300000+00:00,26.9,35.5,60.0,1018.7,3.5,125,0.0
9078,2023-05-07 19:00:25.252000+00:00,27.0,36.2,60.0,1018.7,3.7,111,0.0
9078,2023-05-07 19:01:25.267000+00:00,27.0,35.1,60.0,1018.7,3.0,128,0.0
9078,2023-05-07 19:02:25.282000+00:00,27.0,35.6,60.0,1018.7,3.5,136,0.0
9078,2023-05-07 19:03:25.297000+00:00,27.0,35.6,60.0,1018.7,3.9,129,0.0
9078,2023-05-07 19:04:25.312000+00:00,26.9,35.9,60.0,1018.7,4.5,116,0.0
9078,2023-05-07 19:05:25.327000+00:00,26.9,35.2,60.0,1018.7,4.6,132,0.0
9078,2023-05-07 19:06:25.326000+00:00,26.8,35.2,60.0,1018.7,3.9,127,0.0
9078,2023-05-07 19:07:25.325000+00:00,26.7,36.0,60.0,1018.7,3.7,112,0.0
9078,2023-05-07 19:08:25.340000+00:00,26.7,36.5,61.0,1018.7,3.2,130,0.0
9078,2023-05-07 19:09:25.340000+00:00,26.7,35.1,61.0,1018.7,3.2,139,0.0
9078,2023-05-07 19:10:25.323000+00:00,26.7,35.1,60.0,1018.7,4.1,111,0.0
9078,2023-05-07 19:11:25.338000+00:00,26.7,35.2,60.0,1018.7,3.4,140,0.0
9078,2023-05-07 19:12:25.322000+00:00,26.6,36.3,60.0,1018.7,3.5,126,0.0
9078,2023-05-07 19:13:25.353000+00:00,26.7,36.3,60.0,1018.7,2.2,142,0.0
9078,2023-05-07 19:14:25.368000+00:00,26.8,37.7,60.0,1018.5,3.0,94,0.0
9078,2023-05-07 19:15:25.398000+00:00,26.9,39.8,61.0,1018.7,2.5,124,0.0
9078,2023-05-07 19:16:25.366000+00:00,26.9,41.1,60.0,1018.7,4.0,144,0.0
9078,2023-05-07 19:17:25.365000+00:00,27.0,39.6,61.0,1018.7,4.3,134,0.0
9078,2023-05-07 19:18:25.365000+00:00,27.0,39.9,61.0,1018.5,4.8,123,0.0
9078,2023-05-07 19:19:25.364000+00:00,27.1,41.4,60.0,1018.5,4.8,141,0.0
9078,2023-05-07 19:20:25.363000+00:00,27.2,42.5,60.0,1018.5,7.6,142,0.0
9078,2023-05-07 19:21:25.363000+00:00,27.1,44.1,62.0,1018.7,3.7,136,0.0
9078,2023-05-07 19:22:25.362000+00:00,27.1,44.1,61.0,1018.7,5.5,132,0.0
9078,2023-05-07 19:23:25.361000+00:00,27.1,40.8,61.0,1018.7,4.0,154,0.0
9078,2023-05-07 19:24:25.361000+00:00,27.1,38.2,61.0,1018.7,4.0,123,0.0
9078,2023-05-07 19:25:25.360000+00:00,27.1,36.2,61.0,1018.5,4.0,141,0.0
9078,2023-05-07 19:26:25.359000+00:00,27.0,35.2,61.0,1018.7,4.0,106,0.0
9078,2023-05-07 19:27:25.359000+00:00,26.9,35.2,61.0,1018.7,3.2,136,0.0
9078,2023-05-07 19:28:25.358000+00:00,26.9,34.9,60.0,1018.5,4.8,142,0.0
9078,2023-05-07 19:29:25.357000+00:00,26.8,34.3,60.0,1018.7,5.8,131,0.0
9078,2023-05-07 19:30:25.357000+00:00,26.7,34.2,62.0,1018.5,3.5,123,0.0
9078,2023-05-07 19:31:25.372000+00:00,26.8,34.2,61.0,1018.5,4.4,140,0.0
9078,2023-05-07 19:32:25.387000+00:00,26.7,34.3,60.0,1018.7,4.9,138,0.0
9078,2023-05-07 19:33:25.355000+00:00,26.6,33.8,61.0,1018.5,6.9,146,0.0
9078,2023-05-07 19:34:25.370000+00:00,26.6,33.8,61.0,1018.5,4.0,147,0.0
9078,2023-05-07 19:35:25.369000+00:00,26.6,33.7,62.0,1018.5,3.5,139,0.0
9078,2023-05-07 19:36:25.368000+00:00,26.6,33.7,61.0,1018.5,3.7,124,0.0
9078,2023-05-07 19:37:25.368000+00:00,26.7,33.9,60.0,1018.5,4.1,128,0.0
9078,2023-05-07 19:38:25.367000+00:00,26.7,33.9,60.0,1018.4,5.0,136,0.0
9078,2023-05-07 19:39:25.366000+00:00,26.9,33.9,59.0,1018.5,4.8,158,0.0
9078,2023-05-07 19:40:25.350000+00:00,26.9,34.5,60.0,1018.5,4.5,130,0.0
9078,2023-05-07 19:41:25.365000+00:00,26.9,35.2,60.0,1018.5,5.5,128,0.0
9078,2023-05-07 19:42:25.364000+00:00,27.0,35.2,59.0,1018.5,3.7,122,0.0
9078,2023-05-07 19:43:25.363000+00:00,27.2,35.5,60.0,1018.5,3.2,147,0.0
9078,2023-05-07 19:44:25.363000+00:00,27.3,35.6,59.0,1018.5,2.2,128,0.0
9078,2023-05-07 19:45:25.378000+00:00,27.3,35.8,59.0,1018.5,4.0,134,0.0
9078,2023-05-07 19:46:25.361000+00:00,27.5,37.4,57.0,1018.5,3.7,129,0.0
9078,2023-05-07 19:47:25.361000+00:00,27.5,37.6,57.0,1018.4,3.0,132,0.0
9078,2023-05-07 19:48:25.360000+00:00,27.7,37.9,55.0,1018.2,3.0,107,0.0
9078,2023-05-07 19:49:25.359000+00:00,27.6,37.9,57.0,1018.4,4.4,155,0.0
9078,2023-05-07 19:50:25.359000+00:00,27.6,36.5,58.0,1018.4,3.7,137,0.0
9078,2023-05-07 19:51:25.358000+00:00,27.6,35.5,59.0,1018.4,3.7,134,0.0
9078,2023-05-07 19:52:25.357000+00:00,27.5,35.5,59.0,1018.4,4.5,137,0.0
9078,2023-05-07 19:53:25.372000+00:00,27.3,35.0,60.0,1018.4,4.6,130,0.0
9078,2023-05-07 19:54:25.356000+00:00,27.1,34.5,60.0,1018.4,2.9,139,0.0
9078,2023-05-07 19:55:25.371000+00:00,27.2,34.5,60.0,1018.5,3.5,132,0.0
9078,2023-05-07 19:56:25.370000+00:00,27.3,34.4,60.0,1018.2,4.6,138,0.0
9078,2023-05-07 19:57:25.370000+00:00,27.2,34.4,60.0,1018.4,5.1,139,0.0
9078,2023-05-07 19:58:25.384000+00:00,27.1,33.7,61.0,1018.2,5.4,144,0.0
9078,2023-05-07 19:59:25.368000+00:00,27.1,33.7,61.0,1018.4,3.7,127,0.0
9078,2023-05-07 20:00:25.368000+00:00,27.2,34.3,61.0,1018.2,4.4,120,0.0
9078,2023-05-07 20:01:25.367000+00:00,27.2,34.8,60.0,1018.4,3.0,137,0.0
9078,2023-05-07 20:02:25.366000+00:00,27.2,35.0,60.0,1018.2,4.8,147,0.0
9078,2023-05-07 20:03:25.365000+00:00,27.1,34.8,61.0,1018.4,3.9,151,0.0
9078,2023-05-07 20:04:25.365000+00:00,27.1,34.4,61.0,1018.2,3.4,139,0.0
9078,2023-05-07 20:05:25.364000+00:00,27.1,34.3,60.0,1018.2,3.0,113,0.0
9078,2023-05-07 20:06:25.363000+00:00,27.0,34.5,60.0,1018.2,4.4,125,0.0
9078,2023-05-07 20:07:25.363000+00:00,27.1,35.0,61.0,1018.2,5.5,113,0.0
9078,2023-05-07 20:08:25.378000+00:00,27.2,36.0,60.0,1018.4,4.1,136,0.0
9078,2023-05-07 20:09:25.361000+00:00,27.2,36.5,60.0,1018.2,4.3,117,0.0
9078,2023-05-07 20:10:25.361000+00:00,27.2,36.6,60.0,1018.2,5.4,142,0.0
9078,2023-05-07 20:11:25.360000+00:00,27.3,37.0,60.0,1018.2,3.0,280,0.0
9078,2023-05-07 20:12:25.359000+00:00,27.4,37.1,61.0,1018.2,2.4,141,0.0
9078,2023-05-07 20:13:25.390000+00:00,27.5,37.2,61.0,1018.0,3.0,145,0.0
9078,2023-05-07 20:14:25.374000+00:00,27.5,38.0,61.0,1018.2,3.0,114,0.0
9078,2023-05-07 20:15:25.358000+00:00,27.6,38.0,60.0,1018.2,3.7,129,0.0
9078,2023-05-07 20:16:25.357000+00:00,27.7,38.5,59.0,1018.2,3.5,109,0.0
9078,2023-05-07 20:17:25.356000+00:00,27.6,38.5,58.0,1018.2,4.3,142,0.0
9078,2023-05-07 20:18:25.371000+00:00,27.5,37.2,58.0,1018.2,4.4,152,0.0
9078,2023-05-07 20:19:25.355000+00:00,27.5,36.3,59.0,1018.2,3.2,145,0.0
9078,2023-05-07 20:20:25.370000+00:00,27.4,35.9,59.0,1018.2,3.7,145,0.0
9078,2023-05-07 20:21:25.369000+00:00,27.5,36.0,59.0,1018.2,4.5,160,0.0
9078,2023-05-07 20:22:25.368000+00:00,27.5,35.8,59.0,1018.2,4.0,133,0.0
9078,2023-05-07 20:23:25.368000+00:00,27.4,35.5,59.0,1018.2,3.5,144,0.0
9078,2023-05-07 20:24:25.367000+00:00,27.3,35.2,58.0,1018.2,4.1,139,0.0
9078,2023-05-07 20:25:25.397000+00:00,27.3,34.9,58.0,1018.0,4.6,144,0.0
9078,2023-05-07 20:26:25.366000+00:00,27.2,34.4,59.0,1018.2,4.5,145,0.0
9078,2023-05-07 20:27:25.365000+00:00,27.0,34.3,60.0,1018.0,3.7,128,0.0
9078,2023-05-07 20:28:25.364000+00:00,26.9,34.6,59.0,1018.0,3.7,142,0.0
9078,2023-05-07 20:29:25.363000+00:00,26.9,34.8,58.0,1018.0,4.3,133,0.0
9078,2023-05-07 20:30:25.363000+00:00,27.0,34.6,59.0,1018.0,3.7,135,0.0
9078,2023-05-07 20:31:25.378000+00:00,27.0,34.6,60.0,1018.0,3.5,125,0.0
9078,2023-05-07 20:32:25.361000+00:00,27.0,35.3,58.0,1018.0,4.6,135,0.0
9078,2023-05-07 20:33:25.376000+00:00,26.9,35.5,59.0,1018.0,4.3,148,0.0
9078,2023-05-07 20:34:25.360000+00:00,26.8,35.2,59.0,1018.0,4.5,131,0.0
9078,2023-05-07 20:35:25.359000+00:00,26.9,34.5,59.0,1018.0,4.0,148,0.0
9078,2023-05-07 20:36:25.359000+00:00,26.9,34.5,60.0,1018.0,4.8,154,0.0
9078,2023-05-07 20:37:25.358000+00:00,26.9,34.1,60.0,1018.0,2.7,144,0.0
9078,2023-05-07 20:38:25.373000+00:00,26.8,33.6,60.0,1017.9,4.4,148,0.0
9078,2023-05-07 20:39:25.357000+00:00,26.7,33.3,60.0,1018.0,4.0,143,0.0
9078,2023-05-07 20:40:25.356000+00:00,26.7,33.5,60.0,1018.0,4.6,159,0.0
9078,2023-05-07 20:41:25.355000+00:00,26.7,33.3,60.0,1018.0,4.3,158,0.0
9078,2023-05-07 20:42:25.370000+00:00,26.8,32.9,61.0,1018.0,4.9,150,0.0
9078,2023-05-07 20:43:25.370000+00:00,26.8,33.0,61.0,1018.0,3.2,142,0.0
9078,2023-05-07 20:44:25.369000+00:00,27.0,35.1,60.0,1017.9,4.4,142,0.0
9078,2023-05-07 20:45:25.384000+00:00,27.1,35.1,59.0,1017.9,4.4,140,0.0
9078,2023-05-07 20:46:25.368000+00:00,27.3,34.8,58.0,1017.9,5.9,126,0.0
9078,2023-05-07 20:47:25.383000+00:00,27.1,34.2,58.0,1018.0,4.4,128,0.0
9078,2023-05-07 20:48:25.366000+00:00,27.0,33.4,58.0,1018.0,5.0,143,0.0
9078,2023-05-07 20:49:25.366000+00:00,27.0,33.3,59.0,1018.0,3.7,122,0.0
9078,2023-05-07 20:50:25.365000+00:00,27.0,33.8,59.0,1018.0,2.7,138,0.0
9078,2023-05-07 20:51:25.364000+00:00,27.1,33.8,58.0,1018.0,4.0,136,0.0
9078,2023-05-07 20:52:25.364000+00:00,27.1,33.4,59.0,1017.9,3.2,135,0.0
9078,2023-05-07 20:53:25.363000+00:00,27.0,33.4,59.0,1017.9,5.0,142,0.0
9078,2023-05-07 20:54:25.362000+00:00,27.0,33.3,58.0,1017.7,3.9,120,0.0
9078,2023-05-07 20:55:25.362000+00:00,26.9,33.1,59.0,1017.9,3.5,118,0.0
9078,2023-05-07 20:56:25.361000+00:00,26.9,32.9,58.0,1017.9,3.5,127,0.0
9078,2023-05-07 20:57:25.360000+00:00,26.9,32.9,58.0,1017.9,4.0,136,0.0
9078,2023-05-07 20:58:25.360000+00:00,27.0,32.9,59.0,1017.7,4.5,126,0.0
9078,2023-05-07 20:59:25.359000+00:00,27.0,32.8,59.0,1017.9,3.7,141,0.0
9078,2023-05-07 21:00:25.374000+00:00,27.1,32.8,59.0,1017.7,3.7,154,0.0
9078,2023-05-07 21:01:25.373000+00:00,27.1,33.1,60.0,1017.9,3.0,136,0.0
9078,2023-05-07 21:02:25.357000+00:00,27.1,33.1,59.0,1017.7,3.4,127,0.0
9078,2023-05-07 21:03:25.372000+00:00,27.1,33.6,58.0,1017.9,3.0,143,0.0
9078,2023-05-07 21:04:25.371000+00:00,27.2,33.9,58.0,1017.7,1.7,354,0.0
9078,2023-05-07 21:05:25.371000+00:00,27.1,34.1,57.0,1017.7,1.3,113,0.0
9094,2023-05-28 12:01:43.398000+00:00,25.8,47.4,39.0,1013.7,1.0,149,0.0
9094,2023-05-28 12:02:43.397000+00:00,25.8,48.2,40.0,1013.7,1.0,158,0.0
9094,2023-05-28 12:03:43.395000+00:00,25.8,48.2,41.0,1013.7,1.0,137,0.0
9094,2023-05-28 12:04:43.394000+00:00,25.8,48.3,41.0,1013.7,0.8,0,0.0
9094,2023-05-28 12:05:43.409000+00:00,25.8,48.3,41.0,1013.7,0.5,0,0.0
9094,2023-05-28 12:06:43.408000+00:00,25.8,47.4,41.0,1013.7,0.0,288,0.0
9094,2023-05-28 12:07:43.422000+00:00,25.9,47.2,41.0,1013.5,0.6,334,0.0
9094,2023-05-28 12:08:43.406000+00:00,26.0,48.3,40.0,1013.7,0.6,151,0.0
9094,2023-05-28 12:09:43.405000+00:00,26.0,48.3,39.0,1013.7,1.0,324,0.0
9094,2023-05-28 12:10:43.404000+00:00,26.0,47.2,40.0,1013.5,0.6,216,0.0
9094,2023-05-28 12:11:43.403000+00:00,26.0,47.0,41.0,1013.5,0.4,277,0.0
9094,2023-05-28 12:12:43.417000+00:00,26.0,47.3,40.0,1013.7,0.5,0,0.0
9094,2023-05-28 12:13:43.432000+00:00,25.9,47.3,41.0,1013.5,0.5,296,0.0
9094,2023-05-28 12:14:43.446000+00:00,25.9,47.0,41.0,1013.7,0.8,128,0.0
9094,2023-05-28 12:15:43.445000+00:00,25.9,47.0,41.0,1013.5,0.8,341,0.0
9094,2023-05-28 12:16:43.444000+00:00,25.9,47.5,42.0,1013.5,0.6,245,0.0
9094,2023-05-28 12:17:43.443000+00:00,25.8,47.6,42.0,1013.5,0.5,332,0.0
9094,2023-05-28 12:18:43.473000+00:00,25.9,47.3,41.0,1013.4,0.6,167,0.0
9094,2023-05-28 12:19:43.472000+00:00,26.1,47.8,41.0,1013.5,0.4,0,0.0
9094,2023-05-28 12:20:43.487000+00:00,26.0,47.9,41.0,1013.5,0.6,349,0.0
9094,2023-05-28 12:21:43.486000+00:00,25.9,48.2,41.0,1013.4,0.5,328,0.0
9094,2023-05-28 12:22:43.485000+00:00,25.8,47.9,41.0,1013.5,1.0,303,0.0
9094,2023-05-28 12:23:43.484000+00:00,25.6,47.6,41.0,1013.4,0.8,69,0.0
9094,2023-05-28 12:24:43.483000+00:00,25.6,47.5,41.0,1013.4,1.5,321,0.0
9094,2023-05-28 12:25:43.482000+00:00,25.6,47.5,42.0,1013.5,0.6,35,0.0
9094,2023-05-28 12:26:43.527000+00:00,25.7,47.5,43.0,1013.4,0.8,122,0.0
9094,2023-05-28 12:27:43.495000+00:00,25.9,47.8,41.0,1013.5,0.8,123,0.0
9094,2023-05-28 12:28:43.494000+00:00,26.0,48.0,41.0,1013.5,0.8,81,0.0
9094,2023-05-28 12:29:43.509000+00:00,26.2,48.2,41.0,1013.5,0.6,150,0.0
9094,2023-05-28 12:30:43.523000+00:00,26.3,47.7,42.0,1013.5,1.2,29,0.0
9094,2023-05-28 12:31:43.554000+00:00,26.1,47.5,43.0,1013.4,0.8,100,0.0
9094,2023-05-28 12:32:43.552000+00:00,26.0,47.5,43.0,1013.5,0.4,301,0.0
9094,2023-05-28 12:33:43.567000+00:00,26.0,47.8,42.0,1013.4,1.1,302,0.0
9094,2023-05-28 12:34:43.566000+00:00,26.1,47.6,42.0,1013.5,1.0,301,0.0
9094,2023-05-28 12:35:43.565000+00:00,26.1,47.5,41.0,1013.4,0.8,63,0.0
9094,2023-05-28 12:36:43.595000+00:00,26.0,47.0,42.0,1013.4,0.6,305,0.0
9094,2023-05-28 12:37:43.578000+00:00,26.0,47.0,41.0,1013.5,1.1,11,0.0
9094,2023-05-28 12:38:43.577000+00:00,26.0,46.7,42.0,1013.4,0.6,291,0.0
9094,2023-05-28 12:39:43.576000+00:00,26.0,46.5,42.0,1013.5,1.2,82,0.0
9094,2023-05-28 12:40:43.591000+00:00,26.0,46.5,43.0,1013.4,0.8,12,0.0
9094,2023-05-28 12:41:43.621000+00:00,25.9,46.6,42.0,1013.5,0.6,143,0.0
9094,2023-05-28 12:42:43.604000+00:00,25.9,46.9,42.0,1013.5,0.6,132,0.0
9094,2023-05-28 12:43:43.603000+00:00,26.0,46.3,42.0,1013.5,1.5,167,0.0
9094,2023-05-28 12:44:43.618000+00:00,25.8,46.2,43.0,1013.5,0.6,119,0.0
9094,2023-05-28 12:45:43.616000+00:00,25.7,45.7,43.0,1013.5,0.6,270,0.0
9094,2023-05-28 12:46:43.615000+00:00,25.6,45.7,43.0,1013.5,0.6,152,0.0
9094,2023-05-28 12:47:43.630000+00:00,25.5,45.5,42.0,1013.5,0.8,138,0.0
9094,2023-05-28 12:48:43.629000+00:00,25.3,45.5,43.0,1013.5,1.2,0,0.0
9094,2023-05-28 12:49:43.628000+00:00,25.3,45.4,43.0,1013.5,0.8,134,0.0
9094,2023-05-28 12:50:43.642000+00:00,25.2,44.8,43.0,1013.5,0.5,291,0.0
9094,2023-05-28 12:51:43.641000+00:00,25.2,44.7,44.0,1013.5,0.6,51,0.0
9094,2023-05-28 12:52:43.656000+00:00,25.2,44.5,44.0,1013.5,1.2,154,0.0
9094,2023-05-28 12:53:43.655000+00:00,25.3,44.3,44.0,1013.5,1.2,0,0.0
9094,2023-05-28 12:54:43.654000+00:00,25.3,44.3,44.0,1013.4,1.2,154,0.0
9094,2023-05-28 12:55:43.668000+00:00,25.4,44.0,44.0,1013.5,0.8,0,0.0
9094,2023-05-28 12:56:43.667000+00:00,25.3,43.7,45.0,1013.5,0.3,133,0.0
9094,2023-05-28 12:57:43.698000+00:00,25.3,43.3,44.0,1013.5,1.0,0,0.0
9094,2023-05-28 12:58:43.696000+00:00,25.3,43.0,45.0,1013.4,0.8,296,0.0
9094,2023-05-28 12:59:43.695000+00:00,25.3,43.0,44.0,1013.4,1.0,298,0.0
9094,2023-05-28 13:00:43.694000+00:00,25.3,42.9,44.0,1013.4,0.8,125,0.0
9094,2023-05-28 13:01:43.693000+00:00,25.2,42.3,44.0,1013.4,0.5,155,0.0
9094,2023-05-28 13:02:43.693000+00:00,25.1,42.3,44.0,1013.5,0.4,94,0.0
9094,2023-05-28 13:03:43.691000+00:00,25.2,43.1,44.0,1013.4,0.8,153,0.0
9094,2023-05-28 13:04:43.690000+00:00,25.2,43.1,44.0,1013.4,1.0,48,0.0
9094,2023-05-28 13:05:43.705000+00:00,25.2,42.8,45.0,1013.5,0.8,66,0.0
9094,2023-05-28 13:06:43.688000+00:00,25.3,42.8,45.0,1013.4,1.0,18,0.0
9094,2023-05-28 13:07:43.687000+00:00,25.4,42.8,45.0,1013.5,1.0,115,0.0
9094,2023-05-28 13:08:43.686000+00:00,25.5,42.4,44.0,1013.5,1.3,161,0.0
9094,2023-05-28 13:09:43.685000+00:00,25.4,42.4,44.0,1013.5,1.0,132,0.0
9094,2023-05-28 13:10:43.699000+00:00,25.4,41.6,44.0,1013.5,0.8,76,0.0
9094,2023-05-28 13:11:43.698000+00:00,25.4,41.4,44.0,1013.5,0.6,50,0.0
9094,2023-05-28 13:12:43.697000+00:00,25.4,40.9,44.0,1013.5,0.8,359,0.0
9094,2023-05-28 13:13:43.696000+00:00,25.4,41.0,44.0,1013.5,1.2,147,0.0
9094,2023-05-28 13:14:43.695000+00:00,25.5,41.2,43.0,1013.5,1.2,140,0.0
9094,2023-05-28 13:15:43.694000+00:00,25.5,40.9,42.0,1013.5,2.2,137,0.0
9094,2023-05-28 13:16:43.693000+00:00,25.4,40.2,43.0,1013.5,1.2,142,0.0
9094,2023-05-28 13:17:43.676000+00:00,25.3,40.0,44.0,1013.5,0.6,1,0.0
9094,2023-05-28 13:18:43.691000+00:00,25.3,40.0,44.0,1013.5,1.7,0,0.0
9094,2023-05-28 13:19:43.690000+00:00,25.4,40.1,43.0,1013.5,0.6,136,0.0
9094,2023-05-28 13:20:43.689000+00:00,25.4,40.1,43.0,1013.5,1.2,146,0.0
9094,2023-05-28 13:21:43.688000+00:00,25.3,39.9,43.0,1013.5,0.8,148,0.0
9094,2023-05-28 13:22:43.718000+00:00,25.3,39.9,44.0,1013.7,1.6,134,0.0
9094,2023-05-28 13:23:43.686000+00:00,25.3,39.5,44.0,1013.5,0.8,129,0.0
9094,2023-05-28 13:24:43.700000+00:00,25.3,39.5,44.0,1013.5,0.8,168,0.0
9094,2023-05-28 13:25:43.699000+00:00,25.2,39.8,44.0,1013.5,0.8,145,0.0
9094,2023-05-28 13:26:43.698000+00:00,25.3,39.8,43.0,1013.5,1.5,104,0.0
9094,2023-05-28 13:27:43.713000+00:00,25.3,39.9,42.0,1013.5,0.6,132,0.0
9094,2023-05-28 13:28:43.727000+00:00,25.3,39.9,42.0,1013.5,1.2,142,0.0
9094,2023-05-28 13:29:43.742000+00:00,25.3,39.7,43.0,1013.5,2.0,91,0.0
9094,2023-05-28 13:30:43.756000+00:00,25.4,39.2,43.0,1013.5,1.3,154,0.0
9094,2023-05-28 13:31:43.755000+00:00,25.4,39.1,43.0,1013.5,1.6,125,0.0
9094,2023-05-28 13:32:43.770000+00:00,25.3,39.1,43.0,1013.4,1.2,151,0.0
9094,2023-05-28 13:33:43.784000+00:00,25.4,39.0,42.0,1013.4,1.1,141,0.0
9094,2023-05-28 13:34:43.799000+00:00,25.4,39.0,42.0,1013.2,1.5,140,0.0
9094,2023-05-28 13:35:43.813000+00:00,25.4,38.8,42.0,1013.4,1.8,152,0.0
9094,2023-05-28 13:36:43.828000+00:00,25.3,38.6,42.0,1013.2,1.2,132,0.0
9094,2023-05-28 13:37:43.827000+00:00,25.3,38.8,42.0,1013.2,0.6,131,0.0
9094,2023-05-28 13:38:43.826000+00:00,25.4,39.1,42.0,1013.4,1.2,158,0.0
9094,2023-05-28 13:39:43.825000+00:00,25.4,39.1,41.0,1013.2,1.0,134,0.0
9094,2023-05-28 13:40:43.824000+00:00,25.4,38.9,41.0,1013.2,0.8,166,0.0
9094,2023-05-28 13:41:43.823000+00:00,25.5,38.8,41.0,1013.2,1.1,81,0.0
9094,2023-05-28 13:42:43.822000+00:00,25.6,38.6,41.0,1013.4,0.8,168,0.0
9094,2023-05-28 13:43:43.820000+00:00,25.6,38.4,40.0,1013.4,1.0,110,0.0
9094,2023-05-28 13:44:43.819000+00:00,25.6,38.4,40.0,1013.5,1.0,137,0.0
9094,2023-05-28 13:45:43.818000+00:00,25.6,38.4,40.0,1013.4,1.0,156,0.0
9094,2023-05-28 13:46:43.833000+00:00,25.5,38.4,41.0,1013.5,1.2,147,0.0
9094,2023-05-28 13:47:43.832000+00:00,25.5,37.9,41.0,1013.4,1.0,92,0.0
9094,2023-05-28 13:48:43.846000+00:00,25.5,37.9,41.0,1013.4,1.1,174,0.0
9094,2023-05-28 13:49:43.845000+00:00,25.4,37.9,41.0,1013.4,1.6,154,0.0
9094,2023-05-28 13:50:43.860000+00:00,25.3,37.6,41.0,1013.4,1.1,145,0.0
9094,2023-05-28 13:51:43.890000+00:00,25.3,37.5,41.0,1013.2,1.3,140,0.0
9094,2023-05-28 13:52:43.873000+00:00,25.3,36.8,41.0,1013.4,0.6,67,0.0
9094,2023-05-28 13:53:43.888000+00:00,25.3,36.8,41.0,1013.4,1.2,158,0.0
9094,2023-05-28 13:54:43.902000+00:00,25.3,36.7,41.0,1013.2,1.0,143,0.0
9094,2023-05-28 13:55:43.917000+00:00,25.3,36.8,41.0,1013.4,1.2,152,0.0
9094,2023-05-28 13:56:43.916000+00:00,25.3,36.5,42.0,1013.2,1.2,139,0.0
9094,2023-05-28 13:57:43.930000+00:00,25.3,36.5,41.0,1013.2,1.2,109,0.0
9094,2023-05-28 13:58:43.945000+00:00,25.2,36.4,42.0,1013.4,0.8,151,0.0
9094,2023-05-28 13:59:43.944000+00:00,25.2,36.3,42.0,1013.4,1.1,155,0.0
9094,2023-05-28 14:00:43.943000+00:00,25.2,36.3,42.0,1013.4,0.0,0,0.0
9094,2023-05-28 14:01:43.957000+00:00,25.1,36.1,43.0,1013.4,0.8,153,0.0
9094,2023-05-28 14:02:43.956000+00:00,25.0,36.1,43.0,1013.2,0.8,131,0.0
9094,2023-05-28 14:03:43.955000+00:00,25.0,36.0,43.0,1013.4,0.8,70,0.0
9094,2023-05-28 14:04:43.939000+00:00,25.1,36.0,42.0,1013.4,1.0,145,0.0
9094,2023-05-28 14:05:43.953000+00:00,25.0,35.9,42.0,1013.2,2.0,128,0.0
9094,2023-05-28 14:06:43.952000+00:00,25.0,35.8,42.0,1013.2,1.0,163,0.0
9094,2023-05-28 14:07:43.951000+00:00,25.0,35.8,43.0,1013.4,0.6,158,0.0
9094,2023-05-28 14:08:43.950000+00:00,25.0,35.7,43.0,1013.2,1.1,130,0.0
9094,2023-05-28 14:09:43.949000+00:00,25.0,35.7,43.0,1013.4,0.4,0,0.0
9094,2023-05-28 14:10:43.948000+00:00,25.0,35.3,42.0,1013.2,0.5,97,0.0
9094,2023-05-28 14:11:43.947000+00:00,24.9,35.2,42.0,1013.2,1.2,172,0.0
9094,2023-05-28 14:12:43.946000+00:00,24.8,35.1,42.0,1013.2,0.6,75,1.0
9094,2023-05-28 14:13:43.944000+00:00,24.7,34.9,42.0,1013.2,0.8,133,1.0
9094,2023-05-28 14:14:43.943000+00:00,24.7,34.7,43.0,1013.2,0.8,0,1.0
9094,2023-05-28 14:15:43.958000+00:00,24.6,34.5,43.0,1013.2,0.5,217,1.0
9094,2023-05-28 14:16:43.941000+00:00,24.6,34.0,44.0,1013.2,0.8,201,1.0
9094,2023-05-28 14:17:43.940000+00:00,24.5,33.9,45.0,1013.2,0.6,104,1.0
9094,2023-05-28 14:18:43.955000+00:00,24.3,32.8,48.0,1013.2,0.5,276,1.0
9094,2023-05-28 14:19:43.954000+00:00,24.0,31.7,49.0,1013.2,0.6,147,1.0
9094,2023-05-28 14:20:44.015000+00:00,24.0,31.3,51.0,1013.2,1.2,0,1.0
9094,2023-05-28 14:21:43.952000+00:00,24.0,30.1,52.0,1013.2,0.6,127,1.0
9094,2023-05-28 14:22:43.950000+00:00,24.0,29.7,50.0,1013.2,0.8,150,1.0
9094,2023-05-28 14:23:43.949000+00:00,23.9,29.6,51.0,1013.2,1.2,189,1.0
9094,2023-05-28 14:24:43.948000+00:00,23.8,29.5,47.0,1013.2,0.6,142,1.0
9094,2023-05-28 14:25:44.041000+00:00,23.6,29.2,58.0,1013.2,1.3,154,1.0
9094,2023-05-28 14:26:43.946000+00:00,23.5,28.7,58.0,1013.2,1.0,147,1.0
9094,2023-05-28 14:27:43.945000+00:00,23.5,28.4,62.0,1013.2,1.3,132,1.0
9094,2023-05-28 14:28:43.944000+00:00,23.3,28.2,62.0,1013.2,1.8,146,1.0
9094,2023-05-28 14:29:43.943000+00:00,23.1,27.7,65.0,1013.2,1.7,145,1.0
9094,2023-05-28 14:30:43.957000+00:00,23.0,27.7,65.0,1013.2,1.7,146,1.0
9094,2023-05-28 14:31:43.956000+00:00,23.0,27.2,66.0,1013.2,1.6,141,1.0
9094,2023-05-28 14:32:43.955000+00:00,23.1,27.4,67.0,1013.2,1.6,134,1.0
9094,2023-05-28 14:33:43.954000+00:00,23.1,27.4,66.0,1013.2,1.6,146,1.0
9094,2023-05-28 14:34:43.969000+00:00,23.2,27.3,66.0,1013.2,1.7,142,1.0
9094,2023-05-28 14:35:43.968000+00:00,23.1,27.4,65.0,1013.2,1.7,152,1.0
9094,2023-05-28 14:36:43.951000+00:00,23.1,27.6,65.0,1013.2,1.7,136,1.0
9094,2023-05-28 14:37:43.966000+00:00,23.3,27.7,64.0,1013.2,1.7,143,1.0
9094,2023-05-28 14:38:43.949000+00:00,23.3,27.8,63.0,1013.2,2.0,138,0.0
9094,2023-05-28 14:39:43.979000+00:00,23.4,28.1,62.0,1013.2,1.6,151,0.0
9094,2023-05-28 14:40:43.947000+00:00,23.5,28.2,63.0,1013.2,1.7,140,0.0
9094,2023-05-28 14:41:43.946000+00:00,23.5,28.7,62.0,1013.0,1.7,148,0.0
9094,2023-05-28 14:42:43.944000+00:00,23.6,29.0,59.0,1013.0,2.0,137,0.0
9094,2023-05-28 14:43:43.975000+00:00,23.6,29.2,58.0,1013.0,2.0,136,0.0
9094,2023-05-28 14:44:43.989000+00:00,23.7,29.6,57.0,1013.0,1.3,139,0.0
9094,2023-05-28 14:45:43.988000+00:00,23.8,30.0,57.0,1013.0,1.3,138,0.0
9094,2023-05-28 14:46:43.987000+00:00,23.8,30.0,57.0,1013.0,1.1,125,0.0
9094,2023-05-28 14:47:44.002000+00:00,23.8,30.3,56.0,1013.0,1.5,146,0.0
9094,2023-05-28 14:48:44.016000+00:00,23.9,30.4,57.0,1013.0,1.5,138,0.0
9094,2023-05-28 14:49:44.031000+00:00,23.9,30.7,57.0,1012.9,1.7,136,0.0
9094,2023-05-28 14:50:44.045000+00:00,24.0,30.7,59.0,1012.9,1.3,144,0.0
9094,2023-05-28 14:51:44.044000+00:00,23.9,30.7,58.0,1012.9,1.5,135,0.0
9094,2023-05-28 14:52:44.059000+00:00,23.9,30.7,56.0,1012.9,1.3,134,0.0
9094,2023-05-28 14:53:44.073000+00:00,23.9,30.7,54.0,1013.0,1.1,131,0.0
9094,2023-05-28 14:54:44.072000+00:00,23.9,30.5,55.0,1012.7,0.6,115,0.0
9094,2023-05-28 14:55:44.071000+00:00,23.9,30.6,56.0,1012.7,0.5,135,0.0
9094,2023-05-28 14:56:44.086000+00:00,23.9,30.6,55.0,1012.7,0.8,123,0.0
9102,2023-06-04 12:01:27.692000+00:00,23.5,38.5,59.0,1000.9,2.2,238,0.0
9102,2023-06-04 12:02:27.691000+00:00,23.5,38.7,59.0,1000.9,2.2,212,0.0
9102,2023-06-04 12:03:27.690000+00:00,23.5,39.4,58.0,1000.9,1.7,222,0.0
9102,2023-06-04 12:04:27.688000+00:00,23.7,39.8,58.0,1000.9,1.6,230,0.0
9102,2023-06-04 12:05:27.703000+00:00,23.8,39.9,57.0,1001.0,1.2,214,0.0
9102,2023-06-04 12:06:27.702000+00:00,23.9,40.5,57.0,1000.9,1.2,218,0.0
9102,2023-06-04 12:07:27.701000+00:00,24.2,40.6,55.0,1000.7,1.7,221,0.0
9102,2023-06-04 12:08:27.700000+00:00,24.2,40.8,56.0,1000.9,1.8,257,0.0
9102,2023-06-04 12:09:27.699000+00:00,24.0,41.1,56.0,1000.7,1.5,211,0.0
9102,2023-06-04 12:10:27.698000+00:00,24.0,41.1,56.0,1000.7,2.4,168,0.0
9102,2023-06-04 12:11:27.697000+00:00,24.0,41.1,56.0,1000.7,1.7,233,0.0
9102,2023-06-04 12:12:27.711000+00:00,23.8,41.1,56.0,1000.7,2.2,229,0.0
9102,2023-06-04 12:13:27.694000+00:00,24.0,41.2,54.0,1000.7,2.0,225,0.0
9102,2023-06-04 12:14:27.693000+00:00,24.1,41.3,55.0,1000.7,1.6,211,0.0
9102,2023-06-04 12:15:27.723000+00:00,24.4,42.0,55.0,1000.7,1.7,224,0.0
9102,2023-06-04 12:16:27.738000+00:00,24.5,42.3,54.0,1000.7,2.9,229,0.0
9102,2023-06-04 12:17:27.706000+00:00,24.7,41.0,55.0,1000.7,1.3,194,0.0
9102,2023-06-04 12:18:27.705000+00:00,24.6,40.8,56.0,1000.7,2.0,199,0.0
9102,2023-06-04 12:19:27.704000+00:00,24.6,40.5,56.0,1000.7,1.2,178,0.0
9102,2023-06-04 12:20:27.703000+00:00,24.5,40.7,56.0,1000.7,1.5,221,0.0
9102,2023-06-04 12:21:27.717000+00:00,24.3,41.6,57.0,1000.7,2.2,229,0.0
9102,2023-06-04 12:22:27.700000+00:00,24.2,40.9,57.0,1000.7,3.4,231,0.0
9102,2023-06-04 12:23:27.699000+00:00,24.1,40.9,59.0,1000.7,3.0,231,0.0
9102,2023-06-04 12:24:27.714000+00:00,24.1,40.4,60.0,1000.7,3.0,226,0.0
9102,2023-06-04 12:25:27.713000+00:00,24.2,40.7,60.0,1000.5,3.5,227,0.0
9102,2023-06-04 12:26:27.712000+00:00,24.1,40.7,61.0,1000.7,2.0,227,0.0
9102,2023-06-04 12:27:27.711000+00:00,24.0,40.8,61.0,1000.7,2.5,207,0.0
9102,2023-06-04 12:28:27.710000+00:00,23.9,41.3,60.0,1000.5,1.8,155,0.0
9102,2023-06-04 12:29:27.708000+00:00,24.0,41.4,60.0,1000.5,2.2,233,0.0
9102,2023-06-04 12:30:27.707000+00:00,24.2,42.2,60.0,1000.5,2.0,196,0.0
9102,2023-06-04 12:31:27.706000+00:00,24.1,42.2,59.0,1000.7,1.8,232,0.0
9102,2023-06-04 12:32:27.705000+00:00,24.1,42.1,59.0,1000.7,1.8,119,0.0
9102,2023-06-04 12:33:27.720000+00:00,24.2,41.6,60.0,1000.5,1.6,279,0.0
9102,2023-06-04 12:34:27.719000+00:00,24.1,41.7,59.0,1000.7,1.6,288,0.0
9102,2023-06-04 12:35:27.718000+00:00,24.0,42.1,60.0,1000.7,1.7,85,0.0
9102,2023-06-04 12:36:27.717000+00:00,24.0,42.1,60.0,1000.7,1.3,276,0.0
9102,2023-06-04 12:37:27.715000+00:00,23.8,42.1,60.0,1000.7,1.7,100,0.0
9102,2023-06-04 12:38:27.714000+00:00,23.6,42.1,60.0,1000.7,1.2,260,0.0
9102,2023-06-04 12:39:27.729000+00:00,23.7,42.5,60.0,1000.9,2.9,106,0.0
9102,2023-06-04 12:40:27.712000+00:00,23.6,41.8,61.0,1001.0,2.2,59,0.0
9102,2023-06-04 12:41:27.711000+00:00,23.5,39.1,62.0,1001.0,1.6,64,0.0
9102,2023-06-04 12:42:27.726000+00:00,23.3,39.1,63.0,1001.0,1.5,244,0.0
9102,2023-06-04 12:43:27.709000+00:00,23.3,39.2,62.0,1001.2,0.6,236,0.0
9102,2023-06-04 12:44:27.724000+00:00,23.3,39.0,62.0,1001.2,1.3,215,0.0
9102,2023-06-04 12:45:27.723000+00:00,23.1,38.2,62.0,1000.9,1.2,238,0.0
9102,2023-06-04 12:46:27.721000+00:00,22.9,37.1,62.0,1001.0,1.3,227,0.0
9102,2023-06-04 12:47:27.720000+00:00,22.8,37.0,63.0,1001.2,1.5,206,0.0
9102,2023-06-04 12:48:27.719000+00:00,22.8,36.6,62.0,1001.0,1.7,241,0.0
9102,2023-06-04 12:49:27.718000+00:00,22.9,36.5,63.0,1001.0,1.6,247,0.0
9102,2023-06-04 12:50:27.717000+00:00,22.9,36.0,63.0,1001.0,1.3,202,0.0
9102,2023-06-04 12:51:27.732000+00:00,22.8,35.8,64.0,1001.0,1.2,250,0.0
9102,2023-06-04 12:52:27.731000+00:00,22.8,35.8,64.0,1001.0,1.2,211,0.0
9102,2023-06-04 12:53:27.729000+00:00,22.8,35.2,64.0,1001.2,0.8,196,0.0
9102,2023-06-04 12:54:27.728000+00:00,22.7,35.3,63.0,1001.0,0.8,0,0.0
9102,2023-06-04 12:55:27.743000+00:00,22.7,35.1,63.0,1001.2,0.8,247,0.0
9102,2023-06-04 12:56:27.760000+00:00,22.7,35.0,64.0,1001.2,1.2,248,0.0
9102,2023-06-04 12:57:27.741000+00:00,22.8,34.7,63.0,1001.2,1.0,222,0.0
9102,2023-06-04 12:58:27.724000+00:00,22.8,34.6,62.0,1001.2,1.7,245,0.0
9102,2023-06-04 12:59:27.723000+00:00,22.8,34.6,63.0,1001.2,1.2,266,0.0
9102,2023-06-04 13:00:27.722000+00:00,22.7,34.0,64.0,1001.2,0.8,275,0.0
9102,2023-06-04 13:01:27.721000+00:00,22.6,33.8,64.0,1001.0,1.2,0,0.0
9102,2023-06-04 13:02:27.720000+00:00,22.6,33.7,64.0,1001.0,0.6,236,0.0
9102,2023-06-04 13:03:27.750000+00:00,22.5,33.4,64.0,1001.0,1.6,294,0.0
9102,2023-06-04 13:04:27.749000+00:00,22.6,33.4,64.0,1001.0,0.6,101,0.0
9102,2023-06-04 13:05:27.748000+00:00,22.5,33.3,63.0,1001.0,1.1,14,0.0
9102,2023-06-04 13:06:27.747000+00:00,22.4,33.0,64.0,1001.0,2.0,52,0.0
9102,2023-06-04 13:07:27.761000+00:00,22.5,32.7,64.0,1001.0,1.1,273,0.0
9102,2023-06-04 13:08:27.745000+00:00,22.4,32.6,64.0,1001.0,2.4,63,0.0
9102,2023-06-04 13:09:27.743000+00:00,22.4,32.6,64.0,1001.0,1.6,13,0.0
9102,2023-06-04 13:10:27.758000+00:00,22.4,33.0,63.0,1001.2,1.6,0,0.0
9102,2023-06-04 13:11:27.773000+00:00,22.4,32.5,63.0,1001.0,1.6,49,0.0
9102,2023-06-04 13:12:27.772000+00:00,22.3,32.2,64.0,1001.0,2.0,81,0.0
9102,2023-06-04 13:13:27.770000+00:00,22.3,32.2,65.0,1001.0,1.5,55,0.0
9102,2023-06-04 13:14:27.769000+00:00,22.2,31.6,64.0,1001.0,1.8,267,0.0
9102,2023-06-04 13:15:27.768000+00:00,22.2,31.8,64.0,1001.0,2.2,16,0.0
9102,2023-06-04 13:16:27.767000+00:00,22.1,31.9,65.0,1001.0,2.4,88,0.0
9102,2023-06-04 13:17:27.766000+00:00,22.0,31.8,64.0,1001.0,2.2,82,0.0
9102,2023-06-04 13:18:27.765000+00:00,22.0,31.5,63.0,1001.2,2.5,80,0.0
9102,2023-06-04 13:19:27.764000+00:00,22.1,31.5,64.0,1001.2,2.2,84,0.0
9102,2023-06-04 13:20:27.763000+00:00,22.1,31.7,65.0,1001.2,2.7,66,0.0
9102,2023-06-04 13:21:27.762000+00:00,22.0,31.7,64.0,1001.2,2.7,86,0.0
9102,2023-06-04 13:22:27.776000+00:00,22.1,31.9,64.0,1001.2,2.2,50,0.0
9102,2023-06-04 13:23:27.775000+00:00,22.1,31.2,65.0,1001.2,2.0,67,0.0
9102,2023-06-04 13:24:27.774000+00:00,22.1,31.2,64.0,1001.2,2.0,67,0.0
9102,2023-06-04 13:25:27.773000+00:00,22.1,31.3,64.0,1001.2,2.0,46,0.0
9102,2023-06-04 13:26:27.772000+00:00,22.1,31.0,64.0,1001.2,1.7,71,0.0
9102,2023-06-04 13:27:27.771000+00:00,22.1,30.9,65.0,1001.2,2.7,83,0.0
9102,2023-06-04 13:28:27.770000+00:00,22.1,31.2,64.0,1001.2,2.4,100,0.0
9102,2023-06-04 13:29:27.784000+00:00,22.0,31.5,63.0,1001.2,1.6,95,0.0
9102,2023-06-04 13:30:27.783000+00:00,22.1,31.4,63.0,1001.2,1.7,79,0.0
9102,2023-06-04 13:31:27.782000+00:00,22.1,31.2,64.0,1001.2,2.2,90,0.0
9102,2023-06-04 13:32:27.797000+00:00,22.0,31.1,64.0,1001.4,3.2,95,0.0
9102,2023-06-04 13:33:27.780000+00:00,22.0,30.7,64.0,1001.5,1.7,76,0.0
9102,2023-06-04 13:34:27.795000+00:00,22.0,30.9,65.0,1001.2,2.2,87,0.0
9102,2023-06-04 13:35:27.778000+00:00,22.0,30.9,64.0,1001.4,2.2,61,0.0
9102,2023-06-04 13:36:27.777000+00:00,22.0,31.0,64.0,1001.2,2.7,61,0.0
9102,2023-06-04 13:37:27.776000+00:00,22.0,30.9,65.0,1001.2,3.2,84,0.0
9102,2023-06-04 13:38:27.790000+00:00,21.9,30.3,65.0,1001.2,2.0,49,0.0
9102,2023-06-04 13:39:27.789000+00:00,22.0,30.4,66.0,1001.2,1.6,68,0.0
9102,2023-06-04 13:40:27.788000+00:00,22.1,30.4,66.0,1001.2,2.0,91,0.0
9102,2023-06-04 13:41:27.803000+00:00,22.1,30.5,65.0,1001.2,1.6,112,0.0
9102,2023-06-04 13:42:27.817000+00:00,22.1,30.5,66.0,1001.2,3.0,53,0.0
9102,2023-06-04 13:43:27.801000+00:00,22.2,30.1,66.0,1001.2,2.2,74,0.0
9102,2023-06-04 13:44:27.800000+00:00,22.1,30.5,66.0,1001.0,2.0,43,0.0
9102,2023-06-04 13:45:27.798000+00:00,22.1,30.5,66.0,1001.2,2.2,88,0.0
9102,2023-06-04 13:46:27.797000+00:00,22.1,30.5,66.0,1001.0,2.2,70,0.0
9102,2023-06-04 13:47:27.796000+00:00,22.1,30.6,65.0,1001.0,2.2,60,0.0
9102,2023-06-04 13:48:27.795000+00:00,22.0,30.2,65.0,1001.2,1.8,60,0.0
9102,2023-06-04 13:49:27.794000+00:00,22.1,30.2,66.0,1001.0,1.7,68,0.0
9102,2023-06-04 13:50:27.793000+00:00,22.1,30.3,65.0,1001.2,2.0,69,0.0
9102,2023-06-04 13:51:27.808000+00:00,22.0,30.4,65.0,1001.2,1.5,36,0.0
9102,2023-06-04 13:52:27.807000+00:00,22.1,30.4,65.0,1001.2,1.2,246,0.0
9102,2023-06-04 13:53:27.805000+00:00,22.1,30.1,65.0,1001.2,1.2,340,0.0
9102,2023-06-04 13:54:27.804000+00:00,22.1,30.1,66.0,1001.2,0.8,42,0.0
9102,2023-06-04 13:55:27.803000+00:00,22.2,29.9,66.0,1001.2,2.0,42,0.0
9102,2023-06-04 13:56:27.802000+00:00,22.1,29.9,66.0,1001.2,2.5,66,0.0
9102,2023-06-04 13:57:27.801000+00:00,22.1,29.9,66.0,1001.2,1.6,71,0.0
9102,2023-06-04 13:58:27.800000+00:00,22.1,29.9,66.0,1001.2,2.9,58,0.0
9102,2023-06-04 13:59:27.799000+00:00,22.1,29.9,65.0,1001.4,1.7,70,0.0
9102,2023-06-04 14:00:27.798000+00:00,22.1,29.9,65.0,1001.4,2.7,47,0.0
9102,2023-06-04 14:01:27.812000+00:00,22.1,29.9,65.0,1001.4,2.0,62,0.0
9102,2023-06-04 14:02:27.811000+00:00,22.1,29.8,65.0,1001.5,1.7,55,0.0
9102,2023-06-04 14:03:27.810000+00:00,22.1,29.6,66.0,1001.5,2.2,20,0.0
9102,2023-06-04 14:04:27.809000+00:00,22.1,29.8,66.0,1001.5,2.4,327,0.0
9102,2023-06-04 14:05:27.808000+00:00,22.0,29.1,66.0,1001.5,1.2,49,0.0
9102,2023-06-04 14:06:27.807000+00:00,22.0,29.1,65.0,1001.5,2.9,113,0.0
9102,2023-06-04 14:07:27.806000+00:00,22.1,29.3,65.0,1001.5,1.2,56,0.0
9102,2023-06-04 14:08:27.805000+00:00,22.1,29.7,64.0,1001.5,1.8,44,0.0
9102,2023-06-04 14:09:27.804000+00:00,22.0,29.5,64.0,1001.5,2.4,58,0.0
9102,2023-06-04 14:10:27.818000+00:00,22.0,29.5,64.0,1001.5,1.2,62,0.0
9102,2023-06-04 14:11:27.817000+00:00,22.0,28.7,65.0,1001.5,2.2,327,0.0
9102,2023-06-04 14:12:27.816000+00:00,22.2,28.7,65.0,1001.5,1.8,100,0.0
9102,2023-06-04 14:13:27.815000+00:00,22.0,28.6,66.0,1001.5,1.7,51,0.0
9102,2023-06-04 14:14:27.830000+00:00,21.9,28.4,67.0,1001.5,3.0,44,0.0
9102,2023-06-04 14:15:27.829000+00:00,21.9,28.3,67.0,1001.5,1.7,71,0.0
9102,2023-06-04 14:16:27.812000+00:00,21.9,28.4,67.0,1001.5,2.5,49,0.0
9102,2023-06-04 14:17:27.811000+00:00,21.9,28.4,67.0,1001.5,2.2,80,0.0
9102,2023-06-04 14:18:27.810000+00:00,21.9,28.2,67.0,1001.4,1.7,41,0.0
9102,2023-06-04 14:19:27.809000+00:00,21.9,28.1,66.0,1001.5,1.8,56,0.0
9102,2023-06-04 14:20:27.823000+00:00,21.9,28.2,66.0,1001.4,2.2,346,0.0
9102,2023-06-04 14:21:27.822000+00:00,21.8,28.2,66.0,1001.5,1.2,27,0.0
9102,2023-06-04 14:22:27.821000+00:00,21.8,28.2,67.0,1001.4,1.7,36,0.0
9102,2023-06-04 14:23:27.820000+00:00,21.7,27.9,67.0,1001.4,1.7,17,0.0
9102,2023-06-04 14:24:27.819000+00:00,21.6,27.7,67.0,1001.4,2.5,49,0.0
9102,2023-06-04 14:25:27.818000+00:00,21.6,27.3,68.0,1001.4,1.1,52,0.0
9102,2023-06-04 14:26:27.817000+00:00,21.5,27.3,68.0,1001.4,2.5,72,0.0
9102,2023-06-04 14:27:27.816000+00:00,21.5,27.2,68.0,1001.4,1.7,65,0.0
9102,2023-06-04 14:28:27.830000+00:00,21.5,26.8,69.0,1001.2,1.5,46,0.0
9102,2023-06-04 14:29:27.814000+00:00,21.5,27.1,69.0,1001.4,2.2,55,0.0
9102,2023-06-04 14:30:27.828000+00:00,21.5,27.4,68.0,1001.2,1.7,77,0.0
9102,2023-06-04 14:31:27.827000+00:00,21.5,27.5,68.0,1001.2,2.2,43,0.0
9102,2023-06-04 14:32:27.826000+00:00,21.5,27.5,68.0,1001.2,2.0,55,0.0
9102,2023-06-04 14:33:27.840000+00:00,21.5,27.4,68.0,1001.0,2.4,45,0.0
9102,2023-06-04 14:34:27.839000+00:00,21.5,27.3,68.0,1001.2,2.5,62,0.0
9110,2023-06-18 17:01:59.471000+00:00,17.1,27.1,69.0,1011.9,1.8,285,0.0
9110,2023-06-18 17:02:59.470000+00:00,17.1,27.0,69.0,1011.7,1.2,299,0.0
9110,2023-06-18 17:03:59.484000+00:00,17.1,27.1,69.0,1011.9,1.3,278,0.0
9110,2023-06-18 17:04:59.483000+00:00,17.1,27.3,69.0,1011.7,1.7,310,0.0
9110,2023-06-18 17:05:59.482000+00:00,17.2,27.4,69.0,1011.9,1.0,294,0.0
9110,2023-06-18 17:06:59.496000+00:00,17.3,27.4,68.0,1011.9,1.0,298,0.0
9110,2023-06-18 17:07:59.495000+00:00,17.3,27.5,68.0,1011.7,2.2,321,0.0
9110,2023-06-18 17:08:59.510000+00:00,17.4,27.5,68.0,1011.7,2.7,309,0.0
9110,2023-06-18 17:09:59.509000+00:00,17.3,27.5,68.0,1011.7,2.7,309,0.0
9110,2023-06-18 17:10:59.492000+00:00,17.3,28.0,67.0,1011.7,1.7,331,0.0
9110,2023-06-18 17:11:59.507000+00:00,17.2,28.4,66.0,1011.7,2.0,296,0.0
9110,2023-06-18 17:12:59.506000+00:00,17.2,28.1,67.0,1011.7,2.5,291,0.0
9110,2023-06-18 17:13:59.505000+00:00,17.0,28.2,68.0,1011.9,2.9,287,0.0
9110,2023-06-18 17:14:59.504000+00:00,17.2,28.2,68.0,1011.9,2.9,287,0.0
9110,2023-06-18 17:15:59.503000+00:00,17.2,28.2,68.0,1011.9,2.9,287,0.0
9110,2023-06-18 17:16:59.501000+00:00,17.3,28.0,67.0,1011.7,2.5,315,0.0
9110,2023-06-18 17:17:59.501000+00:00,17.3,27.9,67.0,1011.9,2.2,276,0.0
9110,2023-06-18 17:18:59.515000+00:00,17.4,27.9,67.0,1011.9,2.2,276,0.0
9110,2023-06-18 17:19:59.529000+00:00,17.4,28.0,68.0,1011.7,1.7,315,0.0
9110,2023-06-18 17:20:59.544000+00:00,17.3,27.9,67.0,1011.7,2.0,318,0.0
9110,2023-06-18 17:21:59.559000+00:00,17.4,27.9,67.0,1011.7,2.0,318,0.0
9110,2023-06-18 17:22:59.558000+00:00,17.4,27.8,67.0,1011.5,3.5,308,0.0
9110,2023-06-18 17:23:59.572000+00:00,17.4,27.8,68.0,1011.7,1.0,256,0.0
9110,2023-06-18 17:24:59.571000+00:00,17.5,27.9,67.0,1011.7,0.8,305,0.0
9110,2023-06-18 17:25:59.570000+00:00,17.5,28.1,66.0,1011.5,3.0,311,0.0
9110,2023-06-18 17:26:59.585000+00:00,17.5,28.3,67.0,1011.5,2.0,245,0.0
9110,2023-06-18 17:27:59.584000+00:00,17.5,28.4,67.0,1011.5,1.7,301,0.0
9110,2023-06-18 17:28:59.614000+00:00,17.6,28.5,68.0,1011.5,1.7,297,0.0
9110,2023-06-18 17:29:59.597000+00:00,17.7,28.5,68.0,1011.5,1.3,238,0.0
9110,2023-06-18 17:30:59.612000+00:00,17.7,28.5,67.0,1011.4,1.2,305,0.0
9110,2023-06-18 17:31:59.626000+00:00,17.7,30.2,66.0,1011.5,2.0,255,0.0
9110,2023-06-18 17:32:59.641000+00:00,17.6,30.2,66.0,1011.5,2.0,255,0.0
9110,2023-06-18 17:33:59.640000+00:00,17.7,32.1,66.0,1011.5,1.2,204,0.0
9110,2023-06-18 17:34:59.639000+00:00,17.8,32.1,64.0,1011.5,1.8,317,0.0
9110,2023-06-18 17:35:59.637000+00:00,17.8,32.1,65.0,1011.4,2.4,314,0.0
9110,2023-06-18 17:36:59.636000+00:00,17.8,31.3,65.0,1011.4,1.7,318,0.0
9110,2023-06-18 17:37:59.635000+00:00,17.8,31.0,66.0,1011.4,2.5,305,0.0
9110,2023-06-18 17:38:59.650000+00:00,17.7,31.5,66.0,1011.5,2.9,311,0.0
9110,2023-06-18 17:39:59.649000+00:00,17.7,31.8,66.0,1011.5,2.4,294,0.0
9110,2023-06-18 17:40:59.648000+00:00,17.8,32.1,66.0,1011.5,2.2,226,0.0
9110,2023-06-18 17:41:59.647000+00:00,17.9,32.5,67.0,1011.5,1.2,314,0.0
9110,2023-06-18 17:42:59.646000+00:00,18.0,32.5,66.0,1011.5,1.0,232,0.0
9110,2023-06-18 17:43:59.644000+00:00,17.9,32.7,66.0,1011.4,0.8,293,0.0
9110,2023-06-18 17:44:59.643000+00:00,18.1,32.8,66.0,1011.4,1.6,333,0.0
9110,2023-06-18 17:45:59.658000+00:00,18.1,33.1,65.0,1011.4,1.6,315,0.0
9110,2023-06-18 17:46:59.657000+00:00,18.3,33.2,65.0,1011.4,1.7,299,0.0
9110,2023-06-18 17:47:59.640000+00:00,18.4,33.3,65.0,1011.4,2.7,285,0.0
9110,2023-06-18 17:48:59.639000+00:00,18.4,33.4,64.0,1011.4,2.7,316,0.0
9110,2023-06-18 17:49:59.654000+00:00,18.4,33.3,66.0,1011.4,2.2,289,0.0
9110,2023-06-18 17:50:59.653000+00:00,18.5,32.6,66.0,1011.5,0.6,221,0.0
9110,2023-06-18 17:51:59.667000+00:00,18.4,32.6,67.0,1011.5,0.8,315,0.0
9110,2023-06-18 17:52:59.650000+00:00,18.4,32.3,66.0,1011.4,2.4,292,0.0
9110,2023-06-18 17:53:59.649000+00:00,18.3,32.5,65.0,1011.5,2.2,290,0.0
9110,2023-06-18 17:54:59.648000+00:00,18.2,32.5,65.0,1011.5,2.2,290,0.0
9110,2023-06-18 17:55:59.647000+00:00,18.1,32.5,66.0,1011.5,2.0,305,0.0
9110,2023-06-18 17:56:59.662000+00:00,18.1,32.0,66.0,1011.5,1.7,307,0.0
9110,2023-06-18 17:57:59.661000+00:00,18.1,32.9,65.0,1011.5,2.7,323,0.0
9110,2023-06-18 17:58:59.660000+00:00,18.2,32.9,65.0,1011.5,2.5,297,0.0
9110,2023-06-18 17:59:59.659000+00:00,18.2,31.7,65.0,1011.5,2.4,336,0.0
9110,2023-06-18 18:00:59.658000+00:00,18.3,31.7,65.0,1011.5,2.4,336,0.0
9110,2023-06-18 18:01:59.657000+00:00,18.3,33.2,65.0,1011.5,2.0,308,0.0
9110,2023-06-18 18:02:59.655000+00:00,18.4,33.1,64.0,1011.4,2.2,301,0.0
9110,2023-06-18 18:03:59.654000+00:00,18.3,32.2,64.0,1011.5,2.0,314,0.0
9110,2023-06-18 18:04:59.685000+00:00,18.3,32.5,64.0,1011.4,1.7,297,0.0
9110,2023-06-18 18:05:59.684000+00:00,18.5,32.5,63.0,1011.5,2.0,304,0.0
9110,2023-06-18 18:06:59.682000+00:00,18.5,32.5,63.0,1011.5,2.0,304,0.0
9110,2023-06-18 18:07:59.681000+00:00,18.4,31.4,64.0,1011.4,1.7,317,0.0
9110,2023-06-18 18:08:59.712000+00:00,18.5,31.1,65.0,1011.4,2.0,347,0.0
9110,2023-06-18 18:09:59.726000+00:00,18.5,30.8,62.0,1011.4,2.0,334,0.0
9110,2023-06-18 18:10:59.741000+00:00,18.5,30.8,62.0,1011.5,1.8,359,0.0
9110,2023-06-18 18:11:59.740000+00:00,18.5,30.8,62.0,1011.4,1.5,342,0.0
9110,2023-06-18 18:12:59.754000+00:00,18.6,30.8,62.0,1011.4,1.2,345,0.0
9110,2023-06-18 18:13:59.769000+00:00,18.6,31.1,63.0,1011.4,1.8,327,0.0
9110,2023-06-18 18:14:59.783000+00:00,18.7,31.6,61.0,1011.4,1.7,315,0.0
9110,2023-06-18 18:15:59.782000+00:00,18.7,31.9,61.0,1011.4,1.3,296,0.0
9110,2023-06-18 18:16:59.781000+00:00,18.7,30.9,62.0,1011.4,1.5,337,0.0
9110,2023-06-18 18:17:59.796000+00:00,18.7,31.6,62.0,1011.4,1.2,352,0.0
9110,2023-06-18 18:18:59.810000+00:00,18.8,32.8,63.0,1011.4,1.5,346,0.0
9110,2023-06-18 18:19:59.825000+00:00,18.9,32.9,61.0,1011.4,2.5,318,0.0
9110,2023-06-18 18:20:59.824000+00:00,19.0,33.0,61.0,1011.4,2.0,330,0.0
9110,2023-06-18 18:21:59.838000+00:00,19.0,34.1,61.0,1011.4,1.8,351,0.0
9110,2023-06-18 18:22:59.837000+00:00,19.0,34.3,60.0,1011.4,1.2,352,0.0
9110,2023-06-18 18:23:59.836000+00:00,19.2,34.0,60.0,1011.2,1.5,339,0.0
9110,2023-06-18 18:24:59.835000+00:00,19.3,34.0,60.0,1011.2,1.7,333,0.0
9110,2023-06-18 18:25:59.834000+00:00,19.4,34.2,60.0,1011.2,1.2,337,0.0
9110,2023-06-18 18:26:59.849000+00:00,19.4,34.1,61.0,1011.4,1.5,352,0.0
9110,2023-06-18 18:27:59.863000+00:00,19.4,33.8,61.0,1011.4,1.7,310,0.0
9110,2023-06-18 18:28:59.862000+00:00,19.4,33.1,60.0,1011.2,1.7,342,0.0
9110,2023-06-18 18:29:59.861000+00:00,19.4,33.0,61.0,1011.4,1.5,330,0.0
9110,2023-06-18 18:30:59.876000+00:00,19.3,32.3,61.0,1011.4,1.3,322,0.0
9110,2023-06-18 18:31:59.890000+00:00,19.2,31.3,62.0,1011.4,1.8,319,0.0
9110,2023-06-18 18:32:59.889000+00:00,19.0,31.3,62.0,1011.4,2.7,319,0.0
9110,2023-06-18 18:33:59.919000+00:00,18.9,31.3,62.0,1011.4,2.7,319,0.0
9110,2023-06-18 18:34:59.918000+00:00,18.9,31.3,62.0,1011.4,2.7,319,0.0
9110,2023-06-18 18:35:59.917000+00:00,18.7,30.8,64.0,1011.4,3.0,304,0.0
9110,2023-06-18 18:36:59.963000+00:00,18.8,30.8,64.0,1011.4,2.2,292,0.0
9110,2023-06-18 18:37:59.915000+00:00,18.8,30.5,64.0,1011.4,1.8,329,0.0
9110,2023-06-18 18:38:59.930000+00:00,18.9,30.5,64.0,1011.4,1.5,282,0.0
9110,2023-06-18 18:39:59.929000+00:00,18.8,30.5,64.0,1011.4,1.5,282,0.0
9110,2023-06-18 18:40:59.943000+00:00,18.9,31.6,64.0,1011.4,1.0,343,0.0
9110,2023-06-18 18:41:59.958000+00:00,19.0,31.2,62.0,1011.4,1.7,320,0.0
9110,2023-06-18 18:43:00.004000+00:00,19.0,31.2,62.0,1011.4,1.7,320,0.0
9110,2023-06-18 18:43:59.971000+00:00,19.1,30.4,61.0,1011.4,2.4,305,0.0
9110,2023-06-18 18:44:59.970000+00:00,19.1,29.8,62.0,1011.2,2.0,317,0.0
9110,2023-06-18 18:45:59.969000+00:00,19.1,29.5,63.0,1011.2,1.6,306,0.0
9110,2023-06-18 18:46:59.984000+00:00,19.1,29.5,63.0,1011.2,1.7,322,0.0
9110,2023-06-18 18:48:00.014000+00:00,19.1,30.5,64.0,1011.4,1.6,332,0.0
9110,2023-06-18 18:49:00.028000+00:00,19.0,30.5,63.0,1011.4,1.7,331,0.0
9110,2023-06-18 18:50:00.043000+00:00,19.1,30.7,64.0,1011.4,1.5,349,0.0
9110,2023-06-18 18:51:00.042000+00:00,19.1,31.3,62.0,1011.4,2.2,326,0.0
9110,2023-06-18 18:52:00.057000+00:00,19.4,32.3,61.0,1011.2,2.5,329,0.0
9110,2023-06-18 18:53:00.055000+00:00,19.5,32.3,61.0,1011.2,2.5,329,0.0
9110,2023-06-18 18:54:00.070000+00:00,19.4,32.3,61.0,1011.2,2.5,329,0.0
9110,2023-06-18 18:55:00.069000+00:00,19.4,32.3,61.0,1011.2,2.5,329,0.0
9110,2023-06-18 18:56:00.052000+00:00,19.3,32.3,62.0,1011.5,1.8,324,0.0
9110,2023-06-18 18:57:00.067000+00:00,19.3,31.6,62.0,1011.5,2.4,314,0.0
9110,2023-06-18 18:58:00.066000+00:00,19.3,31.6,62.0,1011.5,2.4,314,0.0
9110,2023-06-18 18:59:00.065000+00:00,19.4,31.6,62.0,1011.5,2.4,314,0.0
9110,2023-06-18 19:00:00.064000+00:00,19.3,31.3,62.0,1011.5,1.3,324,0.0
9110,2023-06-18 19:01:00.063000+00:00,19.3,31.7,61.0,1011.4,1.8,314,0.0
9110,2023-06-18 19:02:00.062000+00:00,19.4,31.8,60.0,1011.4,1.5,324,0.0
9110,2023-06-18 19:03:00.061000+00:00,19.3,31.4,61.0,1011.5,1.8,308,0.0
9110,2023-06-18 19:04:00.059000+00:00,19.1,30.9,61.0,1011.4,2.5,319,0.0
9110,2023-06-18 19:05:00.074000+00:00,19.1,30.8,62.0,1011.5,1.5,358,0.0
9110,2023-06-18 19:06:00.073000+00:00,19.1,30.7,64.0,1011.4,2.2,347,0.0
9110,2023-06-18 19:07:00.056000+00:00,19.1,30.7,64.0,1011.5,1.8,358,0.0
9110,2023-06-18 19:08:00.071000+00:00,19.2,30.8,63.0,1011.5,2.0,348,0.0
9110,2023-06-18 19:09:00.070000+00:00,19.1,30.7,61.0,1011.5,2.0,327,0.0
9110,2023-06-18 19:10:00.069000+00:00,19.1,30.4,61.0,1011.5,2.2,332,0.0
9110,2023-06-18 19:11:00.068000+00:00,19.2,30.2,62.0,1011.5,1.8,313,0.0
9110,2023-06-18 19:12:00.067000+00:00,19.1,29.9,62.0,1011.5,2.7,331,0.0
9110,2023-06-18 19:13:00.066000+00:00,19.1,29.5,62.0,1011.7,3.0,307,0.0
9110,2023-06-18 19:14:00.065000+00:00,19.1,29.3,63.0,1011.7,2.0,289,0.0
9110,2023-06-18 19:15:00.064000+00:00,19.1,29.1,63.0,1011.7,1.8,316,0.0
9110,2023-06-18 19:16:00.062000+00:00,19.0,29.1,64.0,1011.7,1.6,339,0.0
9110,2023-06-18 19:17:00.093000+00:00,19.0,29.1,64.0,1011.7,1.2,325,0.0
9110,2023-06-18 19:18:00.092000+00:00,19.0,29.1,63.0,1011.7,1.5,317,0.0
9110,2023-06-18 19:19:00.091000+00:00,19.0,29.2,64.0,1011.7,1.2,343,0.0
9110,2023-06-18 19:20:00.090000+00:00,19.1,29.2,63.0,1011.7,1.7,312,0.0
9110,2023-06-18 19:21:00.104000+00:00,19.0,29.3,63.0,1011.7,2.7,301,0.0
9110,2023-06-18 19:22:00.103000+00:00,19.0,29.3,64.0,1011.7,2.0,325,0.0
9110,2023-06-18 19:23:00.118000+00:00,19.0,29.3,63.0,1011.7,2.0,336,0.0
9110,2023-06-18 19:24:00.117000+00:00,19.0,29.3,63.0,1011.7,2.0,336,0.0
9110,2023-06-18 19:25:00.116000+00:00,19.1,29.2,63.0,1011.7,2.2,324,0.0
9110,2023-06-18 19:26:00.114000+00:00,19.1,29.2,63.0,1011.7,2.4,313,0.0
9110,2023-06-18 19:27:00.129000+00:00,19.1,29.1,63.0,1011.7,2.4,331,0.0
9110,2023-06-18 19:28:00.128000+00:00,19.1,29.1,63.0,1011.7,1.8,337,0.0
9110,2023-06-18 19:29:00.143000+00:00,19.2,29.7,63.0,1011.7,1.7,345,0.0
9110,2023-06-18 19:30:00.141000+00:00,19.3,29.8,62.0,1011.9,1.8,343,0.0
9110,2023-06-18 19:31:00.156000+00:00,19.3,29.7,61.0,1011.9,2.0,345,0.0
9110,2023-06-18 19:32:00.171000+00:00,19.3,29.5,62.0,1012.0,2.0,342,0.0
9110,2023-06-18 19:33:00.185000+00:00,19.3,29.4,61.0,1012.0,1.5,357,0.0
9110,2023-06-18 19:34:00.184000+00:00,19.2,29.3,61.0,1012.0,1.6,351,0.0
9110,2023-06-18 19:35:00.199000+00:00,19.3,29.3,62.0,1012.0,1.6,333,0.0
9110,2023-06-18 19:36:00.198000+00:00,19.2,29.4,63.0,1012.0,2.7,309,0.0
9110,2023-06-18 19:37:00.197000+00:00,19.1,29.4,61.0,1012.0,3.0,347,0.0
9110,2023-06-18 19:38:00.211000+00:00,19.1,29.4,61.0,1012.0,3.0,347,0.0
9110,2023-06-18 19:39:00.241000+00:00,19.0,28.8,63.0,1012.0,1.7,336,0.0
9110,2023-06-18 19:40:00.209000+00:00,19.1,28.8,63.0,1012.2,2.0,304,0.0
9110,2023-06-18 19:41:00.208000+00:00,19.0,28.8,63.0,1012.2,2.4,300,0.0
9110,2023-06-18 19:42:00.207000+00:00,19.0,28.6,63.0,1012.0,2.5,304,0.0
9110,2023-06-18 19:43:00.190000+00:00,18.9,28.6,63.0,1012.2,2.0,340,0.0
9117,2023-07-01 13:52:04.366000+00:00,16.9,22.4,84.0,932.7,0.6,0,0.0
9117,2023-07-01 13:53:04.349000+00:00,16.9,22.2,84.0,932.7,0.5,24,0.0
9117,2023-07-01 13:54:04.364000+00:00,16.8,22.2,84.0,932.7,0.8,26,0.0
9117,2023-07-01 13:55:04.364000+00:00,16.8,22.2,84.0,932.7,0.8,180,0.0
9117,2023-07-01 13:56:04.363000+00:00,16.8,22.2,84.0,932.7,0.0,33,0.0
9117,2023-07-01 13:57:04.362000+00:00,16.8,22.4,84.0,932.7,0.6,0,0.0
9117,2023-07-01 13:58:04.362000+00:00,16.8,22.2,85.0,932.7,0.5,0,1.0
9117,2023-07-01 13:59:04.361000+00:00,16.9,22.3,85.0,932.7,0.3,252,1.0
9117,2023-07-01 14:00:04.360000+00:00,16.8,22.3,85.0,932.7,0.6,156,1.0
9117,2023-07-01 14:01:04.375000+00:00,16.9,22.2,86.0,932.7,0.5,232,1.0
9117,2023-07-01 14:02:04.375000+00:00,16.8,22.2,86.0,932.7,0.6,260,1.0
9117,2023-07-01 14:03:04.390000+00:00,16.9,22.1,86.0,932.7,0.4,29,1.0
9117,2023-07-01 14:04:04.389000+00:00,16.8,22.0,87.0,932.7,0.8,0,1.0
9117,2023-07-01 14:05:04.388000+00:00,16.9,21.7,88.0,932.7,1.0,62,1.0
9117,2023-07-01 14:06:04.403000+00:00,16.8,21.7,88.0,932.7,0.8,30,1.0
9117,2023-07-01 14:07:04.403000+00:00,16.9,21.9,88.0,932.7,0.6,38,1.0
9117,2023-07-01 14:08:04.418000+00:00,16.8,21.8,88.0,932.7,0.6,10,1.0
9117,2023-07-01 14:09:04.417000+00:00,16.6,21.8,88.0,932.7,0.8,85,1.0
9117,2023-07-01 14:10:04.432000+00:00,16.6,21.7,89.0,932.7,0.8,335,1.0
9117,2023-07-01 14:11:04.447000+00:00,16.6,21.5,89.0,932.7,0.3,328,1.0
9117,2023-07-01 14:12:04.477000+00:00,16.6,21.4,90.0,932.7,0.5,92,1.0
9117,2023-07-01 14:13:04.477000+00:00,16.5,21.4,89.0,932.7,0.4,1,1.0
9117,2023-07-01 14:14:04.476000+00:00,16.6,21.2,89.0,932.7,0.3,266,1.0
9117,2023-07-01 14:15:04.475000+00:00,16.5,21.1,89.0,932.7,0.4,359,1.0
9117,2023-07-01 14:16:04.490000+00:00,16.4,21.1,89.0,932.7,1.0,0,1.0
9117,2023-07-01 14:17:04.490000+00:00,16.4,21.1,90.0,932.7,0.0,0,1.0
9117,2023-07-01 14:18:04.505000+00:00,16.4,21.0,90.0,932.7,0.0,218,1.0
9117,2023-07-01 14:19:04.504000+00:00,16.4,21.1,90.0,932.7,0.3,0,0.0
9117,2023-07-01 14:20:04.488000+00:00,16.4,21.4,90.0,932.7,0.5,329,0.0
9117,2023-07-01 14:21:04.503000+00:00,16.3,21.4,90.0,932.7,0.4,321,0.0
9117,2023-07-01 14:22:04.502000+00:00,16.3,21.4,89.0,932.7,0.4,350,1.0
9117,2023-07-01 14:23:04.501000+00:00,16.2,21.3,90.0,932.7,0.6,0,1.0
9117,2023-07-01 14:24:04.501000+00:00,16.2,21.3,90.0,932.7,0.0,0,1.0
9117,2023-07-01 14:25:04.516000+00:00,16.1,21.3,90.0,932.7,0.0,323,1.0
9117,2023-07-01 14:26:04.499000+00:00,16.1,21.1,90.0,932.7,0.5,292,1.0
9117,2023-07-01 14:27:04.514000+00:00,16.2,21.1,91.0,932.7,0.5,232,1.0
9117,2023-07-01 14:28:04.514000+00:00,16.2,21.1,90.0,932.7,0.6,281,1.0
9117,2023-07-01 14:29:04.513000+00:00,16.1,21.1,90.0,932.7,0.4,264,1.0
9117,2023-07-01 14:30:04.512000+00:00,16.1,21.3,89.0,932.7,0.6,255,1.0
9117,2023-07-01 14:31:04.527000+00:00,16.1,21.3,89.0,932.7,0.6,295,1.0
9117,2023-07-01 14:32:04.527000+00:00,16.1,21.3,89.0,932.7,0.4,265,1.0
9117,2023-07-01 14:33:04.557000+00:00,16.1,21.3,90.0,932.7,0.6,253,0.0
9117,2023-07-01 14:34:04.557000+00:00,16.1,21.3,89.0,932.7,0.6,300,0.0
9117,2023-07-01 14:35:04.556000+00:00,16.1,21.2,89.0,932.7,0.6,243,1.0
9117,2023-07-01 14:36:04.571000+00:00,16.1,21.0,90.0,932.7,0.4,68,1.0
9117,2023-07-01 14:37:04.555000+00:00,16.2,21.0,90.0,932.7,1.2,0,0.0
9117,2023-07-01 14:38:04.554000+00:00,16.2,21.0,90.0,932.7,1.3,154,0.0
9117,2023-07-01 14:39:04.553000+00:00,16.2,20.9,91.0,932.7,1.6,92,0.0
9117,2023-07-01 14:40:04.568000+00:00,16.3,20.9,91.0,932.7,1.7,94,0.0
9117,2023-07-01 14:41:04.568000+00:00,16.4,21.1,89.0,932.7,0.6,14,0.0
9117,2023-07-01 14:42:04.598000+00:00,16.4,21.1,89.0,932.7,1.2,349,0.0
9117,2023-07-01 14:43:04.613000+00:00,16.4,21.0,90.0,932.7,1.0,99,0.0
9117,2023-07-01 14:44:04.613000+00:00,16.5,21.0,90.0,932.7,0.8,86,0.0
9117,2023-07-01 14:45:04.612000+00:00,16.4,21.0,87.0,932.7,1.7,263,0.0
9117,2023-07-01 14:46:04.611000+00:00,16.4,20.8,88.0,932.7,0.6,169,0.0
9117,2023-07-01 14:47:04.642000+00:00,16.3,20.8,89.0,932.7,1.1,55,0.0
9117,2023-07-01 14:48:04.641000+00:00,16.3,21.0,89.0,932.5,1.1,77,0.0
9117,2023-07-01 14:49:04.656000+00:00,16.4,20.8,89.0,932.5,1.1,69,0.0
9117,2023-07-01 14:50:04.655000+00:00,16.4,20.8,87.0,932.7,1.2,25,0.0
9117,2023-07-01 14:51:04.639000+00:00,16.3,20.9,86.0,932.5,2.0,64,0.0
9117,2023-07-01 14:52:04.639000+00:00,16.4,20.9,87.0,932.7,1.8,141,0.0
9117,2023-07-01 14:53:04.654000+00:00,16.4,20.7,86.0,932.5,0.6,326,0.0
9117,2023-07-01 14:54:04.653000+00:00,16.4,20.7,86.0,932.7,1.5,55,0.0
9117,2023-07-01 14:55:04.668000+00:00,16.5,20.5,87.0,932.5,1.5,140,0.0
9117,2023-07-01 14:56:04.698000+00:00,16.5,20.7,85.0,932.7,2.2,112,0.0
9117,2023-07-01 14:57:04.698000+00:00,16.5,20.7,86.0,932.7,2.0,101,0.0
9117,2023-07-01 14:58:04.728000+00:00,16.5,20.5,85.0,932.5,0.6,88,0.0
9117,2023-07-01 14:59:04.696000+00:00,16.5,20.5,85.0,932.5,0.6,88,0.0
9117,2023-07-01 15:00:04.743000+00:00,16.4,20.4,86.0,932.5,0.8,61,0.0
9117,2023-07-01 15:01:04.695000+00:00,16.4,20.4,86.0,932.7,0.8,0,0.0
9117,2023-07-01 15:02:04.726000+00:00,16.5,20.7,85.0,932.5,0.6,73,0.0
9117,2023-07-01 15:03:04.694000+00:00,16.6,20.8,85.0,932.7,1.2,75,0.0
9117,2023-07-01 15:04:04.709000+00:00,16.5,20.7,85.0,932.5,1.0,76,0.0
9117,2023-07-01 15:05:04.693000+00:00,16.5,20.7,84.0,932.5,2.2,93,0.0
9117,2023-07-01 15:06:04.692000+00:00,16.4,20.7,83.0,932.7,1.2,99,0.0
9117,2023-07-01 15:07:04.707000+00:00,16.5,20.6,83.0,932.5,0.6,69,0.0
9117,2023-07-01 15:08:04.706000+00:00,16.5,20.5,84.0,932.7,1.0,263,0.0
9117,2023-07-01 15:09:04.721000+00:00,16.4,20.4,84.0,932.5,0.6,249,0.0
9117,2023-07-01 15:10:04.705000+00:00,16.3,20.2,85.0,932.7,0.3,246,0.0
9117,2023-07-01 15:11:04.720000+00:00,16.3,20.2,85.0,932.7,1.5,265,0.0
9117,2023-07-01 15:12:04.719000+00:00,16.3,20.2,86.0,932.7,0.8,247,0.0
9117,2023-07-01 15:13:04.734000+00:00,16.4,20.3,85.0,932.5,0.8,202,0.0
9117,2023-07-01 15:14:04.749000+00:00,16.3,20.4,86.0,932.7,0.3,247,0.0
9117,2023-07-01 15:15:04.764000+00:00,16.3,20.5,86.0,932.7,1.2,248,0.0
9117,2023-07-01 15:16:04.795000+00:00,16.4,20.4,87.0,932.5,0.8,268,0.0
9117,2023-07-01 15:17:04.778000+00:00,16.4,20.5,87.0,932.5,0.8,217,0.0
9117,2023-07-01 15:18:04.793000+00:00,16.3,20.8,87.0,932.7,1.1,248,0.0
9117,2023-07-01 15:19:04.777000+00:00,16.3,20.8,86.0,932.7,1.1,243,0.0
9117,2023-07-01 15:20:04.792000+00:00,16.4,20.8,87.0,932.5,0.8,248,0.0
9117,2023-07-01 15:21:04.791000+00:00,16.4,20.6,87.0,932.7,1.1,242,0.0
9117,2023-07-01 15:22:04.791000+00:00,16.4,20.8,86.0,932.7,0.8,261,0.0
9117,2023-07-01 15:23:04.790000+00:00,16.3,20.7,86.0,932.5,0.8,250,0.0
9117,2023-07-01 15:24:04.789000+00:00,16.4,20.8,86.0,932.5,0.4,0,0.0
9117,2023-07-01 15:25:04.789000+00:00,16.4,20.8,86.0,932.7,0.4,0,0.0
9117,2023-07-01 15:26:04.804000+00:00,16.4,20.9,86.0,932.5,0.4,273,0.0
9117,2023-07-01 15:27:04.787000+00:00,16.3,20.8,85.0,932.5,0.0,0,0.0
9117,2023-07-01 15:28:04.787000+00:00,16.4,20.8,85.0,932.5,0.3,202,0.0
9118,2023-07-02 12:01:10.088000+00:00,21.7,31.2,56.0,934.2,1.0,90,0.0
9118,2023-07-02 12:02:10.087000+00:00,21.6,31.1,55.0,934.2,1.2,110,0.0
9118,2023-07-02 12:03:10.086000+00:00,21.6,31.0,55.0,934.2,1.2,171,0.0
9118,2023-07-02 12:04:10.085000+00:00,21.6,30.8,55.0,934.2,0.6,9,0.0
9118,2023-07-02 12:05:10.225000+00:00,21.5,30.6,55.0,934.2,0.8,69,0.0
9118,2023-07-02 12:06:10.083000+00:00,21.6,30.9,55.0,934.2,0.6,83,0.0
9118,2023-07-02 12:07:10.082000+00:00,21.5,30.9,55.0,934.2,1.1,100,0.0
9118,2023-07-02 12:08:10.081000+00:00,21.5,30.7,56.0,934.2,1.2,99,0.0
9118,2023-07-02 12:09:10.095000+00:00,21.5,30.5,54.0,934.2,1.8,62,0.0
9118,2023-07-02 12:10:10.094000+00:00,21.6,30.7,54.0,934.2,0.8,83,0.0
9118,2023-07-02 12:11:10.093000+00:00,21.6,30.8,54.0,934.2,1.0,143,0.0
9118,2023-07-02 12:12:10.092000+00:00,21.6,31.2,54.0,934.2,0.8,56,0.0
9118,2023-07-02 12:13:10.201000+00:00,21.7,31.2,53.0,934.2,0.8,68,0.0
9118,2023-07-02 12:14:10.106000+00:00,21.8,31.2,54.0,934.2,1.2,68,0.0
9118,2023-07-02 12:15:10.120000+00:00,21.9,31.2,51.0,934.0,1.1,70,0.0
9118,2023-07-02 12:16:10.135000+00:00,21.9,31.2,51.0,934.2,2.2,59,0.0
9118,2023-07-02 12:17:10.134000+00:00,21.9,31.4,50.0,934.0,1.8,77,0.0
9118,2023-07-02 12:18:10.149000+00:00,21.9,31.3,51.0,934.0,1.5,69,0.0
9118,2023-07-02 12:19:10.147000+00:00,21.8,31.0,52.0,934.0,2.2,60,0.0
9118,2023-07-02 12:20:10.146000+00:00,21.7,31.0,53.0,934.0,1.6,49,1.0
9118,2023-07-02 12:21:10.145000+00:00,21.8,30.7,53.0,934.0,1.3,80,1.0
9118,2023-07-02 12:22:10.144000+00:00,21.7,30.8,53.0,934.2,1.5,102,0.0
9118,2023-07-02 12:23:10.159000+00:00,21.9,31.1,53.0,934.0,1.0,67,0.0
9118,2023-07-02 12:24:10.158000+00:00,21.9,31.7,53.0,934.0,1.7,67,0.0
9118,2023-07-02 12:25:10.157000+00:00,21.9,32.0,53.0,934.0,1.8,73,0.0
9118,2023-07-02 12:26:10.156000+00:00,22.0,32.0,53.0,934.0,1.2,67,0.0
9118,2023-07-02 12:27:10.186000+00:00,22.0,32.5,51.0,934.0,1.7,68,0.0
9118,2023-07-02 12:28:10.185000+00:00,22.1,32.0,52.0,934.0,1.7,87,0.0
9118,2023-07-02 12:29:10.184000+00:00,22.2,32.3,51.0,934.0,0.6,52,0.0
9118,2023-07-02 12:30:10.183000+00:00,22.2,33.3,51.0,934.2,0.8,66,0.0
9118,2023-07-02 12:31:10.182000+00:00,22.1,33.3,52.0,934.0,1.6,96,0.0
9118,2023-07-02 12:32:10.181000+00:00,22.2,32.7,51.0,934.0,1.0,64,0.0
9118,2023-07-02 12:33:10.180000+00:00,22.2,32.7,51.0,934.0,2.0,65,0.0
9118,2023-07-02 12:34:10.179000+00:00,22.2,32.7,52.0,934.0,0.8,51,0.0
9118,2023-07-02 12:35:10.177000+00:00,22.3,33.2,52.0,934.2,0.6,0,0.0
9118,2023-07-02 12:36:10.176000+00:00,22.3,33.2,51.0,934.0,0.5,64,0.0
9118,2023-07-02 12:37:10.175000+00:00,22.2,33.2,51.0,934.0,0.6,24,0.0
9118,2023-07-02 12:38:10.190000+00:00,22.1,32.4,50.0,934.0,0.6,0,0.0
9118,2023-07-02 12:39:10.189000+00:00,22.1,32.4,51.0,934.0,0.0,0,0.0
9118,2023-07-02 12:40:10.188000+00:00,22.2,32.6,51.0,934.0,0.0,51,0.0
9118,2023-07-02 12:41:10.187000+00:00,22.2,33.3,51.0,934.0,0.6,291,0.0
9118,2023-07-02 12:42:10.188000+00:00,22.2,33.8,50.0,934.0,0.8,341,0.0
9118,2023-07-02 12:43:10.185000+00:00,22.3,33.6,49.0,934.0,0.5,357,0.0
9118,2023-07-02 12:44:10.184000+00:00,22.3,33.5,50.0,934.0,0.6,329,0.0
9118,2023-07-02 12:45:10.198000+00:00,22.3,32.8,50.0,934.0,0.4,209,0.0
9118,2023-07-02 12:46:10.197000+00:00,22.3,32.7,50.0,934.0,0.4,237,0.0
9118,2023-07-02 12:47:10.212000+00:00,22.3,32.2,50.0,934.0,0.6,234,0.0
9118,2023-07-02 12:48:10.226000+00:00,22.3,32.2,51.0,934.0,1.2,264,0.0
9118,2023-07-02 12:49:10.241000+00:00,22.3,32.3,50.0,934.0,1.3,267,1.0
9118,2023-07-02 12:50:10.240000+00:00,22.3,32.5,50.0,934.0,1.3,259,0.0
9118,2023-07-02 12:51:10.254000+00:00,22.2,32.2,51.0,934.0,1.6,255,0.0
9118,2023-07-02 12:52:10.253000+00:00,22.1,32.1,51.0,934.0,1.8,249,0.0
9118,2023-07-02 12:53:10.252000+00:00,22.1,32.1,51.0,934.0,1.8,264,0.0
9118,2023-07-02 12:54:10.267000+00:00,22.2,32.1,51.0,934.0,1.1,247,0.0
9118,2023-07-02 12:55:10.297000+00:00,22.3,32.3,51.0,934.0,2.0,254,0.0
9118,2023-07-02 12:56:10.311000+00:00,22.3,32.2,50.0,934.0,2.0,253,0.0
9118,2023-07-02 12:57:10.310000+00:00,22.3,31.8,50.0,934.0,1.8,242,0.0
9118,2023-07-02 12:58:10.325000+00:00,22.2,31.7,51.0,934.0,2.0,241,0.0
9118,2023-07-02 12:59:10.324000+00:00,22.1,31.7,52.0,933.9,2.2,218,0.0
9118,2023-07-02 13:00:10.323000+00:00,22.1,31.9,51.0,934.0,1.0,246,0.0
9118,2023-07-02 13:01:10.322000+00:00,22.1,32.0,51.0,933.9,0.8,269,0.0
9118,2023-07-02 13:02:10.321000+00:00,22.1,32.1,51.0,934.0,0.5,263,0.0
9118,2023-07-02 13:03:10.319000+00:00,22.1,32.0,51.0,934.0,1.2,246,0.0
9118,2023-07-02 13:04:10.350000+00:00,22.2,32.1,51.0,933.9,1.2,232,0.0
9118,2023-07-02 13:05:10.349000+00:00,22.3,32.1,50.0,934.0,1.1,240,0.0
9118,2023-07-02 13:06:10.347000+00:00,22.4,32.9,51.0,934.0,1.2,154,0.0
9118,2023-07-02 13:07:10.346000+00:00,22.5,33.0,51.0,934.0,0.6,323,0.0
9118,2023-07-02 13:08:10.345000+00:00,22.6,33.3,49.0,934.0,0.5,0,0.0
9118,2023-07-02 13:09:10.360000+00:00,22.7,34.3,49.0,934.0,0.0,0,0.0
9118,2023-07-02 13:10:10.609000+00:00,22.8,34.3,49.0,934.0,1.1,216,0.0
9118,2023-07-02 13:11:10.373000+00:00,22.9,33.8,50.0,934.0,1.0,80,0.0
9118,2023-07-02 13:12:10.607000+00:00,23.0,33.6,51.0,934.0,0.8,103,0.0
9118,2023-07-02 13:13:10.372000+00:00,23.0,33.4,50.0,934.0,1.1,0,0.0
9118,2023-07-02 13:14:10.620000+00:00,23.2,33.6,50.0,933.9,1.3,53,0.0
9118,2023-07-02 13:15:10.385000+00:00,23.2,33.6,49.0,933.9,1.2,71,0.0
9118,2023-07-02 13:16:10.399000+00:00,23.2,34.0,49.0,934.0,0.8,112,0.0
9118,2023-07-02 13:17:10.398000+00:00,23.2,34.1,49.0,933.9,1.3,0,0.0
9118,2023-07-02 13:18:10.413000+00:00,23.2,34.1,49.0,934.0,0.8,81,0.0
9118,2023-07-02 13:19:10.584000+00:00,23.2,34.2,49.0,933.9,1.2,86,0.0
9118,2023-07-02 13:20:10.426000+00:00,23.1,34.5,48.0,934.0,0.8,161,0.0
9118,2023-07-02 13:21:10.425000+00:00,23.2,34.5,48.0,934.0,0.8,161,0.0
9118,2023-07-02 13:22:10.424000+00:00,23.2,34.4,49.0,934.0,1.1,50,0.0
9118,2023-07-02 13:23:10.423000+00:00,23.0,34.1,49.0,934.0,0.6,284,0.0
9118,2023-07-02 13:24:10.438000+00:00,22.9,34.0,49.0,934.0,0.4,285,0.0
9118,2023-07-02 13:25:10.468000+00:00,22.9,32.9,49.0,934.0,0.8,330,0.0
9118,2023-07-02 13:26:10.467000+00:00,22.8,32.6,50.0,934.0,0.8,69,0.0
9118,2023-07-02 13:27:10.513000+00:00,22.8,32.7,51.0,934.0,0.8,95,0.0
9118,2023-07-02 13:28:10.480000+00:00,22.8,32.4,51.0,934.0,0.8,73,0.0
9118,2023-07-02 13:29:10.479000+00:00,22.7,32.8,51.0,934.0,1.2,145,0.0
9118,2023-07-02 13:30:10.509000+00:00,22.8,32.8,51.0,934.0,1.0,325,0.0
9118,2023-07-02 13:31:10.508000+00:00,22.8,32.5,52.0,934.0,0.8,93,0.0
9118,2023-07-02 13:32:10.523000+00:00,22.7,32.6,51.0,934.0,1.0,86,0.0
9118,2023-07-02 13:33:10.537000+00:00,22.7,32.6,52.0,934.0,1.2,118,0.0
9118,2023-07-02 13:34:10.552000+00:00,22.7,32.5,51.0,934.0,1.5,3,0.0
9118,2023-07-02 13:35:10.566000+00:00,22.7,32.5,51.0,934.0,0.8,0,0.0
9118,2023-07-02 13:36:10.565000+00:00,22.7,32.5,50.0,934.0,0.5,64,0.0
9118,2023-07-02 13:37:10.564000+00:00,22.6,32.2,51.0,934.0,0.8,47,0.0
9118,2023-07-02 13:38:10.563000+00:00,22.6,32.1,51.0,934.0,1.2,85,0.0
9118,2023-07-02 13:39:10.562000+00:00,22.6,31.5,51.0,934.0,1.2,29,0.0
9118,2023-07-02 13:40:10.577000+00:00,22.6,31.9,52.0,934.0,1.2,112,0.0
9118,2023-07-02 13:41:10.560000+00:00,22.7,32.2,52.0,934.0,1.6,113,0.0
9118,2023-07-02 13:42:10.575000+00:00,22.7,32.2,53.0,934.0,1.1,94,0.0
9118,2023-07-02 13:43:10.574000+00:00,22.7,32.1,52.0,934.2,1.2,129,0.0
9118,2023-07-02 13:44:10.572000+00:00,22.6,31.9,53.0,934.0,1.2,94,0.0
9118,2023-07-02 13:45:10.587000+00:00,22.5,31.8,53.0,934.0,1.0,80,0.0
9118,2023-07-02 13:46:10.586000+00:00,22.5,31.7,53.0,934.0,1.7,167,0.0
9118,2023-07-02 13:47:10.601000+00:00,22.5,31.7,53.0,934.0,1.7,167,0.0
9118,2023-07-02 13:48:10.599000+00:00,22.5,31.5,52.0,934.0,1.3,72,0.0
9118,2023-07-02 13:49:10.598000+00:00,22.5,31.4,53.0,934.0,1.1,9,0.0
9118,2023-07-02 13:50:10.597000+00:00,22.5,31.4,53.0,934.0,1.2,56,0.0
9118,2023-07-02 13:51:10.596000+00:00,22.5,31.3,53.0,934.0,1.5,176,0.0
9118,2023-07-02 13:52:10.595000+00:00,22.5,31.4,53.0,934.0,1.0,203,0.0
9118,2023-07-02 13:53:10.610000+00:00,22.5,31.3,53.0,934.0,0.8,137,0.0
9118,2023-07-02 13:54:10.609000+00:00,22.5,31.2,53.0,934.0,1.5,262,0.0
9118,2023-07-02 13:55:10.639000+00:00,22.3,31.0,54.0,934.0,0.6,1,0.0
9118,2023-07-02 13:56:10.638000+00:00,22.2,31.0,55.0,934.0,1.2,321,0.0
9118,2023-07-02 13:57:10.652000+00:00,22.3,30.7,55.0,934.0,0.8,57,0.0
9118,2023-07-02 13:58:10.651000+00:00,22.3,30.7,56.0,933.9,0.6,235,0.0
9118,2023-07-02 13:59:10.666000+00:00,22.4,30.6,56.0,934.0,1.2,353,0.0
9118,2023-07-02 14:00:10.665000+00:00,22.4,31.0,55.0,934.0,1.1,307,0.0
9118,2023-07-02 14:01:10.679000+00:00,22.3,31.5,55.0,934.0,0.6,42,0.0
9118,2023-07-02 14:02:10.678000+00:00,22.4,31.6,55.0,934.0,1.2,82,0.0
9118,2023-07-02 14:03:10.661000+00:00,22.5,31.7,54.0,934.0,1.6,93,0.0
9118,2023-07-02 14:04:10.676000+00:00,22.5,31.5,55.0,934.0,1.2,95,0.0
9118,2023-07-02 14:05:10.659000+00:00,22.5,31.5,54.0,934.0,1.7,133,0.0
9118,2023-07-02 14:06:10.674000+00:00,22.5,31.5,55.0,934.0,1.5,97,0.0
9118,2023-07-02 14:07:10.673000+00:00,22.6,31.1,55.0,934.0,2.0,134,0.0
9118,2023-07-02 14:08:10.703000+00:00,22.5,31.1,55.0,934.0,1.5,92,0.0
9118,2023-07-02 14:09:10.702000+00:00,22.6,31.1,55.0,934.0,1.6,78,0.0
9118,2023-07-02 14:10:10.732000+00:00,22.5,31.1,55.0,934.0,1.1,37,0.0
9118,2023-07-02 14:11:10.700000+00:00,22.5,31.1,55.0,934.0,1.6,104,0.0
9118,2023-07-02 14:12:10.699000+00:00,22.5,31.1,54.0,934.0,1.0,159,0.0
9118,2023-07-02 14:13:10.713000+00:00,22.5,31.2,54.0,933.9,1.7,93,0.0
9118,2023-07-02 14:14:10.712000+00:00,22.6,31.5,54.0,934.0,1.0,69,0.0
9118,2023-07-02 14:15:10.711000+00:00,22.7,31.6,53.0,934.0,1.3,126,0.0
9118,2023-07-02 14:16:10.726000+00:00,22.7,31.8,53.0,933.9,1.3,10,0.0
9118,2023-07-02 14:17:10.865000+00:00,22.7,31.8,54.0,934.0,1.1,96,0.0
9118,2023-07-02 14:18:10.739000+00:00,22.8,31.8,53.0,934.0,1.7,322,0.0
9118,2023-07-02 14:19:10.754000+00:00,22.8,32.1,53.0,934.0,0.6,92,0.0
9118,2023-07-02 14:20:10.768000+00:00,22.8,32.1,53.0,934.0,1.1,30,0.0
9118,2023-07-02 14:21:10.767000+00:00,22.8,32.0,52.0,934.0,0.6,109,0.0
9118,2023-07-02 14:22:10.782000+00:00,22.8,32.0,52.0,934.0,0.6,0,0.0
9118,2023-07-02 14:23:10.796000+00:00,22.9,31.4,52.0,934.0,0.6,55,0.0
9118,2023-07-02 14:24:10.795000+00:00,22.8,31.4,53.0,934.0,0.6,40,0.0
9118,2023-07-02 14:25:10.794000+00:00,22.8,31.3,53.0,934.0,0.8,59,0.0
9118,2023-07-02 14:26:10.809000+00:00,22.7,31.5,53.0,934.0,0.8,27,0.0
9118,2023-07-02 14:27:10.807000+00:00,22.7,31.1,52.0,934.0,0.6,155,0.0
9118,2023-07-02 14:28:10.822000+00:00,22.7,31.5,52.0,934.0,0.8,318,0.0
9118,2023-07-02 14:29:10.915000+00:00,22.6,31.0,53.0,934.0,0.4,118,0.0
9118,2023-07-02 14:30:10.836000+00:00,22.6,31.1,53.0,933.9,1.2,5,0.0
9118,2023-07-02 14:31:10.866000+00:00,22.6,31.1,53.0,933.9,1.2,5,0.0
9118,2023-07-02 14:32:10.865000+00:00,22.6,31.1,53.0,933.9,1.2,5,0.0
9118,2023-07-02 14:33:10.879000+00:00,22.6,31.1,53.0,933.9,1.2,5,0.0
9126,2023-07-09 13:01:13.379000+00:00,22.1,36.2,51.0,1001.4,2.7,233,0.0
9126,2023-07-09 13:02:13.393000+00:00,22.3,36.7,50.0,1001.4,2.2,224,0.0
9126,2023-07-09 13:03:13.377000+00:00,22.4,35.4,50.0,1001.4,3.0,194,0.0
9126,2023-07-09 13:04:13.391000+00:00,22.3,35.3,50.0,1001.4,4.3,176,0.0
9126,2023-07-09 13:05:13.390000+00:00,22.1,35.5,52.0,1001.2,4.9,200,0.0
9126,2023-07-09 13:06:13.389000+00:00,22.2,36.1,52.0,1001.4,5.4,188,0.0
9126,2023-07-09 13:07:13.388000+00:00,22.3,36.1,51.0,1001.5,4.9,183,0.0
9126,2023-07-09 13:08:13.387000+00:00,22.3,36.3,52.0,1001.4,5.0,193,0.0
9126,2023-07-09 13:09:13.386000+00:00,22.2,36.5,52.0,1001.4,4.1,208,0.0
9126,2023-07-09 13:10:13.400000+00:00,22.1,36.7,52.0,1001.4,3.5,189,0.0
9126,2023-07-09 13:11:13.384000+00:00,22.2,36.2,51.0,1001.4,3.0,198,0.0
9126,2023-07-09 13:12:13.383000+00:00,22.1,34.3,53.0,1001.4,3.4,204,0.0
9126,2023-07-09 13:13:13.397000+00:00,22.0,33.9,53.0,1001.2,2.5,195,0.0
9126,2023-07-09 13:14:13.396000+00:00,22.0,33.9,54.0,1001.2,2.4,231,0.0
9126,2023-07-09 13:15:13.395000+00:00,22.0,35.0,52.0,1001.4,3.2,197,0.0
9126,2023-07-09 13:16:13.394000+00:00,21.9,35.3,52.0,1001.4,3.4,217,0.0
9126,2023-07-09 13:17:13.393000+00:00,22.0,35.3,52.0,1001.4,4.0,199,0.0
9126,2023-07-09 13:18:13.392000+00:00,22.1,36.4,50.0,1001.4,4.4,210,0.0
9126,2023-07-09 13:19:13.391000+00:00,22.3,36.5,50.0,1001.5,4.1,198,0.0
9126,2023-07-09 13:20:13.390000+00:00,22.3,36.7,50.0,1001.4,4.3,187,0.0
9126,2023-07-09 13:21:13.389000+00:00,22.3,38.2,51.0,1001.4,4.3,187,0.0
9126,2023-07-09 13:22:13.403000+00:00,22.3,38.2,52.0,1001.4,3.4,189,0.0
9126,2023-07-09 13:23:13.402000+00:00,22.2,37.7,52.0,1001.2,3.0,206,0.0
9126,2023-07-09 13:24:13.401000+00:00,22.2,35.8,51.0,1001.2,3.4,235,0.0
9126,2023-07-09 13:25:13.400000+00:00,22.2,34.0,50.0,1001.2,3.0,231,0.0
9126,2023-07-09 13:26:13.399000+00:00,22.3,34.0,49.0,1001.4,4.0,223,0.0
9126,2023-07-09 13:27:13.445000+00:00,22.4,34.0,50.0,1001.2,4.0,212,0.0
9126,2023-07-09 13:28:13.444000+00:00,22.4,34.0,51.0,1001.2,3.7,188,0.0
9126,2023-07-09 13:29:13.458000+00:00,22.5,32.8,50.0,1001.0,3.0,218,0.0
9126,2023-07-09 13:30:13.457000+00:00,22.5,33.0,49.0,1001.2,3.4,217,0.0
9126,2023-07-09 13:31:13.472000+00:00,22.5,32.8,49.0,1001.0,4.0,220,0.0
9126,2023-07-09 13:32:13.502000+00:00,22.4,32.1,51.0,1001.0,3.5,215,0.0
9126,2023-07-09 13:33:13.501000+00:00,22.4,30.4,50.0,1001.2,3.2,231,0.0
9126,2023-07-09 13:34:13.484000+00:00,22.3,31.0,50.0,1001.2,4.5,189,0.0
9126,2023-07-09 13:35:13.499000+00:00,22.0,31.0,50.0,1001.2,3.7,195,0.0
9126,2023-07-09 13:36:13.498000+00:00,21.9,29.3,51.0,1001.2,4.0,183,0.0
9126,2023-07-09 13:37:13.512000+00:00,21.9,29.3,52.0,1001.2,2.9,199,0.0
9126,2023-07-09 13:38:13.527000+00:00,21.9,29.4,52.0,1001.2,4.0,208,0.0
9126,2023-07-09 13:39:13.526000+00:00,21.8,29.6,52.0,1001.0,4.3,225,0.0
9126,2023-07-09 13:40:13.525000+00:00,21.9,30.6,51.0,1001.2,3.5,206,0.0
9126,2023-07-09 13:41:13.523000+00:00,22.0,31.0,50.0,1001.2,3.5,190,0.0
9126,2023-07-09 13:42:13.522000+00:00,22.0,32.1,51.0,1001.2,4.0,196,0.0
9126,2023-07-09 13:43:13.537000+00:00,22.1,32.1,51.0,1001.0,4.3,193,0.0
9126,2023-07-09 13:44:13.536000+00:00,22.2,30.3,51.0,1001.0,4.6,194,0.0
9126,2023-07-09 13:45:13.535000+00:00,22.3,29.8,51.0,1001.2,5.5,192,0.0
9126,2023-07-09 13:46:13.534000+00:00,22.2,29.5,51.0,1001.2,4.5,201,0.0
9126,2023-07-09 13:47:13.533000+00:00,22.1,29.6,52.0,1001.2,3.5,204,0.0
9126,2023-07-09 13:48:13.547000+00:00,22.0,29.5,52.0,1001.2,3.2,200,0.0
9126,2023-07-09 13:49:13.530000+00:00,22.0,29.5,52.0,1001.2,3.0,203,0.0
9126,2023-07-09 13:50:13.529000+00:00,22.0,29.8,51.0,1001.2,4.5,194,0.0
9126,2023-07-09 13:51:13.528000+00:00,21.9,29.2,52.0,1001.2,3.7,212,0.0
9126,2023-07-09 13:52:13.543000+00:00,21.8,28.5,53.0,1001.2,5.1,197,0.0
9126,2023-07-09 13:53:13.542000+00:00,21.8,28.3,53.0,1001.2,4.3,203,0.0
9126,2023-07-09 13:54:13.541000+00:00,21.7,28.1,54.0,1001.2,3.5,208,0.0
9126,2023-07-09 13:55:13.540000+00:00,21.6,28.6,54.0,1001.2,3.0,211,0.0
9126,2023-07-09 13:56:13.539000+00:00,21.6,28.5,54.0,1001.2,3.0,236,0.0
9126,2023-07-09 13:57:13.538000+00:00,21.6,28.2,54.0,1001.2,3.7,207,0.0
9126,2023-07-09 13:58:13.536000+00:00,21.6,28.0,53.0,1001.2,3.7,181,0.0
9126,2023-07-09 13:59:13.535000+00:00,21.6,27.9,54.0,1001.2,4.0,190,0.0
9126,2023-07-09 14:00:13.534000+00:00,21.5,27.9,54.0,1001.2,3.2,181,0.0
9126,2023-07-09 14:01:13.534000+00:00,21.5,27.7,54.0,1001.2,3.7,195,0.0
9126,2023-07-09 14:02:13.560000+00:00,21.5,27.9,55.0,1001.2,3.4,193,0.0
9126,2023-07-09 14:03:13.547000+00:00,21.4,29.6,54.0,1001.2,3.7,236,0.0
9126,2023-07-09 14:04:13.546000+00:00,21.4,29.6,55.0,1001.2,3.2,237,0.0
9126,2023-07-09 14:05:13.545000+00:00,21.4,29.5,55.0,1001.4,3.2,191,0.0
9126,2023-07-09 14:06:13.544000+00:00,21.5,29.6,54.0,1001.2,2.7,196,0.0
9126,2023-07-09 14:07:13.542000+00:00,21.5,29.4,54.0,1001.2,3.4,238,0.0
9126,2023-07-09 14:08:13.541000+00:00,21.4,29.4,55.0,1001.2,3.2,188,0.0
9126,2023-07-09 14:09:13.540000+00:00,21.4,29.3,55.0,1001.2,3.0,201,0.0
9126,2023-07-09 14:10:13.539000+00:00,21.4,29.3,55.0,1001.2,3.4,221,0.0
9126,2023-07-09 14:11:13.538000+00:00,21.5,29.4,55.0,1001.4,3.2,193,0.0
9126,2023-07-09 14:12:13.537000+00:00,21.4,29.5,55.0,1001.2,3.4,183,0.0
9126,2023-07-09 14:13:13.552000+00:00,21.4,29.3,54.0,1001.2,4.0,198,0.0
9126,2023-07-09 14:14:13.551000+00:00,21.4,29.2,55.0,1001.2,4.0,190,0.0
9126,2023-07-09 14:15:13.550000+00:00,21.5,29.1,55.0,1001.4,3.5,201,0.0
9126,2023-07-09 14:16:13.548000+00:00,21.4,29.1,55.0,1001.2,3.4,185,0.0
9126,2023-07-09 14:17:13.547000+00:00,21.3,29.1,55.0,1001.2,3.5,201,0.0
9126,2023-07-09 14:18:13.546000+00:00,21.3,29.2,55.0,1001.2,3.7,202,0.0
9126,2023-07-09 14:19:13.545000+00:00,21.4,29.2,55.0,1001.2,3.2,203,0.0
9126,2023-07-09 14:20:13.544000+00:00,21.3,29.1,55.0,1001.2,3.0,175,0.0
9126,2023-07-09 14:21:13.559000+00:00,21.3,29.1,55.0,1001.2,4.5,187,0.0
9126,2023-07-09 14:22:13.605000+00:00,21.4,28.9,56.0,1001.2,4.3,189,0.0
9126,2023-07-09 14:23:13.572000+00:00,21.4,28.8,57.0,1001.5,4.5,205,0.0
9126,2023-07-09 14:24:13.556000+00:00,21.4,28.7,58.0,1001.5,3.7,191,0.0
9126,2023-07-09 14:25:13.554000+00:00,21.1,27.8,60.0,1001.5,4.5,229,0.0
9126,2023-07-09 14:26:13.553000+00:00,20.9,27.7,61.0,1001.5,2.5,255,0.0
9126,2023-07-09 14:27:13.552000+00:00,20.7,27.7,63.0,1001.5,1.8,212,0.0
9126,2023-07-09 14:28:13.567000+00:00,20.5,27.8,63.0,1001.5,1.8,241,0.0
9126,2023-07-09 14:29:13.566000+00:00,20.1,27.9,63.0,1001.4,2.2,222,0.0
9126,2023-07-09 14:30:13.565000+00:00,20.1,28.3,64.0,1001.2,2.0,223,0.0
9126,2023-07-09 14:31:13.564000+00:00,20.1,28.3,64.0,1001.5,2.4,229,0.0
9126,2023-07-09 14:32:13.563000+00:00,20.1,28.9,64.0,1001.4,3.4,239,0.0
9126,2023-07-09 14:33:13.562000+00:00,20.2,29.1,64.0,1001.4,3.2,201,0.0
9126,2023-07-09 14:34:13.560000+00:00,20.3,29.3,64.0,1001.2,2.7,217,0.0
9126,2023-07-09 14:35:13.559000+00:00,20.2,29.4,64.0,1001.4,2.0,206,0.0
9126,2023-07-09 14:36:13.558000+00:00,20.2,29.6,64.0,1001.4,2.2,206,0.0
9126,2023-07-09 14:37:13.557000+00:00,20.0,29.6,64.0,1001.2,1.7,222,0.0
9126,2023-07-09 14:38:13.556000+00:00,20.2,29.6,64.0,1001.4,2.5,204,0.0
9126,2023-07-09 14:39:13.555000+00:00,20.2,29.6,63.0,1001.4,0.8,214,0.0
9126,2023-07-09 14:40:13.570000+00:00,20.4,29.7,63.0,1001.4,1.3,202,0.0
9126,2023-07-09 14:41:13.569000+00:00,20.4,30.9,62.0,1001.4,1.7,145,0.0
9126,2023-07-09 14:42:13.556000+00:00,20.5,31.4,62.0,1001.4,1.1,240,0.0
9126,2023-07-09 14:43:13.555000+00:00,20.5,31.7,63.0,1001.4,2.0,220,0.0
9126,2023-07-09 14:44:13.569000+00:00,20.6,32.4,61.0,1001.4,2.4,225,0.0
9126,2023-07-09 14:45:13.568000+00:00,20.8,32.4,62.0,1001.4,1.2,209,0.0
9126,2023-07-09 14:46:13.567000+00:00,20.8,32.8,62.0,1001.4,2.2,192,0.0
9126,2023-07-09 14:47:13.597000+00:00,20.9,33.3,61.0,1001.4,2.5,175,0.0
9126,2023-07-09 14:48:13.565000+00:00,21.0,33.3,61.0,1001.4,1.6,212,0.0
9126,2023-07-09 14:49:13.595000+00:00,21.0,32.7,61.0,1001.4,1.8,195,0.0
9126,2023-07-09 14:50:13.563000+00:00,21.1,32.4,62.0,1001.2,3.0,207,0.0
9126,2023-07-09 14:51:13.562000+00:00,21.0,31.4,62.0,1001.4,2.2,235,0.0
9126,2023-07-09 14:52:13.576000+00:00,21.0,31.4,62.0,1001.2,2.5,197,0.0
9126,2023-07-09 14:53:13.591000+00:00,21.0,30.6,63.0,1001.2,1.3,179,0.0
9126,2023-07-09 14:54:13.606000+00:00,21.0,30.6,63.0,1001.2,1.2,226,0.0
9126,2023-07-09 14:55:13.605000+00:00,21.0,30.5,63.0,1001.2,1.7,201,0.0
9126,2023-07-09 14:56:13.635000+00:00,20.9,30.5,63.0,1001.2,1.3,246,0.0
9126,2023-07-09 14:57:13.634000+00:00,20.9,30.3,62.0,1001.2,1.8,190,0.0
9126,2023-07-09 14:58:13.648000+00:00,20.9,30.1,63.0,1001.2,1.1,238,0.0
9126,2023-07-09 14:59:13.663000+00:00,21.0,30.1,62.0,1001.2,1.7,247,0.0
9126,2023-07-09 15:00:13.662000+00:00,21.0,30.1,63.0,1001.2,1.3,236,0.0
9126,2023-07-09 15:01:13.661000+00:00,20.8,29.8,63.0,1001.2,1.5,217,0.0
9126,2023-07-09 15:02:13.675000+00:00,20.9,29.7,63.0,1001.2,2.0,256,0.0
9126,2023-07-09 15:03:13.674000+00:00,20.9,29.7,63.0,1001.2,0.8,246,0.0
9126,2023-07-09 15:04:13.689000+00:00,20.9,29.4,63.0,1001.0,1.2,218,0.0
9126,2023-07-09 15:05:13.672000+00:00,20.9,29.4,63.0,1001.2,1.8,199,0.0
9126,2023-07-09 15:06:13.671000+00:00,20.9,29.7,63.0,1001.0,0.8,188,0.0
9126,2023-07-09 15:07:13.670000+00:00,20.9,29.5,64.0,1001.0,1.1,173,0.0
9126,2023-07-09 15:08:13.669000+00:00,21.0,29.3,64.0,1001.2,1.2,201,0.0
9126,2023-07-09 15:09:13.668000+00:00,21.0,29.5,63.0,1001.0,1.1,218,0.0
9126,2023-07-09 15:10:13.667000+00:00,21.0,29.7,63.0,1001.0,1.5,230,0.0
9126,2023-07-09 15:11:13.681000+00:00,21.1,29.7,62.0,1001.0,2.4,192,0.0
9126,2023-07-09 15:12:13.680000+00:00,21.2,29.9,61.0,1001.0,1.0,192,0.0
9126,2023-07-09 15:13:13.695000+00:00,21.3,29.9,62.0,1001.0,1.7,200,0.0
9126,2023-07-09 15:14:13.709000+00:00,21.4,30.7,61.0,1001.0,1.7,177,0.0
9126,2023-07-09 15:15:13.708000+00:00,21.4,31.1,57.0,1001.0,2.0,220,0.0
9126,2023-07-09 15:16:13.723000+00:00,21.4,30.9,58.0,1001.0,2.2,215,0.0
9126,2023-07-09 15:17:13.737000+00:00,21.4,30.4,57.0,1001.0,2.0,212,0.0
9126,2023-07-09 15:18:13.752000+00:00,21.4,30.3,57.0,1001.0,3.0,186,0.0
9126,2023-07-09 15:19:13.766000+00:00,21.4,30.1,58.0,1001.0,2.7,199,0.0
9126,2023-07-09 15:20:13.750000+00:00,21.4,30.0,59.0,1001.0,2.4,192,0.0
9126,2023-07-09 15:21:13.764000+00:00,21.5,30.0,58.0,1001.0,2.4,229,0.0
9126,2023-07-09 15:22:13.748000+00:00,21.5,29.9,57.0,1001.0,3.2,184,0.0
9126,2023-07-09 15:23:13.762000+00:00,21.5,29.6,54.0,1001.0,3.4,188,0.0
9126,2023-07-09 15:24:13.792000+00:00,21.6,29.6,54.0,1000.9,4.3,200,0.0
9126,2023-07-09 15:25:13.807000+00:00,21.6,29.7,54.0,1001.0,4.0,182,0.0
9126,2023-07-09 15:26:13.806000+00:00,21.7,30.2,54.0,1001.0,3.7,203,0.0
9126,2023-07-09 15:27:13.805000+00:00,21.8,30.2,53.0,1001.0,3.5,188,0.0
9126,2023-07-09 15:28:13.804000+00:00,21.8,29.8,52.0,1001.0,4.8,193,0.0
9126,2023-07-09 15:29:13.834000+00:00,21.8,29.6,53.0,1001.0,3.4,187,0.0
9126,2023-07-09 15:30:13.802000+00:00,21.8,29.4,53.0,1000.9,3.0,208,0.0
9126,2023-07-09 15:31:13.800000+00:00,21.8,29.3,53.0,1001.0,4.1,192,0.0
9133,2023-07-23 12:01:53.448000+00:00,28.0,50.9,34.0,989.0,1.8,287,0.0
9133,2023-07-23 12:02:53.463000+00:00,28.1,50.9,32.0,989.0,1.2,195,0.0
9133,2023-07-23 12:03:53.462000+00:00,28.0,51.0,33.0,989.0,0.8,334,0.0
9133,2023-07-23 12:04:53.461000+00:00,28.1,51.4,32.0,989.0,2.5,300,0.0
9133,2023-07-23 12:05:53.475000+00:00,28.1,51.4,32.0,989.0,2.5,318,0.0
9133,2023-07-23 12:06:53.490000+00:00,28.0,50.7,33.0,989.0,1.8,98,0.0
9133,2023-07-23 12:07:53.489000+00:00,27.9,50.5,34.0,989.0,1.1,265,0.0
9133,2023-07-23 12:08:53.503000+00:00,27.9,49.2,33.0,989.0,2.4,281,0.0
9133,2023-07-23 12:09:53.502000+00:00,27.9,49.2,34.0,989.0,2.0,190,0.0
9133,2023-07-23 12:10:53.501000+00:00,27.8,49.2,35.0,989.0,1.1,116,0.0
9133,2023-07-23 12:11:53.531000+00:00,27.7,49.2,34.0,988.9,0.6,152,0.0
9133,2023-07-23 12:12:53.530000+00:00,27.7,51.3,34.0,989.0,1.2,264,0.0
9133,2023-07-23 12:13:53.529000+00:00,27.7,51.3,33.0,989.0,2.5,306,0.0
9133,2023-07-23 12:14:53.528000+00:00,27.8,50.5,33.0,989.0,1.2,353,0.0
9133,2023-07-23 12:15:53.527000+00:00,28.0,50.3,33.0,989.0,1.2,35,0.0
9133,2023-07-23 12:16:53.526000+00:00,28.1,50.5,33.0,988.9,1.0,156,0.0
9133,2023-07-23 12:17:53.525000+00:00,28.1,50.7,33.0,989.0,1.7,144,0.0
9133,2023-07-23 12:18:53.524000+00:00,28.0,50.7,33.0,988.9,0.8,169,0.0
9133,2023-07-23 12:19:53.538000+00:00,28.2,50.7,32.0,989.0,0.8,211,0.0
9133,2023-07-23 12:20:53.522000+00:00,28.2,50.5,33.0,989.0,1.5,2,0.0
9133,2023-07-23 12:21:53.521000+00:00,28.0,50.3,32.0,989.0,1.1,114,0.0
9133,2023-07-23 12:22:53.535000+00:00,28.0,50.1,32.0,988.9,1.5,158,0.0
9133,2023-07-23 12:23:53.534000+00:00,28.0,50.0,34.0,988.7,0.8,59,0.0
9133,2023-07-23 12:24:53.533000+00:00,28.0,50.1,33.0,988.9,1.1,110,0.0
9133,2023-07-23 12:25:53.548000+00:00,28.1,50.0,34.0,988.9,1.2,59,0.0
9133,2023-07-23 12:26:53.531000+00:00,28.1,50.0,33.0,988.9,1.7,212,0.0
9133,2023-07-23 12:27:53.530000+00:00,28.2,50.0,32.0,988.9,1.6,75,0.0
9133,2023-07-23 12:28:53.529000+00:00,28.3,48.6,32.0,988.9,2.0,188,0.0
9133,2023-07-23 12:29:53.528000+00:00,28.3,49.1,33.0,988.9,1.6,225,0.0
9133,2023-07-23 12:30:53.542000+00:00,28.3,49.2,34.0,988.7,1.7,257,0.0
9133,2023-07-23 12:31:53.541000+00:00,28.3,49.9,34.0,988.7,1.3,60,0.0
9133,2023-07-23 12:32:53.571000+00:00,28.3,49.7,33.0,988.7,1.1,138,0.0
9133,2023-07-23 12:33:53.586000+00:00,28.2,49.7,34.0,988.7,1.0,193,0.0
9133,2023-07-23 12:34:53.585000+00:00,28.2,49.5,34.0,988.7,1.0,285,0.0
9133,2023-07-23 12:35:53.584000+00:00,28.1,49.5,34.0,988.7,0.8,182,0.0
9133,2023-07-23 12:36:53.583000+00:00,28.3,48.4,33.0,988.7,1.3,190,0.0
9133,2023-07-23 12:37:53.597000+00:00,28.3,48.3,34.0,988.7,1.6,219,0.0
9133,2023-07-23 12:38:53.627000+00:00,28.3,49.1,33.0,988.9,2.0,90,0.0
9133,2023-07-23 12:39:53.642000+00:00,28.3,49.1,34.0,988.9,1.1,203,0.0
9133,2023-07-23 12:40:53.641000+00:00,28.4,49.2,34.0,988.7,1.5,158,0.0
9133,2023-07-23 12:41:53.640000+00:00,28.4,49.2,34.0,988.9,1.7,197,0.0
9133,2023-07-23 12:42:53.639000+00:00,28.3,48.7,34.0,988.7,1.0,145,0.0
9133,2023-07-23 12:43:53.638000+00:00,28.2,48.7,34.0,988.7,0.8,141,0.0
9133,2023-07-23 12:44:53.637000+00:00,28.2,47.7,34.0,988.7,0.8,81,0.0
9133,2023-07-23 12:45:53.651000+00:00,28.2,47.9,34.0,988.7,0.8,320,0.0
9133,2023-07-23 12:46:53.650000+00:00,28.1,48.6,34.0,988.7,1.2,114,0.0
9133,2023-07-23 12:47:53.649000+00:00,28.1,49.0,34.0,988.7,0.8,56,0.0
9133,2023-07-23 12:48:53.648000+00:00,28.3,49.0,34.0,988.7,0.8,158,0.0
9133,2023-07-23 12:49:53.663000+00:00,28.3,49.0,34.0,988.7,1.8,113,0.0
9133,2023-07-23 12:50:53.677000+00:00,28.4,48.4,34.0,988.7,2.2,113,0.0
9133,2023-07-23 12:51:53.676000+00:00,28.5,48.4,33.0,988.5,1.7,83,0.0
9133,2023-07-23 12:52:53.675000+00:00,28.5,47.7,33.0,988.7,1.5,329,0.0
9133,2023-07-23 12:53:53.674000+00:00,28.5,47.2,34.0,988.7,1.7,125,0.0
9133,2023-07-23 12:54:53.673000+00:00,28.5,46.6,34.0,988.5,2.0,131,0.0
9133,2023-07-23 12:55:53.672000+00:00,28.5,49.6,34.0,988.7,1.2,262,0.0
9133,2023-07-23 12:56:53.671000+00:00,28.6,49.6,34.0,988.5,1.5,74,0.0
9133,2023-07-23 12:57:53.670000+00:00,28.6,49.6,34.0,988.5,1.3,48,0.0
9133,2023-07-23 12:58:53.684000+00:00,28.6,49.4,33.0,988.7,1.2,61,0.0
9133,2023-07-23 12:59:53.683000+00:00,28.5,49.8,34.0,988.5,0.8,5,0.0
9133,2023-07-23 13:00:53.682000+00:00,28.5,50.1,34.0,988.5,0.8,240,0.0
9133,2023-07-23 13:01:53.681000+00:00,28.5,50.3,33.0,988.7,1.1,329,0.0
9133,2023-07-23 13:02:53.680000+00:00,28.5,50.3,32.0,988.7,1.5,216,0.0
9133,2023-07-23 13:03:53.679000+00:00,28.7,50.1,33.0,988.5,1.1,0,0.0
9133,2023-07-23 13:04:53.678000+00:00,28.8,49.5,34.0,988.5,0.8,201,0.0
9133,2023-07-23 13:05:53.677000+00:00,28.8,49.9,34.0,988.5,0.6,110,0.0
9133,2023-07-23 13:06:53.675000+00:00,28.8,50.1,33.0,988.5,1.8,36,0.0
9133,2023-07-23 13:07:53.674000+00:00,28.8,50.1,33.0,988.5,1.5,134,0.0
9133,2023-07-23 13:08:53.673000+00:00,28.8,49.2,34.0,988.5,2.7,117,0.0
9133,2023-07-23 13:09:53.688000+00:00,28.9,49.6,34.0,988.5,1.1,314,0.0
9133,2023-07-23 13:10:53.687000+00:00,29.0,50.1,32.0,988.5,1.6,236,0.0
9133,2023-07-23 13:11:53.686000+00:00,29.1,49.6,33.0,988.4,2.5,269,0.0
9133,2023-07-23 13:12:53.685000+00:00,29.1,49.2,33.0,988.4,1.3,225,0.0
9133,2023-07-23 13:13:53.699000+00:00,29.1,49.2,34.0,988.4,2.2,111,0.0
9133,2023-07-23 13:14:53.683000+00:00,29.0,49.2,33.0,988.5,2.0,170,0.0
9133,2023-07-23 13:15:53.681000+00:00,29.0,49.9,32.0,988.5,1.7,58,0.0
9133,2023-07-23 13:16:53.680000+00:00,29.0,49.5,32.0,988.5,1.1,224,0.0
9133,2023-07-23 13:17:53.711000+00:00,28.9,49.5,32.0,988.5,1.7,136,0.0
9133,2023-07-23 13:18:53.694000+00:00,29.0,49.6,32.0,988.4,1.2,155,0.0
9133,2023-07-23 13:19:53.708000+00:00,29.0,49.6,31.0,988.5,1.5,183,0.0
9133,2023-07-23 13:20:53.723000+00:00,29.1,49.3,31.0,988.4,1.7,107,0.0
9133,2023-07-23 13:21:53.739000+00:00,29.1,49.3,31.0,988.2,0.6,68,0.0
9133,2023-07-23 13:22:53.736000+00:00,29.0,49.0,32.0,988.2,1.5,103,0.0
9133,2023-07-23 13:23:53.735000+00:00,29.0,49.1,31.0,988.2,1.2,298,0.0
9133,2023-07-23 13:24:53.734000+00:00,29.1,50.1,32.0,988.2,1.5,194,0.0
9133,2023-07-23 13:25:53.733000+00:00,29.1,50.0,33.0,988.2,1.8,128,0.0
9133,2023-07-23 13:26:53.732000+00:00,29.3,49.9,32.0,988.4,1.2,252,0.0
9133,2023-07-23 13:27:53.731000+00:00,29.4,48.6,33.0,988.4,2.5,322,0.0
9133,2023-07-23 13:28:53.761000+00:00,29.4,48.6,32.0,988.4,1.2,268,0.0
9133,2023-07-23 13:29:53.760000+00:00,29.3,48.5,32.0,988.2,1.1,342,0.0
9133,2023-07-23 13:30:53.775000+00:00,29.3,48.9,32.0,988.2,1.1,135,0.0
9133,2023-07-23 13:31:53.789000+00:00,29.2,49.2,32.0,988.2,0.8,129,0.0
9133,2023-07-23 13:32:53.788000+00:00,29.0,49.3,33.0,988.5,1.2,203,0.0
9133,2023-07-23 13:33:53.787000+00:00,28.9,48.6,33.0,988.2,2.2,329,0.0
9133,2023-07-23 13:34:53.802000+00:00,29.0,49.3,33.0,988.4,1.6,340,0.0
9133,2023-07-23 13:35:53.832000+00:00,28.9,49.3,33.0,988.4,1.6,340,0.0
9133,2023-07-23 13:36:53.815000+00:00,28.9,49.3,32.0,988.4,1.5,302,0.0
9133,2023-07-23 13:37:53.830000+00:00,29.0,48.8,33.0,988.2,2.0,38,0.0
9133,2023-07-23 13:38:53.829000+00:00,29.0,48.3,33.0,988.2,0.6,314,0.0
9133,2023-07-23 13:39:53.828000+00:00,29.0,48.2,33.0,988.2,1.1,241,0.0
9133,2023-07-23 13:40:53.827000+00:00,29.0,48.6,33.0,988.4,1.2,186,0.0
9133,2023-07-23 13:41:53.826000+00:00,29.0,48.5,32.0,988.2,1.2,316,0.0
9133,2023-07-23 13:42:53.824000+00:00,29.1,48.1,33.0,988.2,1.6,347,0.0
9133,2023-07-23 13:43:53.830000+00:00,29.1,48.5,33.0,988.2,1.1,153,0.0
9133,2023-07-23 13:44:53.829000+00:00,29.1,48.5,33.0,988.2,1.7,67,0.0
9133,2023-07-23 13:45:53.828000+00:00,29.3,48.6,33.0,988.2,1.2,114,0.0
9133,2023-07-23 13:46:53.826000+00:00,29.3,48.5,33.0,988.2,2.2,111,0.0
9133,2023-07-23 13:47:53.825000+00:00,29.3,48.2,34.0,988.2,2.5,241,0.0
9133,2023-07-23 13:48:53.840000+00:00,29.3,48.2,33.0,988.2,1.6,236,0.0
9133,2023-07-23 13:49:53.839000+00:00,29.3,48.5,32.0,988.2,2.2,293,0.0
9133,2023-07-23 13:50:53.822000+00:00,29.2,48.5,32.0,988.2,1.5,340,0.0
9133,2023-07-23 13:51:53.837000+00:00,29.3,48.5,32.0,988.2,1.7,134,0.0
9133,2023-07-23 13:52:53.836000+00:00,29.3,48.5,33.0,988.2,1.8,111,0.0
9133,2023-07-23 13:53:53.835000+00:00,29.2,48.1,32.0,988.2,2.4,108,0.0
9133,2023-07-23 13:54:53.834000+00:00,29.2,47.7,32.0,988.2,1.7,129,0.0
9133,2023-07-23 13:55:53.832000+00:00,29.3,47.5,32.0,988.2,1.5,124,0.0
9133,2023-07-23 13:56:53.831000+00:00,29.3,47.4,32.0,988.2,1.8,107,0.0
9133,2023-07-23 13:57:53.830000+00:00,29.3,47.4,32.0,988.2,1.2,0,0.0
9133,2023-07-23 13:58:53.845000+00:00,29.2,47.4,32.0,988.2,0.8,170,0.0
9133,2023-07-23 13:59:53.828000+00:00,29.2,47.4,33.0,988.0,1.3,219,0.0
9133,2023-07-23 14:00:53.843000+00:00,29.3,47.4,33.0,988.2,0.6,193,0.0
9133,2023-07-23 14:01:53.842000+00:00,29.3,47.5,33.0,988.2,0.8,137,0.0
9133,2023-07-23 14:02:53.856000+00:00,29.3,48.1,33.0,988.0,2.0,91,0.0
9133,2023-07-23 14:03:53.855000+00:00,29.2,48.1,32.0,988.0,2.0,92,0.0
9133,2023-07-23 14:04:53.870000+00:00,29.1,48.1,32.0,988.0,1.7,101,0.0
9133,2023-07-23 14:05:53.884000+00:00,29.0,48.0,32.0,988.0,1.7,351,0.0
9133,2023-07-23 14:06:53.883000+00:00,29.0,48.0,32.0,988.0,1.8,106,0.0
9133,2023-07-23 14:07:53.898000+00:00,29.1,47.9,32.0,988.0,1.3,232,0.0
9133,2023-07-23 14:08:53.897000+00:00,29.1,47.6,33.0,988.2,0.8,214,0.0
9133,2023-07-23 14:09:53.911000+00:00,29.2,47.6,32.0,988.0,1.7,39,0.0
9133,2023-07-23 14:10:53.926000+00:00,29.2,47.1,32.0,988.0,1.3,72,0.0
9133,2023-07-23 14:11:53.925000+00:00,29.2,47.1,33.0,988.0,2.2,179,0.0
9133,2023-07-23 14:12:53.939000+00:00,29.1,47.0,32.0,988.0,1.1,146,0.0
9133,2023-07-23 14:13:53.938000+00:00,29.0,47.0,33.0,988.0,1.2,134,0.0
9133,2023-07-23 14:14:53.937000+00:00,29.0,46.9,33.0,988.0,1.7,17,0.0
9133,2023-07-23 14:15:53.952000+00:00,29.1,47.5,33.0,988.0,1.0,135,0.0
9133,2023-07-23 14:16:53.951000+00:00,29.2,47.2,32.0,987.9,2.4,130,0.0
9133,2023-07-23 14:17:53.950000+00:00,29.3,47.5,32.0,988.0,2.2,149,0.0
9133,2023-07-23 14:18:53.980000+00:00,29.4,47.5,31.0,988.0,1.7,81,0.0
9133,2023-07-23 14:19:53.963000+00:00,29.4,46.8,32.0,988.0,2.0,55,0.0
9133,2023-07-23 14:20:53.978000+00:00,29.3,46.8,32.0,988.0,1.3,145,0.0
9133,2023-07-23 14:21:53.977000+00:00,29.3,46.8,32.0,988.0,1.7,109,0.0
9133,2023-07-23 14:22:53.976000+00:00,29.2,46.6,32.0,987.9,1.1,277,0.0
9133,2023-07-23 14:23:53.975000+00:00,29.4,46.7,32.0,988.0,1.5,324,0.0
9133,2023-07-23 14:24:53.973000+00:00,29.4,47.1,32.0,987.9,2.5,3,0.0
9133,2023-07-23 14:25:53.972000+00:00,29.5,47.1,32.0,988.0,1.1,99,0.0
9133,2023-07-23 14:26:53.971000+00:00,29.5,46.3,32.0,987.9,1.2,106,0.0
9133,2023-07-23 14:27:53.970000+00:00,29.5,46.4,33.0,987.9,1.3,121,0.0
9133,2023-07-23 14:28:53.985000+00:00,29.6,46.5,33.0,987.9,1.6,293,0.0
9133,2023-07-23 14:29:53.984000+00:00,29.5,46.4,32.0,987.9,1.3,240,0.0
9133,2023-07-23 14:30:53.983000+00:00,29.5,46.2,32.0,987.9,2.0,307,0.0
9133,2023-07-23 14:31:53.982000+00:00,29.5,46.1,32.0,988.0,1.2,335,0.0
9133,2023-07-23 14:32:53.981000+00:00,29.5,46.1,32.0,987.9,1.1,181,0.0
9133,2023-07-23 14:33:53.980000+00:00,29.4,46.1,33.0,987.9,1.5,105,0.0
9133,2023-07-23 14:34:53.978000+00:00,29.3,46.0,33.0,988.0,1.1,282,0.0
9133,2023-07-23 14:35:53.977000+00:00,29.3,45.9,32.0,988.0,1.7,16,0.0
9133,2023-07-23 14:36:53.992000+00:00,29.4,45.8,33.0,987.9,1.1,108,0.0
9133,2023-07-23 14:37:53.975000+00:00,29.3,45.6,32.0,988.0,1.7,345,0.0
9133,2023-07-23 14:38:53.990000+00:00,29.3,46.0,32.0,988.0,0.4,0,0.0
9133,2023-07-23 14:39:54.020000+00:00,29.4,45.7,32.0,987.7,1.2,336,0.0
9133,2023-07-23 14:40:53.988000+00:00,29.4,45.7,32.0,987.9,1.2,154,0.0
9133,2023-07-23 14:41:53.987000+00:00,29.4,45.5,32.0,987.7,1.2,248,0.0
9133,2023-07-23 14:42:54.001000+00:00,29.4,45.5,33.0,987.7,1.6,0,0.0
9133,2023-07-23 14:43:54.016000+00:00,29.3,45.7,32.0,987.7,1.0,253,0.0
9133,2023-07-23 14:44:54.015000+00:00,29.3,45.7,32.0,987.7,1.0,253,0.0
9140,2023-07-29 14:20:19.435000+00:00,21.0,30.7,65.0,961.5,1.5,238,0.0
9140,2023-07-29 14:21:19.435000+00:00,21.0,30.8,65.0,961.4,0.8,0,0.0
9140,2023-07-29 14:22:19.434000+00:00,21.0,31.6,65.0,961.4,0.5,123,0.0
9140,2023-07-29 14:23:19.433000+00:00,21.1,31.7,65.0,961.4,1.7,144,0.0
9140,2023-07-29 14:24:19.433000+00:00,21.3,31.6,66.0,961.5,2.0,152,0.0
9140,2023-07-29 14:25:19.479000+00:00,21.5,31.5,65.0,961.5,1.6,98,0.0
9140,2023-07-29 14:26:19.431000+00:00,21.5,31.7,65.0,961.2,2.2,267,0.0
9140,2023-07-29 14:27:19.431000+00:00,21.6,31.7,65.0,961.4,1.2,335,0.0
9140,2023-07-29 14:28:19.461000+00:00,21.6,31.7,65.0,961.2,0.8,166,0.0
9140,2023-07-29 14:29:19.461000+00:00,21.7,31.8,66.0,961.4,1.2,155,0.0
9140,2023-07-29 14:30:19.444000+00:00,21.7,31.1,66.0,961.4,1.7,0,0.0
9140,2023-07-29 14:31:19.444000+00:00,21.6,30.7,64.0,961.4,1.6,206,0.0
9140,2023-07-29 14:32:19.443000+00:00,21.6,30.6,64.0,961.2,1.7,142,0.0
9140,2023-07-29 14:33:19.442000+00:00,21.5,30.6,65.0,961.4,2.2,90,0.0
9140,2023-07-29 14:34:19.442000+00:00,21.4,30.6,64.0,961.4,1.2,99,0.0
9140,2023-07-29 14:35:19.441000+00:00,21.4,30.6,64.0,961.4,1.2,129,0.0
9140,2023-07-29 14:36:19.440000+00:00,21.4,30.5,65.0,961.4,1.5,127,0.0
9140,2023-07-29 14:37:19.455000+00:00,21.4,30.5,65.0,961.5,1.0,346,0.0
9140,2023-07-29 14:38:19.439000+00:00,21.4,31.2,64.0,961.4,1.0,134,0.0
9140,2023-07-29 14:39:19.438000+00:00,21.5,31.6,65.0,961.4,1.7,227,0.0
9140,2023-07-29 14:40:19.453000+00:00,21.5,31.6,65.0,961.4,0.8,339,1.0
9140,2023-07-29 14:41:19.437000+00:00,21.4,31.2,64.0,961.4,0.6,161,1.0
9140,2023-07-29 14:42:19.436000+00:00,21.3,31.2,65.0,961.4,2.0,142,1.0
9140,2023-07-29 14:43:19.451000+00:00,21.2,30.5,66.0,961.4,1.2,289,1.0
9140,2023-07-29 14:44:19.435000+00:00,21.1,30.1,66.0,961.5,0.8,146,1.0
9140,2023-07-29 14:45:19.434000+00:00,21.0,30.1,66.0,961.5,1.6,200,1.0
9140,2023-07-29 14:46:19.449000+00:00,21.0,30.0,64.0,961.4,1.7,40,1.0
9140,2023-07-29 14:47:19.449000+00:00,21.0,29.6,65.0,961.5,2.5,149,1.0
9140,2023-07-29 14:48:19.448000+00:00,21.0,29.6,65.0,961.5,1.2,88,1.0
9140,2023-07-29 14:49:19.432000+00:00,20.9,29.4,65.0,961.5,1.3,121,1.0
9140,2023-07-29 14:50:19.447000+00:00,20.9,29.3,65.0,961.5,1.2,113,1.0
9140,2023-07-29 14:51:19.446000+00:00,20.7,29.0,66.0,961.5,1.2,147,1.0
9140,2023-07-29 14:52:19.445000+00:00,20.6,29.0,66.0,961.5,0.8,61,1.0
9140,2023-07-29 14:53:19.445000+00:00,20.6,29.0,66.0,961.5,1.3,123,1.0
9140,2023-07-29 14:54:19.460000+00:00,20.6,29.0,67.0,961.5,1.8,109,1.0
9140,2023-07-29 14:55:19.443000+00:00,20.5,28.7,67.0,961.5,0.6,107,1.0
9140,2023-07-29 14:56:19.443000+00:00,20.5,28.7,67.0,961.5,1.1,110,0.0
9140,2023-07-29 14:57:19.458000+00:00,20.5,28.9,67.0,961.5,0.8,88,0.0
9140,2023-07-29 14:58:19.441000+00:00,20.5,29.0,67.0,961.5,0.8,136,0.0
9140,2023-07-29 14:59:19.456000+00:00,20.4,28.9,67.0,961.5,1.2,152,0.0
9140,2023-07-29 15:00:19.456000+00:00,20.3,28.5,68.0,961.5,1.5,89,0.0
9140,2023-07-29 15:01:19.455000+00:00,20.3,28.4,68.0,961.5,1.0,134,1.0
9140,2023-07-29 15:02:19.454000+00:00,20.2,28.3,68.0,961.7,1.1,129,1.0
9140,2023-07-29 15:03:19.469000+00:00,20.1,27.8,71.0,961.7,1.2,258,1.0
9140,2023-07-29 15:04:19.484000+00:00,19.9,27.0,71.0,961.7,0.8,126,1.0
9140,2023-07-29 15:05:19.483000+00:00,19.8,26.5,73.0,961.9,2.5,140,1.0
9140,2023-07-29 15:06:19.498000+00:00,19.6,25.9,76.0,961.9,2.5,127,1.0
9140,2023-07-29 15:07:19.513000+00:00,19.2,24.1,78.0,961.7,3.0,159,1.0
9140,2023-07-29 15:08:19.497000+00:00,18.9,22.8,80.0,961.7,1.5,145,1.0
9140,2023-07-29 15:09:19.496000+00:00,18.5,22.8,81.0,961.7,0.8,218,1.0
9140,2023-07-29 15:10:19.496000+00:00,18.3,22.8,83.0,961.7,1.0,238,1.0
9140,2023-07-29 15:11:19.526000+00:00,18.2,23.6,85.0,961.5,0.6,85,1.0
9140,2023-07-29 15:12:19.526000+00:00,18.3,24.0,85.0,961.7,1.3,176,1.0
9140,2023-07-29 15:13:19.525000+00:00,18.1,24.6,84.0,961.7,0.8,112,1.0
9140,2023-07-29 15:14:19.524000+00:00,18.0,24.5,84.0,961.5,1.2,265,1.0
9140,2023-07-29 15:15:19.539000+00:00,17.9,24.3,84.0,961.7,0.6,81,1.0
9140,2023-07-29 15:16:19.601000+00:00,17.8,24.2,86.0,961.7,0.6,52,1.0
9140,2023-07-29 15:17:19.554000+00:00,17.8,24.1,87.0,961.5,0.4,179,1.0
9140,2023-07-29 15:18:19.569000+00:00,17.7,24.1,86.0,961.7,1.1,149,1.0
9140,2023-07-29 15:19:19.568000+00:00,17.6,24.1,86.0,961.5,0.6,215,1.0
9140,2023-07-29 15:20:19.567000+00:00,17.7,24.2,86.0,961.7,0.8,205,1.0
9140,2023-07-29 15:21:19.582000+00:00,17.7,24.8,87.0,961.5,0.8,141,0.0
9140,2023-07-29 15:22:19.597000+00:00,18.0,25.7,88.0,961.7,1.0,110,0.0
9140,2023-07-29 15:23:19.581000+00:00,18.0,25.8,88.0,961.5,0.8,162,1.0
9140,2023-07-29 15:24:19.596000+00:00,18.0,25.8,87.0,961.7,0.5,99,1.0
9140,2023-07-29 15:25:19.595000+00:00,18.1,26.7,88.0,961.7,1.0,15,0.0
9140,2023-07-29 15:26:19.594000+00:00,18.2,26.6,86.0,961.7,0.6,53,0.0
9140,2023-07-29 15:27:19.578000+00:00,18.3,26.6,87.0,961.7,0.5,306,0.0
9140,2023-07-29 15:28:19.609000+00:00,18.4,26.5,87.0,961.5,0.3,146,0.0
9140,2023-07-29 15:29:19.592000+00:00,18.5,26.4,88.0,961.5,0.6,116,0.0
9140,2023-07-29 15:30:19.592000+00:00,18.6,26.3,87.0,961.5,0.8,167,0.0
9140,2023-07-29 15:31:19.607000+00:00,18.5,26.3,86.0,961.4,1.1,104,0.0
9140,2023-07-29 15:32:19.590000+00:00,18.5,26.2,87.0,961.5,0.6,150,0.0
9140,2023-07-29 15:33:19.605000+00:00,18.6,26.0,87.0,961.5,0.5,157,0.0
9140,2023-07-29 15:34:19.605000+00:00,18.6,25.9,88.0,961.5,0.8,110,0.0
9140,2023-07-29 15:35:19.588000+00:00,18.6,25.9,86.0,961.5,1.0,171,0.0
9140,2023-07-29 15:36:19.619000+00:00,18.6,25.9,85.0,961.5,1.2,127,0.0
9140,2023-07-29 15:37:19.618000+00:00,18.5,25.7,85.0,961.5,0.8,99,0.0
9140,2023-07-29 15:38:19.618000+00:00,18.4,25.7,85.0,961.5,0.5,92,0.0
9140,2023-07-29 15:39:19.633000+00:00,18.5,25.5,86.0,961.5,1.1,165,0.0
9140,2023-07-29 15:40:19.648000+00:00,18.5,25.5,85.0,961.5,0.6,139,0.0
9140,2023-07-29 15:41:19.631000+00:00,18.5,25.7,86.0,961.5,1.7,127,0.0
9140,2023-07-29 15:42:19.646000+00:00,18.6,25.9,87.0,961.5,0.6,100,0.0
9140,2023-07-29 15:43:19.646000+00:00,18.6,25.9,84.0,961.5,1.0,130,0.0
9140,2023-07-29 15:44:19.645000+00:00,18.7,25.8,86.0,961.5,1.6,94,0.0
9140,2023-07-29 15:45:19.660000+00:00,18.8,25.9,87.0,961.4,0.8,168,0.0
9140,2023-07-29 15:46:19.675000+00:00,18.9,26.6,84.0,961.5,0.0,0,0.0
9140,2023-07-29 15:47:19.690000+00:00,18.9,26.7,85.0,961.5,0.8,25,0.0
9140,2023-07-29 15:48:19.689000+00:00,18.9,26.7,84.0,961.5,0.5,193,0.0
9140,2023-07-29 15:49:19.704000+00:00,18.9,26.7,83.0,961.5,0.8,39,0.0
9140,2023-07-29 15:50:19.719000+00:00,19.0,26.7,82.0,961.5,1.1,156,0.0
9140,2023-07-29 15:51:19.718000+00:00,19.0,26.6,81.0,961.5,1.1,243,0.0
9140,2023-07-29 15:52:19.718000+00:00,19.0,26.6,83.0,961.5,0.0,148,0.0
9140,2023-07-29 15:53:19.748000+00:00,19.1,26.6,82.0,961.5,1.2,140,0.0
9140,2023-07-29 15:54:19.732000+00:00,19.1,26.7,83.0,961.4,1.3,147,0.0
9140,2023-07-29 15:55:19.731000+00:00,19.1,26.7,81.0,961.5,1.6,141,0.0
9140,2023-07-29 15:56:19.731000+00:00,19.1,26.6,83.0,961.5,1.2,161,0.0
9140,2023-07-29 15:57:19.746000+00:00,19.1,26.4,80.0,961.5,1.2,156,0.0
9140,2023-07-29 15:58:19.729000+00:00,18.9,26.0,82.0,961.5,1.3,74,0.0
9140,2023-07-29 15:59:19.729000+00:00,19.0,25.8,83.0,961.4,0.8,137,0.0
9140,2023-07-29 16:00:19.728000+00:00,19.0,25.8,82.0,961.5,1.5,147,0.0
9140,2023-07-29 16:01:19.759000+00:00,19.0,25.6,82.0,961.5,1.0,92,0.0
9140,2023-07-29 16:02:19.742000+00:00,19.0,25.8,82.0,961.5,0.8,135,0.0
9140,2023-07-29 16:03:19.726000+00:00,18.9,25.9,82.0,961.5,1.6,167,0.0
9140,2023-07-29 16:04:19.725000+00:00,18.9,25.9,82.0,961.5,0.8,109,0.0
9140,2023-07-29 16:05:19.740000+00:00,18.9,25.7,82.0,961.5,1.7,105,0.0
9140,2023-07-29 16:06:19.771000+00:00,18.9,25.7,82.0,961.5,1.6,191,0.0
9140,2023-07-29 16:07:19.755000+00:00,19.0,25.7,82.0,961.5,0.0,139,0.0
9140,2023-07-29 16:08:19.754000+00:00,19.0,25.8,83.0,961.5,1.8,99,0.0
9140,2023-07-29 16:09:19.769000+00:00,19.1,26.1,81.0,961.5,1.0,85,0.0
9140,2023-07-29 16:10:19.799000+00:00,19.1,25.7,80.0,961.5,1.1,138,0.0
9140,2023-07-29 16:11:19.783000+00:00,19.1,25.3,81.0,961.5,1.7,139,0.0
9140,2023-07-29 16:12:19.783000+00:00,19.1,25.1,82.0,961.5,2.5,159,0.0
9140,2023-07-29 16:13:19.798000+00:00,19.3,24.9,81.0,961.5,0.3,33,1.0
9140,2023-07-29 16:14:19.797000+00:00,19.3,24.9,82.0,961.7,2.0,130,1.0
9140,2023-07-29 16:15:19.812000+00:00,19.4,25.5,81.0,961.5,1.1,160,0.0
9140,2023-07-29 16:16:19.811000+00:00,19.5,25.6,82.0,961.5,1.7,225,0.0
9140,2023-07-29 16:17:19.810000+00:00,19.6,25.8,83.0,961.7,1.0,34,0.0
9140,2023-07-29 16:18:19.794000+00:00,19.7,25.9,83.0,961.5,0.5,26,0.0
9140,2023-07-29 16:19:19.809000+00:00,19.7,26.0,83.0,961.5,0.8,162,0.0
9141,2023-07-30 12:01:24.702000+00:00,17.0,26.3,66.0,966.5,2.5,83,0.0
9141,2023-07-30 12:02:24.670000+00:00,17.0,26.5,65.0,966.5,1.3,269,0.0
9141,2023-07-30 12:03:24.685000+00:00,17.0,26.6,66.0,966.5,1.2,81,0.0
9141,2023-07-30 12:04:24.685000+00:00,17.0,26.6,66.0,966.5,0.6,92,0.0
9141,2023-07-30 12:05:24.684000+00:00,17.0,27.1,65.0,966.4,1.2,215,0.0
9141,2023-07-30 12:06:24.668000+00:00,17.1,27.0,65.0,966.4,1.5,133,0.0
9141,2023-07-30 12:07:24.682000+00:00,17.1,27.0,65.0,966.4,2.0,108,0.0
9141,2023-07-30 12:08:24.682000+00:00,17.1,27.3,64.0,966.4,1.8,158,0.0
9141,2023-07-30 12:09:24.697000+00:00,17.1,27.1,64.0,966.5,1.3,1,0.0
9141,2023-07-30 12:10:24.696000+00:00,17.2,27.1,63.0,966.5,0.8,127,0.0
9141,2023-07-30 12:11:24.711000+00:00,17.2,27.2,63.0,966.5,1.7,86,0.0
9141,2023-07-30 12:12:24.742000+00:00,17.3,27.9,62.0,966.5,1.1,111,0.0
9141,2023-07-30 12:13:24.725000+00:00,17.3,28.0,63.0,966.5,1.0,100,0.0
9141,2023-07-30 12:14:24.756000+00:00,17.4,28.0,63.0,966.5,2.5,42,0.0
9141,2023-07-30 12:15:24.740000+00:00,17.4,27.5,63.0,966.5,2.2,146,0.0
9141,2023-07-30 12:16:24.770000+00:00,17.5,27.4,63.0,966.5,2.0,135,0.0
9141,2023-07-30 12:17:24.769000+00:00,17.4,27.4,63.0,966.5,1.8,71,0.0
9141,2023-07-30 12:18:24.769000+00:00,17.7,27.8,62.0,966.4,1.1,149,0.0
9141,2023-07-30 12:19:24.768000+00:00,17.7,27.8,61.0,966.5,2.0,228,0.0
9141,2023-07-30 12:20:24.768000+00:00,17.8,27.8,62.0,966.5,1.7,187,0.0
9141,2023-07-30 12:21:24.767000+00:00,17.8,27.6,62.0,966.5,0.8,264,0.0
9141,2023-07-30 12:22:24.766000+00:00,17.6,27.7,62.0,966.5,0.8,0,0.0
9141,2023-07-30 12:23:24.765000+00:00,17.6,28.0,63.0,966.5,0.5,193,0.0
9141,2023-07-30 12:24:24.781000+00:00,17.5,28.2,63.0,966.5,0.8,110,0.0
9141,2023-07-30 12:25:24.764000+00:00,17.5,28.3,63.0,966.5,1.6,134,0.0
9141,2023-07-30 12:26:24.779000+00:00,17.5,28.2,62.0,966.5,1.8,159,0.0
9141,2023-07-30 12:27:24.794000+00:00,17.5,27.7,62.0,966.5,2.0,14,0.0
9141,2023-07-30 12:28:24.762000+00:00,17.5,27.5,62.0,966.5,0.4,107,0.0
9141,2023-07-30 12:29:24.761000+00:00,17.4,27.4,63.0,966.5,0.8,35,0.0
9141,2023-07-30 12:30:24.776000+00:00,17.4,27.7,62.0,966.5,1.7,136,0.0
9141,2023-07-30 12:31:24.776000+00:00,17.5,28.0,63.0,966.7,2.0,89,0.0
9141,2023-07-30 12:32:24.759000+00:00,17.6,28.2,63.0,966.5,1.1,136,0.0
9141,2023-07-30 12:33:24.790000+00:00,17.7,28.2,62.0,966.5,2.0,110,0.0
9141,2023-07-30 12:34:24.758000+00:00,17.7,28.1,62.0,966.5,2.4,123,0.0
9141,2023-07-30 12:35:24.757000+00:00,17.7,27.7,63.0,966.5,1.7,115,0.0
9141,2023-07-30 12:36:24.788000+00:00,17.7,27.4,62.0,966.5,1.2,330,0.0
9141,2023-07-30 12:37:24.772000+00:00,17.7,27.2,63.0,966.5,0.6,83,0.0
9141,2023-07-30 12:38:24.771000+00:00,17.7,27.1,63.0,966.5,1.1,133,0.0
9141,2023-07-30 12:39:24.770000+00:00,17.7,27.1,63.0,966.5,1.2,48,0.0
9141,2023-07-30 12:40:24.770000+00:00,17.7,26.6,62.0,966.5,1.5,94,0.0
9141,2023-07-30 12:41:24.785000+00:00,17.7,26.6,62.0,966.7,1.0,94,0.0
9141,2023-07-30 12:42:24.768000+00:00,17.7,26.7,62.0,966.7,1.2,0,1.0
9141,2023-07-30 12:43:24.783000+00:00,17.7,26.7,62.0,966.5,0.8,127,0.0
9141,2023-07-30 12:44:24.783000+00:00,17.5,26.5,62.0,966.7,1.6,139,0.0
9141,2023-07-30 12:45:24.782000+00:00,17.5,26.5,63.0,966.7,1.5,135,0.0
9141,2023-07-30 12:46:24.781000+00:00,17.5,26.6,63.0,966.7,0.8,131,0.0
9141,2023-07-30 12:47:24.812000+00:00,17.5,26.6,63.0,966.7,2.7,200,0.0
9141,2023-07-30 12:48:24.780000+00:00,17.6,27.2,62.0,966.7,1.7,338,0.0
9141,2023-07-30 12:49:24.779000+00:00,17.6,27.5,63.0,966.7,0.8,161,0.0
9141,2023-07-30 12:50:24.794000+00:00,17.7,28.4,63.0,966.5,0.8,79,0.0
9141,2023-07-30 12:51:24.794000+00:00,17.8,28.5,62.0,966.7,1.7,106,0.0
9141,2023-07-30 12:52:24.777000+00:00,17.9,28.4,63.0,966.7,1.0,108,0.0
9141,2023-07-30 12:53:24.777000+00:00,17.9,28.6,62.0,966.5,1.5,118,0.0
9141,2023-07-30 12:54:24.792000+00:00,17.9,28.6,62.0,966.5,1.8,157,0.0
9141,2023-07-30 12:55:24.822000+00:00,18.0,28.3,61.0,966.5,2.0,149,0.0
9141,2023-07-30 12:56:24.868000+00:00,18.0,27.9,62.0,966.5,2.5,111,0.0
9141,2023-07-30 12:57:24.836000+00:00,18.0,27.9,62.0,966.5,1.7,209,0.0
9141,2023-07-30 12:58:24.836000+00:00,18.1,27.7,61.0,966.5,1.2,38,0.0
9141,2023-07-30 12:59:24.835000+00:00,18.0,27.4,61.0,966.5,1.1,109,0.0
9141,2023-07-30 13:00:24.834000+00:00,18.0,27.0,61.0,966.5,0.8,204,0.0
9141,2023-07-30 13:01:24.849000+00:00,18.0,27.0,61.0,966.7,0.8,131,0.0
9141,2023-07-30 13:02:24.833000+00:00,18.0,27.4,63.0,966.5,1.7,147,0.0
9141,2023-07-30 13:03:24.832000+00:00,18.1,29.7,59.0,966.5,4.5,141,0.0
9141,2023-07-30 13:04:24.832000+00:00,18.0,29.2,58.0,966.7,3.0,165,0.0
9141,2023-07-30 13:05:24.831000+00:00,18.0,28.6,59.0,966.7,2.7,150,0.0
9141,2023-07-30 13:06:24.846000+00:00,18.0,28.7,60.0,966.7,2.9,132,0.0
9141,2023-07-30 13:07:24.861000+00:00,18.0,29.0,58.0,966.7,0.8,23,0.0
9141,2023-07-30 13:08:24.876000+00:00,18.1,29.4,58.0,966.5,2.4,103,0.0
9141,2023-07-30 13:09:24.891000+00:00,18.1,30.1,58.0,966.5,2.0,306,0.0
9141,2023-07-30 13:10:24.906000+00:00,18.1,30.1,57.0,966.5,1.7,235,0.0
9141,2023-07-30 13:11:24.905000+00:00,18.1,30.4,57.0,966.5,2.0,126,0.0
9141,2023-07-30 13:12:24.905000+00:00,18.1,30.6,57.0,966.5,1.2,132,0.0
9141,2023-07-30 13:13:24.920000+00:00,18.1,31.4,57.0,966.5,1.5,95,0.0
9141,2023-07-30 13:14:24.919000+00:00,18.1,31.5,57.0,966.5,1.8,13,0.0
9141,2023-07-30 13:15:24.918000+00:00,18.1,31.5,57.0,966.5,0.8,110,0.0
9141,2023-07-30 13:16:24.933000+00:00,18.1,30.7,58.0,966.5,1.8,104,0.0
9141,2023-07-30 13:17:24.917000+00:00,18.1,30.6,58.0,966.5,1.2,112,0.0
9141,2023-07-30 13:18:24.916000+00:00,18.1,30.2,57.0,966.5,2.7,136,0.0
9141,2023-07-30 13:19:24.916000+00:00,18.1,30.1,57.0,966.7,2.2,311,0.0
9141,2023-07-30 13:20:24.915000+00:00,18.2,29.6,57.0,966.5,3.0,283,0.0
9141,2023-07-30 13:21:24.930000+00:00,18.2,29.6,58.0,966.7,1.7,168,0.0
9141,2023-07-30 13:22:24.929000+00:00,18.2,29.8,59.0,966.7,1.8,67,0.0
9141,2023-07-30 13:23:24.944000+00:00,18.3,29.9,58.0,966.7,1.2,266,0.0
9141,2023-07-30 13:24:24.959000+00:00,18.1,29.5,60.0,966.7,1.2,128,0.0
9141,2023-07-30 13:25:24.974000+00:00,18.2,29.2,60.0,966.7,2.5,159,0.0
9141,2023-07-30 13:26:25.005000+00:00,18.0,29.1,60.0,966.7,1.7,349,0.0
9141,2023-07-30 13:27:24.973000+00:00,18.1,28.8,60.0,966.7,1.1,21,0.0
9141,2023-07-30 13:28:24.972000+00:00,18.0,28.4,60.0,966.9,1.0,305,0.0
9141,2023-07-30 13:29:25.003000+00:00,17.9,28.4,61.0,966.7,0.8,61,0.0
9141,2023-07-30 13:30:25.002000+00:00,18.0,28.3,61.0,966.7,2.7,93,0.0
9141,2023-07-30 13:31:25.001000+00:00,18.0,28.3,61.0,966.7,1.5,111,0.0
9141,2023-07-30 13:32:25.001000+00:00,18.2,28.3,61.0,966.7,1.0,55,0.0
9141,2023-07-30 13:33:25.016000+00:00,18.3,28.8,61.0,966.7,1.2,113,0.0
9141,2023-07-30 13:34:25.046000+00:00,18.2,28.8,61.0,966.7,2.4,133,0.0
9141,2023-07-30 13:35:25.030000+00:00,18.3,28.7,61.0,966.7,2.9,39,0.0
9141,2023-07-30 13:36:25.029000+00:00,18.2,28.3,61.0,966.7,1.0,144,0.0
9141,2023-07-30 13:37:25.029000+00:00,18.1,28.2,61.0,966.7,3.0,144,0.0
9141,2023-07-30 13:38:25.044000+00:00,18.0,27.9,61.0,966.7,0.8,134,0.0
9141,2023-07-30 13:39:25.043000+00:00,17.9,27.8,62.0,966.7,1.2,144,0.0
9141,2023-07-30 13:40:25.073000+00:00,17.9,27.5,62.0,966.7,0.3,37,1.0
9141,2023-07-30 13:41:25.073000+00:00,17.7,27.4,63.0,966.7,1.0,117,1.0
9141,2023-07-30 13:42:25.056000+00:00,17.7,27.2,63.0,966.7,1.5,55,1.0
9141,2023-07-30 13:43:25.056000+00:00,17.6,27.2,63.0,966.9,1.5,111,1.0
9141,2023-07-30 13:44:25.149000+00:00,17.5,26.0,65.0,966.9,1.5,123,1.0
9141,2023-07-30 13:45:25.070000+00:00,17.4,25.6,65.0,967.0,1.7,179,1.0
9141,2023-07-30 13:46:25.069000+00:00,17.3,25.3,65.0,966.9,1.3,336,1.0
9141,2023-07-30 13:47:25.069000+00:00,17.1,25.1,66.0,967.0,1.7,84,1.0
9141,2023-07-30 13:48:25.068000+00:00,17.1,25.0,67.0,966.9,2.2,140,1.0
9141,2023-07-30 13:49:25.067000+00:00,17.0,25.0,68.0,966.9,1.7,128,1.0
9141,2023-07-30 13:50:25.067000+00:00,17.0,25.0,68.0,966.9,1.5,96,0.0
9141,2023-07-30 13:51:25.066000+00:00,16.9,25.0,69.0,966.9,1.1,103,0.0
9141,2023-07-30 13:52:25.081000+00:00,16.8,25.6,69.0,966.9,1.7,71,0.0
9141,2023-07-30 13:53:25.065000+00:00,16.9,25.9,67.0,966.9,1.0,107,0.0
9141,2023-07-30 13:54:25.064000+00:00,16.9,26.1,69.0,966.7,1.0,211,0.0
9141,2023-07-30 13:55:25.095000+00:00,17.0,26.9,69.0,966.7,0.8,106,0.0
9141,2023-07-30 13:56:25.078000+00:00,17.1,27.9,68.0,966.7,1.7,51,0.0
9141,2023-07-30 13:57:25.062000+00:00,17.3,27.9,66.0,966.7,1.6,78,0.0
9141,2023-07-30 13:58:25.077000+00:00,17.4,29.3,66.0,966.7,1.0,94,0.0
9141,2023-07-30 13:59:25.092000+00:00,17.6,29.5,66.0,966.7,1.8,171,0.0
9141,2023-07-30 14:00:25.076000+00:00,17.6,30.3,66.0,966.7,1.1,146,0.0
9141,2023-07-30 14:01:25.075000+00:00,17.7,30.6,65.0,966.7,1.6,164,0.0
9141,2023-07-30 14:02:25.075000+00:00,18.0,31.0,63.0,966.7,1.7,178,0.0
9141,2023-07-30 14:03:25.074000+00:00,18.1,31.0,62.0,966.7,2.4,135,0.0
9141,2023-07-30 14:04:25.104000+00:00,18.3,31.1,61.0,966.7,2.7,122,0.0
9141,2023-07-30 14:05:25.088000+00:00,18.4,31.0,61.0,966.7,2.0,355,0.0
9141,2023-07-30 14:06:25.103000+00:00,18.5,30.0,62.0,966.7,1.3,68,0.0
9141,2023-07-30 14:07:25.087000+00:00,18.5,29.7,61.0,966.7,1.3,37,0.0
9141,2023-07-30 14:08:25.071000+00:00,18.4,29.3,61.0,966.7,0.6,65,0.0
9141,2023-07-30 14:09:25.086000+00:00,18.4,29.3,60.0,966.9,0.8,79,0.0
9141,2023-07-30 14:10:25.085000+00:00,18.5,30.1,60.0,966.7,1.0,77,0.0
9141,2023-07-30 14:11:25.100000+00:00,18.8,30.7,59.0,966.7,1.7,43,0.0
9141,2023-07-30 14:12:25.099000+00:00,18.8,30.7,59.0,966.7,1.3,106,0.0
9141,2023-07-30 14:13:25.099000+00:00,18.9,30.0,59.0,966.7,1.2,25,0.0
9141,2023-07-30 14:14:25.113000+00:00,18.8,29.1,60.0,966.7,1.7,141,0.0
9141,2023-07-30 14:15:25.097000+00:00,18.8,29.1,60.0,966.7,2.0,203,0.0
9141,2023-07-30 14:16:25.159000+00:00,18.7,28.8,62.0,966.5,2.5,223,0.0
9141,2023-07-30 14:17:25.127000+00:00,18.8,28.8,62.0,966.5,1.7,94,0.0
9141,2023-07-30 14:18:25.126000+00:00,18.8,28.8,61.0,966.7,1.6,111,0.0
9141,2023-07-30 14:19:25.141000+00:00,18.9,29.0,62.0,966.7,1.5,149,0.0
9141,2023-07-30 14:20:25.125000+00:00,19.0,29.9,61.0,966.7,1.2,108,0.0
9141,2023-07-30 14:21:25.140000+00:00,19.0,30.0,60.0,966.7,1.5,89,0.0
9141,2023-07-30 14:22:25.139000+00:00,19.1,29.7,59.0,966.5,1.5,155,0.0
9141,2023-07-30 14:23:25.123000+00:00,19.2,29.3,59.0,966.7,2.2,119,0.0
9141,2023-07-30 14:24:25.138000+00:00,19.1,28.9,60.0,966.7,1.2,110,0.0
9141,2023-07-30 14:25:25.137000+00:00,18.8,28.4,61.0,966.7,1.2,156,0.0
9141,2023-07-30 14:26:25.137000+00:00,18.9,28.4,61.0,966.7,3.2,186,0.0
9141,2023-07-30 14:27:25.136000+00:00,18.7,28.3,61.0,966.7,2.0,133,0.0
9141,2023-07-30 14:28:25.135000+00:00,18.7,28.0,61.0,966.7,3.5,104,0.0
9141,2023-07-30 14:29:25.135000+00:00,18.5,27.9,59.0,966.7,3.5,191,0.0
9141,2023-07-30 14:30:25.134000+00:00,18.5,27.7,61.0,966.7,2.0,0,0.0
9149,2023-08-27 12:01:46.711000+00:00,17.4,25.5,68.0,1007.4,2.7,196,0.0
9149,2023-08-27 12:02:46.710000+00:00,17.4,25.5,67.0,1007.5,3.2,193,0.0
9149,2023-08-27 12:03:46.709000+00:00,17.4,25.5,66.0,1007.4,3.4,177,0.0
9149,2023-08-27 12:04:46.708000+00:00,17.5,25.6,67.0,1007.4,2.4,184,0.0
9149,2023-08-27 12:05:46.722000+00:00,17.5,25.6,67.0,1007.5,2.9,186,0.0
9149,2023-08-27 12:06:46.737000+00:00,17.5,25.7,66.0,1007.5,2.7,186,0.0
9149,2023-08-27 12:07:46.720000+00:00,17.6,25.9,66.0,1007.5,3.0,197,0.0
9149,2023-08-27 12:08:46.719000+00:00,17.5,25.9,66.0,1007.4,2.9,177,0.0
9149,2023-08-27 12:09:46.718000+00:00,17.6,26.1,67.0,1007.5,3.5,220,0.0
9149,2023-08-27 12:10:46.717000+00:00,17.7,26.3,67.0,1007.4,3.2,202,0.0
9149,2023-08-27 12:11:46.731000+00:00,17.7,26.3,66.0,1007.5,3.0,199,0.0
9149,2023-08-27 12:12:46.730000+00:00,17.8,26.3,66.0,1007.5,3.0,207,0.0
9149,2023-08-27 12:13:46.729000+00:00,17.8,26.3,67.0,1007.5,4.5,191,0.0
9149,2023-08-27 12:14:46.713000+00:00,17.8,26.5,66.0,1007.5,4.0,196,0.0
9149,2023-08-27 12:15:46.727000+00:00,17.8,26.6,67.0,1007.4,3.7,201,0.0
9149,2023-08-27 12:16:46.726000+00:00,17.9,26.5,67.0,1007.5,3.0,186,0.0
9149,2023-08-27 12:17:46.725000+00:00,17.9,26.5,68.0,1007.5,3.7,195,0.0
9149,2023-08-27 12:18:46.724000+00:00,17.9,26.6,67.0,1007.4,4.6,187,0.0
9149,2023-08-27 12:19:46.723000+00:00,17.9,26.9,68.0,1007.5,4.1,198,0.0
9149,2023-08-27 12:20:46.722000+00:00,17.8,27.1,69.0,1007.4,4.1,199,0.0
9149,2023-08-27 12:21:46.736000+00:00,17.8,27.1,68.0,1007.4,3.5,195,0.0
9149,2023-08-27 12:22:46.735000+00:00,17.7,27.7,66.0,1007.5,3.7,198,0.0
9149,2023-08-27 12:23:46.750000+00:00,17.7,27.7,67.0,1007.4,4.3,176,0.0
9149,2023-08-27 12:24:46.749000+00:00,17.6,26.9,68.0,1007.5,2.5,205,0.0
9149,2023-08-27 12:25:46.748000+00:00,17.6,26.9,68.0,1007.5,4.3,204,0.0
9149,2023-08-27 12:26:46.747000+00:00,17.6,26.9,68.0,1007.4,3.2,207,0.0
9149,2023-08-27 12:27:46.746000+00:00,17.6,27.9,68.0,1007.5,4.1,197,0.0
9149,2023-08-27 12:28:46.745000+00:00,17.6,27.9,69.0,1007.5,3.4,210,0.0
9149,2023-08-27 12:29:46.744000+00:00,17.6,27.0,69.0,1007.4,3.7,191,0.0
9149,2023-08-27 12:30:46.742000+00:00,17.5,26.7,69.0,1007.5,3.2,188,0.0
9149,2023-08-27 12:31:46.757000+00:00,17.5,26.5,69.0,1007.4,2.9,186,0.0
9149,2023-08-27 12:32:46.756000+00:00,17.6,26.7,70.0,1007.5,2.9,173,0.0
9149,2023-08-27 12:33:46.786000+00:00,17.7,27.0,69.0,1007.5,3.0,194,0.0
9149,2023-08-27 12:34:46.754000+00:00,17.9,28.6,66.0,1007.5,3.4,197,0.0
9149,2023-08-27 12:35:46.784000+00:00,18.0,28.8,64.0,1007.5,3.2,191,0.0
9149,2023-08-27 12:36:46.799000+00:00,18.1,28.8,64.0,1007.5,3.2,175,0.0
9149,2023-08-27 12:37:46.813000+00:00,18.2,28.9,62.0,1007.5,3.2,199,0.0
9149,2023-08-27 12:38:46.828000+00:00,18.3,29.3,60.0,1007.5,4.1,197,0.0
9149,2023-08-27 12:39:46.842000+00:00,18.2,29.3,62.0,1007.5,3.9,188,0.0
9149,2023-08-27 12:40:46.841000+00:00,18.2,29.3,62.0,1007.4,3.9,165,0.0
9149,2023-08-27 12:41:46.856000+00:00,18.3,29.6,63.0,1007.5,3.5,187,0.0
9149,2023-08-27 12:42:46.855000+00:00,18.3,29.9,61.0,1007.5,3.9,177,0.0
9149,2023-08-27 12:43:46.854000+00:00,18.4,30.2,62.0,1007.5,3.4,186,0.0
9149,2023-08-27 12:44:46.868000+00:00,18.4,30.2,63.0,1007.4,3.7,173,0.0
9149,2023-08-27 12:45:46.867000+00:00,18.3,30.1,64.0,1007.5,4.0,187,0.0
9149,2023-08-27 12:46:46.866000+00:00,18.4,29.4,65.0,1007.4,3.9,156,0.0
9149,2023-08-27 12:47:46.865000+00:00,18.3,28.3,67.0,1007.4,3.0,147,0.0
9149,2023-08-27 12:48:46.864000+00:00,18.2,27.7,68.0,1007.5,2.4,134,0.0
9149,2023-08-27 12:49:46.863000+00:00,17.9,27.5,68.0,1007.2,2.0,140,0.0
9149,2023-08-27 12:50:46.862000+00:00,17.6,27.1,65.0,1007.5,2.5,33,0.0
9149,2023-08-27 12:51:46.876000+00:00,17.2,26.9,66.0,1007.5,1.2,154,0.0
9149,2023-08-27 12:52:46.875000+00:00,17.0,26.8,65.0,1007.5,1.2,224,0.0
9149,2023-08-27 12:53:46.859000+00:00,16.9,26.9,65.0,1007.5,1.5,135,0.0
9149,2023-08-27 12:54:46.873000+00:00,16.9,26.9,66.0,1007.5,2.0,132,0.0
9149,2023-08-27 12:55:46.872000+00:00,17.1,28.6,67.0,1007.5,1.5,118,0.0
9149,2023-08-27 12:56:46.887000+00:00,17.2,28.9,67.0,1007.7,1.7,134,0.0
9149,2023-08-27 12:57:46.870000+00:00,17.5,29.6,67.0,1007.7,1.1,165,0.0
9149,2023-08-27 12:58:46.869000+00:00,17.6,29.6,68.0,1007.7,1.8,147,0.0
9149,2023-08-27 12:59:46.868000+00:00,17.7,29.7,66.0,1007.5,1.7,126,0.0
9149,2023-08-27 13:00:46.867000+00:00,17.8,30.8,66.0,1007.7,1.3,147,0.0
9149,2023-08-27 13:01:46.866000+00:00,17.8,30.8,66.0,1007.7,1.2,110,0.0
9149,2023-08-27 13:02:46.880000+00:00,17.6,29.7,66.0,1007.7,1.7,136,0.0
9149,2023-08-27 13:03:46.879000+00:00,17.6,29.5,67.0,1007.7,1.8,135,0.0
9149,2023-08-27 13:04:46.878000+00:00,17.5,28.6,67.0,1007.7,1.7,157,1.0
9149,2023-08-27 13:05:46.877000+00:00,17.4,28.5,68.0,1007.7,2.2,152,1.0
9149,2023-08-27 13:06:46.892000+00:00,17.2,27.3,69.0,1007.9,1.2,158,1.0
9149,2023-08-27 13:07:46.906000+00:00,16.9,26.2,70.0,1007.7,1.8,160,1.0
9149,2023-08-27 13:08:46.983000+00:00,16.7,26.2,70.0,1007.7,1.3,187,1.0
9149,2023-08-27 13:09:46.935000+00:00,16.4,24.8,68.0,1007.7,1.7,150,1.0
9149,2023-08-27 13:10:46.934000+00:00,16.2,24.6,67.0,1007.7,1.8,152,1.0
9149,2023-08-27 13:11:46.933000+00:00,16.2,24.6,69.0,1007.7,2.0,177,0.0
9149,2023-08-27 13:12:46.963000+00:00,16.3,24.3,68.0,1007.7,2.0,175,0.0
9149,2023-08-27 13:13:46.978000+00:00,16.4,24.2,70.0,1007.7,1.8,143,0.0
9149,2023-08-27 13:14:46.977000+00:00,16.5,24.1,71.0,1007.7,1.8,130,0.0
9149,2023-08-27 13:15:47.007000+00:00,16.5,24.1,73.0,1007.5,1.7,169,0.0
9149,2023-08-27 13:16:46.975000+00:00,16.5,24.1,71.0,1007.5,1.8,159,0.0
9149,2023-08-27 13:17:47.005000+00:00,16.5,24.1,70.0,1007.5,2.0,186,0.0
9149,2023-08-27 13:18:47.004000+00:00,16.5,24.2,69.0,1007.5,2.2,155,0.0
9149,2023-08-27 13:19:47.003000+00:00,16.5,24.2,69.0,1007.5,2.5,148,0.0
9149,2023-08-27 13:20:47.033000+00:00,16.5,24.3,67.0,1007.5,1.7,149,0.0
9149,2023-08-27 13:21:47.016000+00:00,16.5,24.6,66.0,1007.5,1.7,183,1.0
9149,2023-08-27 13:22:47.031000+00:00,16.5,24.6,66.0,1007.5,1.8,157,1.0
9149,2023-08-27 13:23:47.014000+00:00,16.5,24.7,66.0,1007.5,2.4,154,1.0
9149,2023-08-27 13:24:47.029000+00:00,16.6,24.8,66.0,1007.5,2.5,126,1.0
9149,2023-08-27 13:25:47.059000+00:00,16.8,25.5,67.0,1007.5,2.4,139,1.0
9149,2023-08-27 13:26:47.042000+00:00,16.8,25.9,68.0,1007.5,2.5,172,1.0
9149,2023-08-27 13:27:47.041000+00:00,16.9,26.1,67.0,1007.5,2.5,159,1.0
9149,2023-08-27 13:28:47.056000+00:00,17.0,26.3,68.0,1007.5,2.5,166,1.0
9149,2023-08-27 13:29:47.055000+00:00,17.1,26.9,67.0,1007.7,2.2,162,0.0
9149,2023-08-27 13:30:47.054000+00:00,17.1,27.5,65.0,1007.5,2.0,164,0.0
9149,2023-08-27 13:31:47.052000+00:00,17.1,28.0,65.0,1007.7,2.4,150,0.0
9149,2023-08-27 13:32:47.067000+00:00,17.1,28.2,65.0,1007.7,2.4,169,0.0
9149,2023-08-27 13:33:47.082000+00:00,17.1,28.7,65.0,1007.7,2.7,158,0.0
9149,2023-08-27 13:34:47.096000+00:00,17.2,29.0,65.0,1007.7,2.5,162,0.0
9149,2023-08-27 13:35:47.111000+00:00,17.4,29.2,65.0,1007.7,2.2,162,0.0
9149,2023-08-27 13:36:47.125000+00:00,17.4,29.5,64.0,1007.7,2.5,157,0.0
9149,2023-08-27 13:37:47.109000+00:00,17.4,29.5,64.0,1007.7,2.7,190,0.0
9149,2023-08-27 13:38:47.123000+00:00,17.3,29.7,63.0,1007.7,2.9,158,1.0
9149,2023-08-27 13:39:47.122000+00:00,17.3,29.7,63.0,1007.7,3.2,179,0.0
9149,2023-08-27 13:40:47.152000+00:00,17.3,29.7,64.0,1007.7,3.2,154,0.0
9149,2023-08-27 13:41:47.167000+00:00,17.3,29.7,64.0,1007.9,3.2,181,0.0
9149,2023-08-27 13:42:47.166000+00:00,17.3,29.4,64.0,1007.7,2.5,158,0.0
9149,2023-08-27 13:43:47.180000+00:00,17.3,29.2,63.0,1007.5,3.0,138,0.0
9149,2023-08-27 13:44:47.195000+00:00,17.2,28.5,63.0,1007.7,2.7,163,0.0
9149,2023-08-27 13:45:47.194000+00:00,17.1,28.4,62.0,1007.5,2.4,160,0.0
9149,2023-08-27 13:46:47.193000+00:00,17.1,27.7,64.0,1007.7,2.7,166,0.0
9149,2023-08-27 13:47:47.192000+00:00,17.1,27.4,63.0,1007.7,2.5,158,0.0
9149,2023-08-27 13:48:47.191000+00:00,17.0,27.1,63.0,1007.7,2.9,145,0.0
9149,2023-08-27 13:49:47.189000+00:00,17.0,26.8,64.0,1007.7,2.7,162,0.0
9149,2023-08-27 13:50:47.204000+00:00,16.9,26.8,65.0,1007.7,2.5,170,0.0
9149,2023-08-27 13:51:47.187000+00:00,16.8,26.3,65.0,1007.7,2.5,165,0.0
9149,2023-08-27 13:52:47.202000+00:00,16.8,26.1,65.0,1007.7,2.5,151,0.0
9149,2023-08-27 13:53:47.201000+00:00,16.8,25.9,66.0,1007.7,3.7,166,0.0
9149,2023-08-27 13:54:47.200000+00:00,16.8,25.6,66.0,1007.7,2.5,159,0.0
9149,2023-08-27 13:55:47.199000+00:00,16.9,25.5,66.0,1007.7,2.2,179,0.0
9149,2023-08-27 13:56:47.198000+00:00,16.9,25.4,66.0,1007.7,2.5,179,0.0
9149,2023-08-27 13:57:47.197000+00:00,16.9,25.3,66.0,1007.7,3.0,179,0.0
9149,2023-08-27 13:58:47.196000+00:00,16.9,25.2,68.0,1007.9,2.7,157,0.0
9149,2023-08-27 13:59:47.210000+00:00,16.8,24.9,68.0,1007.7,2.7,167,0.0
9149,2023-08-27 14:00:47.209000+00:00,16.9,24.9,68.0,1007.7,2.4,159,0.0
9149,2023-08-27 14:01:47.208000+00:00,16.9,25.0,68.0,1007.7,2.9,172,0.0
9149,2023-08-27 14:02:47.207000+00:00,16.9,24.9,69.0,1007.7,3.0,170,0.0
9149,2023-08-27 14:03:47.206000+00:00,17.0,24.9,69.0,1007.9,2.7,196,0.0
9149,2023-08-27 14:04:47.205000+00:00,17.1,25.1,69.0,1007.7,2.7,194,0.0
9149,2023-08-27 14:05:47.204000+00:00,17.3,25.1,68.0,1007.7,3.2,160,0.0
9149,2023-08-27 14:06:47.203000+00:00,17.3,26.4,68.0,1007.7,2.9,184,0.0
9149,2023-08-27 14:07:47.217000+00:00,17.5,26.9,67.0,1007.7,2.7,151,0.0
9149,2023-08-27 14:08:47.232000+00:00,17.6,28.0,67.0,1007.7,2.7,192,0.0
9149,2023-08-27 14:09:47.231000+00:00,17.7,28.2,67.0,1007.9,3.2,179,0.0
9149,2023-08-27 14:10:47.370000+00:00,17.8,28.4,68.0,1007.9,3.5,191,0.0
9149,2023-08-27 14:11:47.244000+00:00,17.7,27.9,70.0,1008.0,3.2,196,0.0
9149,2023-08-27 14:12:47.259000+00:00,17.7,27.2,69.0,1007.9,3.2,199,0.0
9149,2023-08-27 14:13:47.258000+00:00,17.6,26.9,69.0,1008.0,3.2,193,0.0
9149,2023-08-27 14:14:47.272000+00:00,17.5,26.4,70.0,1008.0,3.7,200,0.0
9149,2023-08-27 14:15:47.271000+00:00,17.4,26.1,70.0,1008.0,3.5,177,0.0
9149,2023-08-27 14:16:47.270000+00:00,17.3,25.7,72.0,1008.0,2.7,197,0.0
9149,2023-08-27 14:17:47.285000+00:00,17.3,25.7,72.0,1007.9,2.9,192,0.0
9149,2023-08-27 14:18:47.299000+00:00,17.3,25.6,71.0,1008.0,3.2,189,0.0
9149,2023-08-27 14:19:47.314000+00:00,17.2,25.6,71.0,1008.0,2.5,191,0.0
9149,2023-08-27 14:20:47.297000+00:00,17.2,25.4,71.0,1008.0,2.7,195,0.0
9149,2023-08-27 14:21:47.296000+00:00,17.1,25.2,70.0,1008.0,3.7,170,0.0
9149,2023-08-27 14:22:47.295000+00:00,17.1,25.0,70.0,1008.0,3.0,180,0.0
9149,2023-08-27 14:23:47.294000+00:00,17.1,25.0,69.0,1008.0,3.7,190,0.0
9149,2023-08-27 14:24:47.324000+00:00,17.1,24.8,68.0,1008.0,3.5,192,0.0
9149,2023-08-27 14:25:47.292000+00:00,17.1,24.8,68.0,1008.0,3.0,157,0.0
9149,2023-08-27 14:26:47.306000+00:00,17.1,24.8,69.0,1008.0,2.7,162,0.0
9149,2023-08-27 14:27:47.290000+00:00,17.1,24.7,69.0,1008.0,3.2,161,0.0
9149,2023-08-27 14:28:47.288000+00:00,17.1,24.6,71.0,1008.0,2.5,163,1.0
9149,2023-08-27 14:29:47.287000+00:00,17.1,24.3,73.0,1008.0,2.2,155,1.0
9149,2023-08-27 14:30:47.302000+00:00,17.1,24.1,75.0,1008.0,2.5,156,1.0
9149,2023-08-27 14:31:47.301000+00:00,17.0,22.8,76.0,1008.2,3.0,156,1.0
9149,2023-08-27 14:32:47.300000+00:00,16.6,21.8,78.0,1008.2,1.8,205,1.0
9149,2023-08-27 14:33:47.299000+00:00,16.3,21.8,80.0,1008.4,2.5,158,1.0
9149,2023-08-27 14:34:47.298000+00:00,15.9,19.5,83.0,1008.4,3.2,159,1.0
9149,2023-08-27 14:35:47.297000+00:00,15.7,19.5,83.0,1008.4,3.0,175,1.0
9149,2023-08-27 14:36:47.296000+00:00,15.4,19.7,84.0,1008.4,3.7,182,1.0
9149,2023-08-27 14:37:47.310000+00:00,15.2,19.8,83.0,1008.2,3.2,183,1.0
9149,2023-08-27 14:38:47.293000+00:00,15.0,19.9,83.0,1008.5,3.7,189,1.0
9149,2023-08-27 14:39:47.308000+00:00,14.9,20.0,81.0,1008.5,3.5,183,1.0
9149,2023-08-27 14:40:47.307000+00:00,14.8,20.0,82.0,1008.4,3.5,174,1.0
9149,2023-08-27 14:41:47.321000+00:00,14.9,19.9,83.0,1008.5,3.2,228,1.0
9149,2023-08-27 14:42:47.305000+00:00,14.9,19.9,83.0,1008.5,3.2,228,1.0
9149,2023-08-27 14:43:47.304000+00:00,14.9,19.9,83.0,1008.5,3.2,228,1.0
9149,2023-08-27 14:44:47.303000+00:00,14.9,19.9,83.0,1008.5,3.2,228,1.0
9149,2023-08-27 14:45:47.317000+00:00,14.9,19.9,83.0,1008.5,3.2,228,1.0
9149,2023-08-27 14:46:47.316000+00:00,14.9,19.9,84.0,1008.2,3.7,169,1.0
9149,2023-08-27 14:47:47.346000+00:00,14.9,19.7,84.0,1008.2,4.4,174,1.0
9149,2023-08-27 14:48:47.345000+00:00,14.8,19.7,83.0,1008.2,4.0,164,1.0
9149,2023-08-27 14:49:47.360000+00:00,14.7,19.6,83.0,1008.2,3.7,171,1.0
9149,2023-08-27 14:50:47.359000+00:00,14.6,19.5,84.0,1008.4,3.0,161,1.0
9149,2023-08-27 14:51:47.405000+00:00,14.6,19.6,84.0,1008.4,2.5,182,1.0
9149,2023-08-27 14:52:47.357000+00:00,14.7,19.7,84.0,1008.5,2.5,172,1.0
9149,2023-08-27 14:53:47.356000+00:00,14.8,19.7,85.0,1008.4,2.9,181,1.0
9149,2023-08-27 14:54:47.339000+00:00,14.9,20.4,85.0,1008.4,2.9,168,1.0
9149,2023-08-27 14:55:47.353000+00:00,14.9,20.8,84.0,1008.5,2.7,186,0.0
9149,2023-08-27 14:56:47.368000+00:00,15.0,21.0,83.0,1008.4,3.4,170,0.0
9149,2023-08-27 14:57:47.383000+00:00,14.9,20.9,83.0,1008.4,3.2,188,0.0
9149,2023-08-27 14:58:47.397000+00:00,14.9,20.8,82.0,1008.4,3.2,183,0.0
9149,2023-08-27 14:59:47.396000+00:00,14.9,20.6,82.0,1008.4,3.7,195,0.0
9149,2023-08-27 15:00:47.411000+00:00,15.1,20.6,82.0,1008.2,3.0,166,0.0
9149,2023-08-27 15:01:47.410000+00:00,15.2,20.6,81.0,1008.2,2.9,168,0.0
9149,2023-08-27 15:02:47.440000+00:00,15.3,20.6,81.0,1008.4,2.7,180,0.0
9149,2023-08-27 15:03:47.439000+00:00,15.4,20.8,80.0,1008.4,3.0,189,0.0
9149,2023-08-27 15:04:47.438000+00:00,15.5,20.8,79.0,1008.2,2.7,183,0.0
9149,2023-08-27 15:05:47.436000+00:00,15.6,20.7,79.0,1008.2,2.0,180,0.0
9149,2023-08-27 15:06:47.435000+00:00,15.7,20.7,79.0,1008.2,2.2,173,0.0
9149,2023-08-27 15:07:47.434000+00:00,15.8,20.7,78.0,1008.2,2.2,167,0.0
9149,2023-08-27 15:08:47.449000+00:00,15.8,20.7,77.0,1008.2,2.5,170,0.0
9149,2023-08-27 15:09:47.463000+00:00,15.8,20.7,76.0,1008.2,2.7,181,0.0
9149,2023-08-27 15:10:47.494000+00:00,15.9,20.5,76.0,1008.2,2.7,160,0.0
9149,2023-08-27 15:11:47.493000+00:00,15.9,20.2,77.0,1008.2,2.5,163,0.0
9149,2023-08-27 15:12:47.492000+00:00,15.9,20.1,76.0,1008.2,3.0,150,0.0
9149,2023-08-27 15:13:47.490000+00:00,15.9,20.0,78.0,1008.2,2.5,210,0.0
9149,2023-08-27 15:14:47.505000+00:00,15.9,19.9,79.0,1008.2,2.0,159,0.0
9149,2023-08-27 15:15:47.504000+00:00,16.0,19.9,80.0,1008.2,3.5,169,0.0
9149,2023-08-27 15:16:47.534000+00:00,16.1,19.9,81.0,1008.2,3.0,175,0.0
9149,2023-08-27 15:17:47.533000+00:00,16.0,19.9,80.0,1008.2,2.9,171,0.0
9149,2023-08-27 15:18:47.516000+00:00,15.9,19.7,80.0,1008.2,3.0,169,0.0
9149,2023-08-27 15:19:47.531000+00:00,15.9,19.6,77.0,1008.2,3.5,162,0.0
9149,2023-08-27 15:20:47.545000+00:00,15.8,19.4,77.0,1008.2,2.7,163,0.0
9149,2023-08-27 15:21:47.544000+00:00,15.8,19.3,79.0,1008.2,2.7,188,0.0
9149,2023-08-27 15:22:47.559000+00:00,15.8,19.1,79.0,1008.2,2.7,159,1.0
9149,2023-08-27 15:23:47.542000+00:00,15.8,19.0,79.0,1008.4,3.2,134,1.0
9149,2023-08-27 15:24:47.557000+00:00,15.7,19.0,79.0,1008.2,2.5,204,0.0
9149,2023-08-27 15:25:47.556000+00:00,15.7,19.0,79.0,1008.2,3.0,176,1.0
9149,2023-08-27 15:26:47.555000+00:00,15.8,19.1,77.0,1008.2,3.0,161,1.0
9149,2023-08-27 15:27:47.554000+00:00,15.8,19.1,77.0,1008.2,2.7,163,1.0
9149,2023-08-27 15:28:47.553000+00:00,15.7,18.9,74.0,1008.4,3.2,192,0.0
9149,2023-08-27 15:29:47.536000+00:00,15.6,18.9,73.0,1008.2,2.9,164,0.0
9157,2023-09-03 12:01:37.059000+00:00,28.5,43.2,45.0,1001.0,1.8,302,0.0
9157,2023-09-03 12:02:37.058000+00:00,28.6,43.3,45.0,1001.2,2.0,287,0.0
9157,2023-09-03 12:03:37.058000+00:00,28.5,43.3,45.0,1001.0,0.6,269,0.0
9157,2023-09-03 12:04:37.057000+00:00,28.5,43.3,45.0,1001.0,0.8,154,0.0
9157,2023-09-03 12:05:37.056000+00:00,28.4,42.8,46.0,1001.0,0.8,274,0.0
9157,2023-09-03 12:06:37.056000+00:00,28.4,42.8,45.0,1001.0,1.0,285,0.0
9157,2023-09-03 12:07:37.055000+00:00,28.5,42.8,45.0,1001.0,1.0,237,0.0
9157,2023-09-03 12:08:37.054000+00:00,28.5,42.7,46.0,1001.0,1.2,240,0.0
9157,2023-09-03 12:09:37.054000+00:00,28.4,43.2,45.0,1001.0,1.1,201,0.0
9157,2023-09-03 12:10:37.053000+00:00,28.4,43.2,45.0,1001.0,1.2,186,0.0
9157,2023-09-03 12:11:37.068000+00:00,28.4,43.2,45.0,1001.0,0.4,95,0.0
9157,2023-09-03 12:12:37.052000+00:00,28.5,42.8,45.0,1001.0,1.0,215,0.0
9157,2023-09-03 12:13:37.066000+00:00,28.5,43.0,45.0,1001.0,1.1,193,0.0
9157,2023-09-03 12:14:37.066000+00:00,28.5,42.7,46.0,1001.2,1.1,254,0.0
9157,2023-09-03 12:15:37.050000+00:00,28.6,42.8,46.0,1001.0,0.8,296,0.0
9157,2023-09-03 12:16:37.064000+00:00,28.6,43.0,46.0,1001.0,1.2,316,0.0
9157,2023-09-03 12:17:37.064000+00:00,28.7,43.0,46.0,1001.0,0.6,238,0.0
9157,2023-09-03 12:18:37.063000+00:00,28.8,42.3,46.0,1001.2,1.1,267,0.0
9157,2023-09-03 12:19:37.062000+00:00,28.8,42.3,46.0,1001.2,1.3,130,0.0
9157,2023-09-03 12:20:37.062000+00:00,28.9,42.4,45.0,1001.0,2.0,130,0.0
9157,2023-09-03 12:21:37.061000+00:00,28.6,42.6,46.0,1001.0,1.5,0,0.0
9157,2023-09-03 12:22:37.060000+00:00,28.8,42.6,46.0,1001.2,0.5,214,0.0
9157,2023-09-03 12:23:37.060000+00:00,28.8,43.2,45.0,1001.0,0.6,0,0.0
9157,2023-09-03 12:24:37.075000+00:00,28.7,42.6,45.0,1001.0,0.6,222,0.0
9157,2023-09-03 12:25:37.090000+00:00,28.8,42.4,44.0,1001.0,0.6,259,0.0
9157,2023-09-03 12:26:37.089000+00:00,28.7,42.2,45.0,1001.0,1.1,189,0.0
9157,2023-09-03 12:27:37.104000+00:00,28.8,42.1,44.0,1001.0,1.0,85,0.0
9157,2023-09-03 12:28:37.119000+00:00,28.8,42.3,44.0,1001.0,1.3,274,0.0
9157,2023-09-03 12:29:37.118000+00:00,28.8,42.3,44.0,1001.0,1.2,294,0.0
9157,2023-09-03 12:30:37.118000+00:00,28.7,42.9,44.0,1001.0,0.8,230,0.0
9157,2023-09-03 12:31:37.117000+00:00,28.7,42.8,44.0,1001.0,1.8,282,0.0
9157,2023-09-03 12:32:37.132000+00:00,28.6,42.8,45.0,1000.9,1.2,277,0.0
9157,2023-09-03 12:33:37.147000+00:00,28.6,42.7,45.0,1000.9,1.2,240,0.0
9157,2023-09-03 12:34:37.146000+00:00,28.7,43.0,45.0,1000.9,1.0,0,0.0
9157,2023-09-03 12:35:37.161000+00:00,28.8,43.0,44.0,1000.9,0.5,44,0.0
9157,2023-09-03 12:36:37.176000+00:00,28.8,43.4,44.0,1000.9,1.1,134,0.0
9157,2023-09-03 12:37:37.175000+00:00,28.7,43.3,44.0,1000.9,1.2,275,0.0
9157,2023-09-03 12:38:37.190000+00:00,28.7,43.2,44.0,1000.9,1.7,322,0.0
9157,2023-09-03 12:39:37.190000+00:00,28.6,42.7,45.0,1000.9,1.2,233,0.0
9157,2023-09-03 12:40:37.205000+00:00,28.6,42.6,45.0,1000.9,0.6,0,0.0
9157,2023-09-03 12:41:37.204000+00:00,28.6,42.6,44.0,1000.7,0.0,0,0.0
9157,2023-09-03 12:42:37.203000+00:00,28.8,42.7,44.0,1000.7,0.0,293,0.0
9157,2023-09-03 12:43:37.203000+00:00,28.7,42.8,44.0,1000.7,0.6,339,0.0
9157,2023-09-03 12:44:37.218000+00:00,28.8,42.8,43.0,1000.7,1.1,13,0.0
9157,2023-09-03 12:45:37.201000+00:00,28.8,42.8,43.0,1000.9,0.8,7,0.0
9157,2023-09-03 12:46:37.201000+00:00,28.9,42.8,43.0,1000.7,0.8,0,0.0
9157,2023-09-03 12:47:37.200000+00:00,28.8,42.8,44.0,1000.7,1.0,140,0.0
9157,2023-09-03 12:48:37.199000+00:00,28.9,42.8,45.0,1000.7,0.6,195,0.0
9157,2023-09-03 12:49:37.214000+00:00,28.9,43.4,44.0,1000.9,0.6,254,0.0
9157,2023-09-03 12:50:37.214000+00:00,29.0,43.4,43.0,1000.9,0.8,133,0.0
9157,2023-09-03 12:51:37.213000+00:00,29.0,43.0,42.0,1000.9,1.0,301,0.0
9157,2023-09-03 12:52:37.212000+00:00,28.9,42.7,43.0,1000.7,0.8,233,0.0
9157,2023-09-03 12:53:37.212000+00:00,28.8,42.7,44.0,1000.7,0.6,285,0.0
9157,2023-09-03 12:54:37.211000+00:00,28.9,42.2,43.0,1000.7,0.6,16,0.0
9157,2023-09-03 12:55:37.210000+00:00,29.0,42.9,42.0,1000.7,1.7,47,0.0
9157,2023-09-03 12:56:37.210000+00:00,28.9,42.9,42.0,1000.7,0.8,207,0.0
9157,2023-09-03 12:57:37.209000+00:00,28.9,43.0,43.0,1000.7,0.5,294,0.0
9157,2023-09-03 12:58:37.208000+00:00,29.0,43.1,43.0,1000.7,0.5,328,0.0
9157,2023-09-03 12:59:37.208000+00:00,29.0,43.0,42.0,1000.7,1.2,8,0.0
9157,2023-09-03 13:00:37.207000+00:00,29.1,42.7,41.0,1000.7,1.6,196,0.0
9157,2023-09-03 13:01:37.222000+00:00,29.1,42.7,42.0,1000.7,0.6,346,0.0
9157,2023-09-03 13:02:37.221000+00:00,29.1,43.4,42.0,1000.5,0.8,3,0.0
9157,2023-09-03 13:03:37.220000+00:00,29.0,43.4,41.0,1000.7,1.7,28,0.0
9157,2023-09-03 13:04:37.220000+00:00,28.9,43.1,42.0,1000.7,0.4,78,0.0
9157,2023-09-03 13:05:37.219000+00:00,29.0,43.4,41.0,1000.5,0.4,188,0.0
9157,2023-09-03 13:06:37.218000+00:00,29.1,43.8,42.0,1000.5,0.5,46,0.0
9157,2023-09-03 13:07:37.218000+00:00,29.2,43.4,41.0,1000.5,0.4,251,0.0
9157,2023-09-03 13:08:37.217000+00:00,29.3,43.5,41.0,1000.5,0.8,5,0.0
9157,2023-09-03 13:09:37.216000+00:00,29.4,43.5,41.0,1000.5,1.2,15,0.0
9157,2023-09-03 13:10:37.231000+00:00,29.3,43.6,41.0,1000.5,1.5,177,0.0
9157,2023-09-03 13:11:37.215000+00:00,29.3,43.3,42.0,1000.5,0.4,209,0.0
9157,2023-09-03 13:12:37.230000+00:00,29.4,43.0,43.0,1000.5,0.6,226,0.0
9157,2023-09-03 13:13:37.245000+00:00,29.3,43.0,44.0,1000.5,0.8,139,0.0
9157,2023-09-03 13:14:37.260000+00:00,29.3,43.4,44.0,1000.5,0.5,286,0.0
9157,2023-09-03 13:15:37.259000+00:00,29.3,43.6,43.0,1000.5,0.6,285,0.0
9157,2023-09-03 13:16:37.259000+00:00,29.3,43.6,44.0,1000.5,0.6,210,0.0
9157,2023-09-03 13:17:37.274000+00:00,29.2,43.4,44.0,1000.5,1.1,238,0.0
9157,2023-09-03 13:18:37.273000+00:00,29.3,43.6,42.0,1000.5,1.1,249,0.0
9157,2023-09-03 13:19:37.272000+00:00,29.3,43.0,42.0,1000.5,0.8,223,0.0
9157,2023-09-03 13:20:37.319000+00:00,29.2,42.7,42.0,1000.5,0.4,17,0.0
9157,2023-09-03 13:21:37.287000+00:00,29.3,42.7,42.0,1000.5,0.4,271,0.0
9157,2023-09-03 13:22:37.286000+00:00,29.3,42.8,41.0,1000.5,0.6,332,0.0
9157,2023-09-03 13:23:37.301000+00:00,29.2,42.5,41.0,1000.4,1.3,341,0.0
9157,2023-09-03 13:24:37.316000+00:00,29.2,42.5,41.0,1000.4,1.5,4,0.0
9157,2023-09-03 13:25:37.315000+00:00,29.2,43.1,40.0,1000.5,1.0,189,0.0
9157,2023-09-03 13:26:37.346000+00:00,29.3,43.2,39.0,1000.4,0.6,36,0.0
9157,2023-09-03 13:27:37.361000+00:00,29.4,43.2,39.0,1000.4,1.3,23,0.0
9157,2023-09-03 13:28:37.360000+00:00,29.5,43.1,40.0,1000.4,0.8,204,0.0
9157,2023-09-03 13:29:37.359000+00:00,29.5,43.1,41.0,1000.4,1.2,250,0.0
9157,2023-09-03 13:30:37.359000+00:00,29.5,43.3,42.0,1000.4,1.6,145,0.0
9157,2023-09-03 13:31:37.358000+00:00,29.7,43.4,41.0,1000.2,1.7,164,0.0
9157,2023-09-03 13:32:37.373000+00:00,29.6,43.6,42.0,1000.4,1.8,160,0.0
9157,2023-09-03 13:33:37.357000+00:00,29.7,43.6,42.0,1000.2,2.4,0,0.0
9157,2023-09-03 13:34:37.356000+00:00,29.7,43.6,43.0,1000.5,1.0,162,0.0
9157,2023-09-03 13:35:37.355000+00:00,29.8,44.1,41.0,1000.4,0.6,178,0.0
9157,2023-09-03 13:36:37.355000+00:00,29.8,43.9,41.0,1000.4,2.2,168,0.0
9157,2023-09-03 13:37:37.370000+00:00,29.9,43.9,41.0,1000.2,2.2,162,0.0
9157,2023-09-03 13:38:37.353000+00:00,29.9,43.9,41.0,1000.4,1.8,181,0.0
9157,2023-09-03 13:39:37.368000+00:00,29.9,43.3,42.0,1000.4,1.7,8,0.0
9157,2023-09-03 13:40:37.368000+00:00,29.8,43.1,41.0,1000.5,1.2,172,0.0
9157,2023-09-03 13:41:37.383000+00:00,29.9,43.7,41.0,1000.4,1.2,199,0.0
9157,2023-09-03 13:42:37.366000+00:00,30.1,43.7,40.0,1000.4,1.5,205,0.0
9157,2023-09-03 13:43:37.366000+00:00,30.0,43.7,42.0,1000.4,2.0,258,0.0
9157,2023-09-03 13:44:37.381000+00:00,30.0,43.5,42.0,1000.4,0.8,156,0.0
9157,2023-09-03 13:45:37.364000+00:00,30.0,43.9,40.0,1000.4,1.7,178,0.0
9157,2023-09-03 13:46:37.364000+00:00,29.9,43.7,41.0,1000.4,1.7,0,0.0
9157,2023-09-03 13:47:37.363000+00:00,29.8,43.5,39.0,1000.4,1.5,268,0.0
9157,2023-09-03 13:48:37.378000+00:00,29.7,43.5,40.0,1000.4,1.3,216,0.0
9157,2023-09-03 13:49:37.377000+00:00,29.8,43.6,40.0,1000.4,1.2,158,0.0
9157,2023-09-03 13:50:37.377000+00:00,29.9,44.3,40.0,1000.4,0.8,201,0.0
9157,2023-09-03 13:51:37.360000+00:00,30.0,44.4,39.0,1000.4,1.6,180,0.0
9157,2023-09-03 13:52:37.375000+00:00,30.0,44.3,39.0,1000.2,1.2,82,0.0
9157,2023-09-03 13:53:37.390000+00:00,30.0,44.0,39.0,1000.2,1.3,145,0.0
9157,2023-09-03 13:54:37.374000+00:00,30.0,43.7,40.0,1000.2,1.7,134,0.0
9157,2023-09-03 13:55:37.373000+00:00,29.9,43.7,41.0,1000.2,1.3,178,0.0
9157,2023-09-03 13:56:37.388000+00:00,29.9,43.6,41.0,1000.2,1.5,210,0.0
9157,2023-09-03 13:57:37.372000+00:00,29.9,43.5,41.0,1000.2,2.0,179,0.0
9157,2023-09-03 13:58:37.371000+00:00,29.9,43.5,41.0,1000.4,1.7,177,0.0
9157,2023-09-03 13:59:37.386000+00:00,29.8,43.6,40.0,1000.2,1.6,156,0.0
9157,2023-09-03 14:00:37.370000+00:00,29.9,43.4,39.0,1000.2,1.7,153,0.0
9157,2023-09-03 14:01:37.385000+00:00,29.9,43.4,40.0,1000.2,1.0,228,0.0
9157,2023-09-03 14:02:37.384000+00:00,29.9,43.0,41.0,1000.2,1.2,174,0.0
9157,2023-09-03 14:03:37.384000+00:00,29.9,43.3,41.0,1000.2,0.8,112,0.0
9157,2023-09-03 14:04:37.399000+00:00,29.9,42.9,41.0,1000.2,1.0,163,0.0
9157,2023-09-03 14:05:37.413000+00:00,29.7,42.5,42.0,1000.2,0.8,317,0.0
9157,2023-09-03 14:06:37.413000+00:00,29.7,42.5,41.0,1000.2,1.2,190,0.0
9157,2023-09-03 14:07:37.412000+00:00,29.8,42.8,42.0,1000.2,1.3,193,0.0
9157,2023-09-03 14:08:37.411000+00:00,29.8,42.6,41.0,1000.4,1.1,136,0.0
9157,2023-09-03 14:09:37.411000+00:00,29.9,42.6,41.0,1000.2,1.1,174,0.0
9157,2023-09-03 14:10:37.410000+00:00,29.8,42.4,41.0,1000.4,1.3,242,0.0
9157,2023-09-03 14:11:37.441000+00:00,29.8,42.5,42.0,1000.2,1.5,164,0.0
9157,2023-09-03 14:12:37.456000+00:00,29.8,42.6,41.0,1000.2,0.8,232,0.0
9157,2023-09-03 14:13:37.439000+00:00,29.8,42.6,41.0,1000.2,1.8,139,0.0
9157,2023-09-03 14:14:37.423000+00:00,29.9,42.5,42.0,1000.2,1.2,196,0.0
9157,2023-09-03 14:15:37.454000+00:00,30.0,42.5,43.0,1000.2,1.8,208,0.0
9157,2023-09-03 14:16:37.469000+00:00,30.1,42.5,41.0,1000.2,1.5,171,0.0
9157,2023-09-03 14:17:37.546000+00:00,30.0,42.8,40.0,1000.2,1.6,186,0.0
9157,2023-09-03 14:18:37.530000+00:00,30.0,42.8,40.0,1000.2,1.1,145,0.0
9157,2023-09-03 14:19:37.482000+00:00,30.0,42.6,40.0,1000.2,1.3,168,0.0
9157,2023-09-03 14:20:37.482000+00:00,30.0,42.8,40.0,1000.4,1.7,205,0.0
9157,2023-09-03 14:21:37.496000+00:00,30.1,42.9,41.0,1000.2,2.0,187,0.0
9157,2023-09-03 14:22:37.511000+00:00,30.2,42.9,40.0,1000.2,1.8,190,0.0
9157,2023-09-03 14:23:37.511000+00:00,30.3,42.5,39.0,1000.2,1.3,188,0.0
9157,2023-09-03 14:24:37.510000+00:00,30.2,42.5,39.0,1000.2,1.6,168,0.0
9157,2023-09-03 14:25:37.525000+00:00,30.1,42.5,39.0,1000.2,1.6,144,0.0
9157,2023-09-03 14:26:37.524000+00:00,30.0,41.7,40.0,1000.2,0.8,334,0.0
9157,2023-09-03 14:27:37.524000+00:00,30.0,41.7,40.0,1000.2,1.1,161,0.0
9157,2023-09-03 14:28:37.523000+00:00,30.0,41.6,41.0,1000.2,1.5,181,0.0
9157,2023-09-03 14:29:37.522000+00:00,30.0,41.8,41.0,1000.2,1.6,190,0.0
9157,2023-09-03 14:30:37.537000+00:00,30.0,41.2,41.0,1000.2,1.1,176,0.0
9157,2023-09-03 14:31:37.537000+00:00,30.1,41.2,41.0,1000.2,1.7,161,0.0
9157,2023-09-03 14:32:37.552000+00:00,30.0,41.2,42.0,1000.2,1.2,157,0.0
9157,2023-09-03 14:33:37.567000+00:00,30.0,41.0,41.0,1000.2,1.2,179,0.0
9157,2023-09-03 14:34:37.581000+00:00,30.0,40.8,41.0,1000.2,1.6,152,0.0
9157,2023-09-03 14:35:37.581000+00:00,30.0,40.8,41.0,1000.2,1.7,161,0.0
9157,2023-09-03 14:43:37.653000+00:00,29.9,39.3,42.0,1000.2,1.1,260,0.0
9165,2023-09-17 11:01:24.028000+00:00,30.0,38.3,68.0,1007.9,0.8,106,0.0
9165,2023-09-17 11:02:24.043000+00:00,30.1,38.5,68.0,1007.9,1.2,168,0.0
9165,2023-09-17 11:03:24.042000+00:00,30.0,38.6,68.0,1008.0,1.2,198,0.0
9165,2023-09-17 11:04:24.041000+00:00,30.0,38.6,68.0,1008.0,1.6,162,0.0
9165,2023-09-17 11:05:24.041000+00:00,30.0,38.4,68.0,1007.9,0.8,175,0.0
9165,2023-09-17 11:06:24.056000+00:00,30.0,38.1,69.0,1008.0,1.1,203,0.0
9165,2023-09-17 11:07:24.055000+00:00,30.0,38.3,69.0,1008.0,1.2,194,0.0
9165,2023-09-17 11:08:24.054000+00:00,30.0,38.1,68.0,1008.0,1.1,161,0.0
9165,2023-09-17 11:09:24.054000+00:00,30.0,38.6,67.0,1008.0,1.1,164,0.0
9165,2023-09-17 11:10:24.053000+00:00,30.0,38.2,68.0,1008.0,1.2,181,0.0
9165,2023-09-17 11:11:24.052000+00:00,30.0,38.1,68.0,1008.0,0.8,166,0.0
9165,2023-09-17 11:12:24.052000+00:00,30.0,38.2,67.0,1008.0,1.2,152,0.0
9165,2023-09-17 11:13:24.051000+00:00,30.0,38.1,67.0,1008.0,1.1,179,0.0
9165,2023-09-17 11:14:24.050000+00:00,30.1,38.1,67.0,1008.0,1.2,145,0.0
9165,2023-09-17 11:15:24.050000+00:00,30.1,38.0,68.0,1008.0,1.2,0,0.0
9165,2023-09-17 11:16:24.049000+00:00,30.2,38.0,67.0,1008.0,1.0,186,0.0
9165,2023-09-17 11:17:24.048000+00:00,30.2,37.7,67.0,1008.0,1.2,188,0.0
9165,2023-09-17 11:18:24.063000+00:00,30.2,37.7,67.0,1008.0,1.1,164,0.0
9165,2023-09-17 11:19:24.078000+00:00,30.2,38.3,67.0,1008.0,1.3,182,0.0
9165,2023-09-17 11:20:24.093000+00:00,30.2,37.9,67.0,1008.0,1.2,186,0.0
9165,2023-09-17 11:21:24.108000+00:00,30.1,37.5,68.0,1008.0,1.5,197,0.0
9165,2023-09-17 11:22:24.108000+00:00,30.0,37.4,69.0,1007.9,1.1,162,0.0
9165,2023-09-17 11:23:24.107000+00:00,30.0,37.4,69.0,1007.9,0.6,189,0.0
9165,2023-09-17 11:24:24.122000+00:00,30.0,37.5,70.0,1007.9,0.6,201,0.0
9165,2023-09-17 11:25:24.137000+00:00,29.9,37.7,69.0,1007.9,1.2,190,0.0
9165,2023-09-17 11:26:24.152000+00:00,29.9,37.8,69.0,1008.0,1.1,157,0.0
9165,2023-09-17 11:27:24.151000+00:00,29.9,37.7,70.0,1008.0,1.2,171,0.0
9165,2023-09-17 11:28:24.166000+00:00,29.9,37.9,69.0,1007.9,0.8,214,0.0
9165,2023-09-17 11:29:24.181000+00:00,29.9,37.6,70.0,1007.9,1.0,164,0.0
9165,2023-09-17 11:30:24.180000+00:00,29.9,37.9,69.0,1007.9,1.1,199,0.0
9165,2023-09-17 11:31:24.195000+00:00,29.9,37.9,69.0,1007.9,1.1,192,0.0
9165,2023-09-17 11:32:24.195000+00:00,29.9,37.9,69.0,1007.9,1.0,176,0.0
9165,2023-09-17 11:33:24.194000+00:00,29.9,37.7,69.0,1007.9,1.2,156,0.0
9165,2023-09-17 11:34:24.193000+00:00,29.9,37.7,69.0,1007.9,1.2,184,0.0
9165,2023-09-17 11:35:24.193000+00:00,29.8,37.4,69.0,1007.9,1.2,160,0.0
9165,2023-09-17 11:36:24.192000+00:00,29.8,37.0,69.0,1008.0,1.2,177,0.0
9165,2023-09-17 11:37:24.191000+00:00,29.8,37.1,69.0,1007.9,1.0,182,0.0
9165,2023-09-17 11:38:24.191000+00:00,29.8,37.2,69.0,1008.0,1.1,155,0.0
9165,2023-09-17 11:39:24.190000+00:00,29.8,37.2,69.0,1008.0,0.8,167,0.0
9165,2023-09-17 11:40:24.205000+00:00,29.8,37.5,69.0,1008.0,1.2,159,0.0
9165,2023-09-17 11:41:24.189000+00:00,29.8,37.5,70.0,1008.0,0.8,156,0.0
9165,2023-09-17 11:42:24.188000+00:00,29.8,37.2,69.0,1008.0,1.2,188,0.0
9165,2023-09-17 11:43:24.203000+00:00,29.8,37.1,70.0,1007.9,1.2,127,0.0
9165,2023-09-17 11:44:24.202000+00:00,29.7,36.7,70.0,1008.0,1.0,130,0.0
9165,2023-09-17 11:45:24.202000+00:00,29.8,36.7,70.0,1008.0,0.8,199,0.0
9165,2023-09-17 11:46:24.201000+00:00,29.8,36.7,71.0,1008.0,1.0,141,0.0
9165,2023-09-17 11:47:24.200000+00:00,29.8,37.3,70.0,1008.0,0.8,155,0.0
9165,2023-09-17 11:48:24.200000+00:00,29.8,37.3,70.0,1008.0,1.2,179,0.0
9165,2023-09-17 11:49:24.199000+00:00,29.8,37.5,70.0,1008.2,0.8,181,0.0
9165,2023-09-17 11:50:24.198000+00:00,29.8,37.1,69.0,1008.2,1.5,206,0.0
9165,2023-09-17 11:51:24.198000+00:00,29.8,37.1,70.0,1008.2,1.1,203,0.0
9165,2023-09-17 11:52:24.197000+00:00,29.7,37.1,70.0,1008.2,0.8,154,0.0
9165,2023-09-17 11:53:24.196000+00:00,29.8,37.1,70.0,1008.4,0.8,168,0.0
9165,2023-09-17 11:54:24.211000+00:00,29.8,36.9,70.0,1008.5,0.8,167,0.0
9165,2023-09-17 11:55:24.195000+00:00,29.7,37.0,70.0,1008.4,1.5,199,0.0
9165,2023-09-17 11:56:24.225000+00:00,29.7,37.3,70.0,1008.5,0.8,150,0.0
9165,2023-09-17 11:57:24.240000+00:00,29.7,37.4,71.0,1008.5,0.8,169,0.0
9165,2023-09-17 11:58:24.255000+00:00,29.7,37.4,71.0,1008.5,1.2,158,0.0
9165,2023-09-17 11:59:24.270000+00:00,29.8,37.2,71.0,1008.5,0.8,178,0.0
9165,2023-09-17 12:00:24.270000+00:00,29.8,36.9,71.0,1008.5,1.2,159,0.0
9165,2023-09-17 12:01:24.269000+00:00,29.8,36.9,71.0,1008.5,1.1,160,0.0
9165,2023-09-17 12:02:24.300000+00:00,29.7,36.9,71.0,1008.7,0.8,188,0.0
9165,2023-09-17 12:03:24.299000+00:00,29.8,36.8,71.0,1008.7,1.3,178,0.0
9165,2023-09-17 12:04:24.314000+00:00,29.8,36.7,72.0,1008.5,1.1,156,0.0
9165,2023-09-17 12:05:24.344000+00:00,29.8,36.7,72.0,1008.7,1.0,180,0.0
9165,2023-09-17 12:06:24.328000+00:00,29.8,37.2,72.0,1008.7,1.7,188,0.0
9165,2023-09-17 12:07:24.327000+00:00,29.9,37.3,71.0,1008.7,1.0,168,0.0
9165,2023-09-17 12:08:24.342000+00:00,29.9,37.3,72.0,1008.7,2.0,171,0.0
9165,2023-09-17 12:09:24.342000+00:00,29.9,37.2,71.0,1008.7,1.2,183,0.0
9165,2023-09-17 12:10:24.341000+00:00,29.9,37.2,71.0,1008.7,1.7,196,0.0
9165,2023-09-17 12:11:24.340000+00:00,29.9,37.0,71.0,1008.7,1.2,163,0.0
9165,2023-09-17 12:12:24.340000+00:00,30.0,36.7,71.0,1008.9,1.7,172,0.0
9165,2023-09-17 12:13:24.339000+00:00,30.0,36.8,72.0,1008.9,1.5,162,0.0
9165,2023-09-17 12:14:24.338000+00:00,30.0,36.8,72.0,1008.9,1.2,163,0.0
9165,2023-09-17 12:15:24.338000+00:00,30.0,36.8,71.0,1008.9,1.6,163,0.0
9165,2023-09-17 12:16:24.353000+00:00,30.0,36.5,72.0,1008.9,1.7,161,0.0
9165,2023-09-17 12:17:24.352000+00:00,30.0,36.3,72.0,1009.0,1.7,163,0.0
9165,2023-09-17 12:18:24.336000+00:00,30.0,36.6,73.0,1009.0,1.7,168,0.0
9165,2023-09-17 12:19:24.351000+00:00,30.0,36.2,73.0,1009.0,1.2,175,0.0
9165,2023-09-17 12:20:24.350000+00:00,30.0,36.8,73.0,1009.0,1.6,160,0.0
9165,2023-09-17 12:21:24.349000+00:00,30.0,36.8,72.0,1009.0,1.1,145,0.0
9165,2023-09-17 12:22:24.348000+00:00,30.1,36.8,72.0,1009.0,2.0,138,0.0
9165,2023-09-17 12:23:24.348000+00:00,30.0,36.8,72.0,1009.0,1.5,181,0.0
9165,2023-09-17 12:24:24.347000+00:00,30.1,36.6,72.0,1009.0,1.5,158,0.0
9165,2023-09-17 12:25:24.347000+00:00,30.1,36.6,72.0,1009.0,1.5,175,0.0
9165,2023-09-17 12:26:24.346000+00:00,30.1,36.4,72.0,1009.0,1.2,156,0.0
9165,2023-09-17 12:27:24.345000+00:00,30.1,36.4,72.0,1009.0,1.6,169,0.0
9165,2023-09-17 12:28:24.344000+00:00,30.1,36.4,72.0,1009.0,1.6,160,0.0
9165,2023-09-17 12:29:24.359000+00:00,30.1,36.4,72.0,1009.0,1.6,173,0.0
9165,2023-09-17 12:30:24.359000+00:00,30.1,36.5,72.0,1009.0,1.5,186,0.0
9165,2023-09-17 12:31:24.358000+00:00,30.1,36.5,73.0,1009.0,1.2,189,0.0
9165,2023-09-17 12:32:24.357000+00:00,30.0,36.5,73.0,1009.0,1.0,181,0.0
9165,2023-09-17 12:33:24.357000+00:00,30.0,36.4,73.0,1009.0,1.3,185,0.0
9165,2023-09-17 12:34:24.356000+00:00,30.0,36.3,73.0,1009.0,1.1,187,0.0
9165,2023-09-17 12:35:24.355000+00:00,30.0,36.3,73.0,1009.2,1.5,197,0.0
9165,2023-09-17 12:36:24.354000+00:00,30.0,36.2,73.0,1009.2,1.6,158,0.0
9165,2023-09-17 12:37:24.354000+00:00,30.0,36.2,72.0,1009.2,1.7,170,0.0
9165,2023-09-17 12:38:24.353000+00:00,30.0,36.3,73.0,1009.2,1.6,154,0.0
9165,2023-09-17 12:39:24.352000+00:00,30.0,36.3,72.0,1009.2,1.2,174,0.0
9165,2023-09-17 12:40:24.352000+00:00,30.0,36.4,72.0,1009.2,1.2,175,0.0
9165,2023-09-17 12:41:24.367000+00:00,30.0,36.2,72.0,1009.2,1.6,155,0.0
9165,2023-09-17 12:42:24.350000+00:00,29.9,36.0,72.0,1009.2,1.2,159,0.0
9165,2023-09-17 12:43:24.350000+00:00,30.0,36.0,72.0,1009.2,1.6,160,0.0
9165,2023-09-17 12:44:24.364000+00:00,29.9,36.1,72.0,1009.2,1.5,152,0.0
9165,2023-09-17 12:45:24.364000+00:00,29.9,36.1,73.0,1009.2,1.5,166,0.0
9165,2023-09-17 12:46:24.363000+00:00,29.9,35.9,72.0,1009.2,1.8,183,0.0
9165,2023-09-17 12:47:24.362000+00:00,29.9,36.0,72.0,1009.2,1.7,171,0.0
9165,2023-09-17 12:48:24.362000+00:00,29.8,36.0,72.0,1009.2,1.2,161,0.0
9165,2023-09-17 12:49:24.361000+00:00,29.9,36.2,72.0,1009.2,1.7,168,0.0
9165,2023-09-17 12:50:24.360000+00:00,29.9,36.1,72.0,1009.2,1.7,167,0.0
9165,2023-09-17 12:51:24.360000+00:00,30.0,36.1,72.0,1009.2,1.5,176,0.0
9165,2023-09-17 12:52:24.359000+00:00,30.0,35.7,73.0,1009.2,1.3,165,0.0
9165,2023-09-17 12:53:24.374000+00:00,30.0,35.7,73.0,1009.4,1.6,189,0.0
9165,2023-09-17 12:54:24.373000+00:00,30.0,35.9,74.0,1009.4,1.0,179,0.0
9165,2023-09-17 12:55:24.404000+00:00,30.0,35.9,74.0,1009.2,1.0,181,0.0
9165,2023-09-17 12:56:24.419000+00:00,30.0,35.9,74.0,1009.5,0.8,188,0.0
9165,2023-09-17 12:57:24.418000+00:00,30.0,35.9,74.0,1009.5,0.8,188,0.0
9165,2023-09-17 12:58:24.433000+00:00,30.0,35.9,73.0,1009.5,1.2,185,0.0
9165,2023-09-17 12:59:24.417000+00:00,30.0,35.9,74.0,1009.4,0.8,163,0.0
9165,2023-09-17 13:00:24.416000+00:00,30.0,35.9,74.0,1009.5,1.5,168,0.0
9165,2023-09-17 13:01:24.415000+00:00,30.0,35.9,74.0,1009.4,1.3,178,0.0
9165,2023-09-17 13:02:24.415000+00:00,30.0,35.9,74.0,1009.5,1.5,153,0.0
9165,2023-09-17 13:03:24.414000+00:00,30.0,35.9,74.0,1009.5,1.5,166,0.0
9165,2023-09-17 13:04:24.429000+00:00,30.0,35.5,74.0,1009.5,1.7,158,0.0
9165,2023-09-17 13:05:24.444000+00:00,29.9,35.4,74.0,1009.5,1.7,180,0.0
9165,2023-09-17 13:06:24.459000+00:00,29.9,35.5,74.0,1009.5,1.8,158,0.0
9165,2023-09-17 13:07:24.458000+00:00,29.9,35.3,74.0,1009.7,1.7,165,0.0
9165,2023-09-17 13:08:24.473000+00:00,29.8,35.5,74.0,1009.7,1.8,183,0.0
9165,2023-09-17 13:09:24.488000+00:00,29.8,35.5,74.0,1009.7,2.2,168,0.0
9165,2023-09-17 13:10:24.503000+00:00,29.8,35.5,74.0,1009.7,2.0,165,0.0
9165,2023-09-17 13:11:24.502000+00:00,29.7,35.5,75.0,1009.7,1.8,171,0.0
9165,2023-09-17 13:12:24.501000+00:00,29.7,35.5,74.0,1009.7,1.7,189,0.0
9165,2023-09-17 13:13:24.501000+00:00,29.8,35.5,75.0,1009.7,1.7,171,0.0
9165,2023-09-17 13:14:24.500000+00:00,29.8,35.5,75.0,1009.7,1.8,169,0.0
9165,2023-09-17 13:15:24.499000+00:00,29.8,35.5,74.0,1009.7,2.0,167,0.0
9165,2023-09-17 13:16:24.499000+00:00,29.8,35.3,74.0,1009.9,1.7,161,0.0
9165,2023-09-17 13:17:24.514000+00:00,29.7,34.8,74.0,1009.9,2.4,183,0.0
9165,2023-09-17 13:18:24.497000+00:00,29.7,34.9,74.0,1009.9,1.6,174,0.0
9165,2023-09-17 13:19:24.512000+00:00,29.7,35.3,75.0,1009.9,2.2,153,0.0
9165,2023-09-17 13:20:24.496000+00:00,29.6,35.3,74.0,1009.9,2.2,175,0.0
9165,2023-09-17 13:21:24.511000+00:00,29.6,35.3,74.0,1009.9,2.0,165,0.0
9165,2023-09-17 13:22:24.510000+00:00,29.6,35.1,74.0,1009.9,2.5,174,0.0
9165,2023-09-17 13:23:24.510000+00:00,29.6,35.0,74.0,1009.9,2.4,163,0.0
9165,2023-09-17 13:24:24.509000+00:00,29.5,35.0,75.0,1009.9,2.2,168,0.0
9165,2023-09-17 13:25:24.508000+00:00,29.5,34.9,75.0,1009.9,2.2,181,0.0
9165,2023-09-17 13:26:24.507000+00:00,29.5,34.9,75.0,1009.9,1.6,173,0.0
9165,2023-09-17 13:27:24.507000+00:00,29.6,34.8,75.0,1009.9,1.7,167,0.0
9165,2023-09-17 13:28:24.506000+00:00,29.5,35.0,75.0,1010.0,1.8,161,0.0
9165,2023-09-17 13:29:24.505000+00:00,29.6,34.9,75.0,1010.0,1.8,134,0.0
9165,2023-09-17 13:30:24.505000+00:00,29.6,35.2,75.0,1010.0,1.2,178,0.0
9165,2023-09-17 13:31:24.520000+00:00,29.6,35.2,75.0,1010.0,1.8,156,0.0
9165,2023-09-17 13:32:24.519000+00:00,29.6,35.6,75.0,1010.0,1.7,178,0.0
9165,2023-09-17 13:33:24.518000+00:00,29.7,35.3,75.0,1010.0,1.7,180,0.0
9165,2023-09-17 13:34:24.518000+00:00,29.6,34.9,75.0,1010.0,2.2,164,0.0
9165,2023-09-17 13:35:24.517000+00:00,29.6,34.8,75.0,1010.0,2.0,162,0.0
9165,2023-09-17 13:36:24.516000+00:00,29.6,34.6,75.0,1010.0,1.5,172,0.0
9165,2023-09-17 13:37:24.516000+00:00,29.6,34.6,76.0,1009.9,1.3,174,0.0
9165,2023-09-17 13:38:24.515000+00:00,29.5,34.8,76.0,1010.0,1.8,157,0.0
9165,2023-09-17 13:39:24.514000+00:00,29.5,34.8,76.0,1010.0,1.8,167,0.0
9165,2023-09-17 13:40:24.514000+00:00,29.5,34.8,76.0,1010.0,1.7,177,0.0
9165,2023-09-17 13:41:24.513000+00:00,29.6,34.8,76.0,1010.0,2.0,179,0.0
9165,2023-09-17 13:42:24.512000+00:00,29.6,34.8,76.0,1010.0,1.7,173,0.0
9165,2023-09-17 13:43:24.511000+00:00,29.5,34.9,76.0,1010.2,2.0,160,0.0
9165,2023-09-17 13:44:24.526000+00:00,29.5,35.0,76.0,1010.2,2.0,173,0.0
9165,2023-09-17 13:45:24.526000+00:00,29.5,35.2,76.0,1010.0,1.5,173,0.0
9165,2023-09-17 13:46:24.525000+00:00,29.5,35.1,76.0,1010.2,1.8,191,0.0
9165,2023-09-17 13:47:24.524000+00:00,29.5,35.0,76.0,1010.0,1.7,168,0.0
9165,2023-09-17 13:48:24.524000+00:00,29.5,34.9,76.0,1010.0,1.7,171,0.0
9165,2023-09-17 13:49:24.523000+00:00,29.5,34.9,76.0,1010.2,2.2,185,0.0
9165,2023-09-17 13:50:24.522000+00:00,29.4,34.8,76.0,1010.0,2.0,176,0.0
9165,2023-09-17 13:51:24.522000+00:00,29.5,34.9,76.0,1010.0,2.5,184,0.0
9165,2023-09-17 13:52:24.521000+00:00,29.5,35.0,76.0,1010.0,2.0,170,0.0
9165,2023-09-17 13:53:24.520000+00:00,29.5,35.0,76.0,1010.2,1.7,188,0.0
9165,2023-09-17 13:54:24.520000+00:00,29.5,35.0,76.0,1010.2,1.7,162,0.0
9165,2023-09-17 13:55:24.519000+00:00,29.5,35.0,76.0,1010.2,1.5,0,0.0
9165,2023-09-17 13:56:24.534000+00:00,29.4,35.0,77.0,1010.2,0.6,171,0.0
9173,2023-09-24 04:01:23.491000+00:00,27.3,45.8,46.0,1013.2,2.0,109,0.0
9173,2023-09-24 04:02:23.474000+00:00,27.3,46.4,46.0,1013.2,2.4,118,0.0
9173,2023-09-24 04:03:23.489000+00:00,27.3,46.4,45.0,1013.2,2.7,124,0.0
9173,2023-09-24 04:04:23.488000+00:00,27.5,46.2,46.0,1013.2,2.7,117,0.0
9173,2023-09-24 04:05:23.487000+00:00,27.7,45.8,45.0,1013.2,2.0,117,0.0
9173,2023-09-24 04:06:23.486000+00:00,27.7,46.4,45.0,1013.2,1.8,121,0.0
9173,2023-09-24 04:07:23.485000+00:00,27.7,46.5,44.0,1013.2,2.7,125,0.0
9173,2023-09-24 04:08:23.484000+00:00,27.5,45.9,44.0,1013.2,3.0,101,0.0
9173,2023-09-24 04:09:23.483000+00:00,27.5,45.7,45.0,1013.2,1.2,116,0.0
9173,2023-09-24 04:10:23.481000+00:00,27.5,45.7,45.0,1013.2,2.0,144,0.0
9173,2023-09-24 04:11:23.480000+00:00,27.6,46.7,44.0,1013.0,2.0,124,0.0
9173,2023-09-24 04:12:23.479000+00:00,27.6,46.5,43.0,1013.0,2.7,112,0.0
9173,2023-09-24 04:13:23.494000+00:00,27.5,46.1,44.0,1013.2,1.7,112,0.0
9173,2023-09-24 04:14:23.493000+00:00,27.5,45.6,45.0,1013.0,1.7,115,0.0
9173,2023-09-24 04:15:23.492000+00:00,27.5,45.6,44.0,1013.0,2.5,107,0.0
9173,2023-09-24 04:16:23.491000+00:00,27.5,45.9,43.0,1013.0,2.4,108,0.0
9173,2023-09-24 04:17:23.490000+00:00,27.5,46.1,43.0,1013.0,2.7,125,0.0
9173,2023-09-24 04:18:23.489000+00:00,27.4,46.0,43.0,1013.0,2.5,112,0.0
9173,2023-09-24 04:19:23.472000+00:00,27.4,45.8,43.0,1013.0,2.5,114,0.0
9173,2023-09-24 04:20:23.486000+00:00,27.5,46.1,42.0,1013.0,2.5,136,0.0
9173,2023-09-24 04:21:23.485000+00:00,27.6,46.1,42.0,1013.0,2.0,112,0.0
9173,2023-09-24 04:22:23.484000+00:00,27.6,46.2,41.0,1013.0,1.7,104,0.0
9173,2023-09-24 04:23:23.499000+00:00,27.6,46.2,41.0,1013.0,1.8,100,0.0
9173,2023-09-24 04:24:23.498000+00:00,27.6,46.0,41.0,1013.0,1.7,86,0.0
9173,2023-09-24 04:25:23.481000+00:00,27.6,46.0,42.0,1013.0,1.6,123,0.0
9173,2023-09-24 04:26:23.496000+00:00,27.5,46.0,41.0,1013.0,2.7,107,0.0
9173,2023-09-24 04:27:23.495000+00:00,27.6,45.8,41.0,1013.0,2.4,121,0.0
9173,2023-09-24 04:28:23.509000+00:00,27.5,45.7,41.0,1013.0,2.7,137,0.0
9173,2023-09-24 04:29:23.492000+00:00,27.6,45.7,41.0,1012.9,3.5,113,0.0
9173,2023-09-24 04:30:23.491000+00:00,27.5,45.6,42.0,1013.2,2.7,131,0.0
9173,2023-09-24 04:31:23.490000+00:00,27.5,45.4,42.0,1013.0,2.9,127,0.0
9173,2023-09-24 04:32:23.521000+00:00,27.4,45.4,41.0,1013.0,2.7,134,0.0
9173,2023-09-24 04:33:23.519000+00:00,27.3,45.4,40.0,1013.0,2.2,113,0.0
9173,2023-09-24 04:34:23.518000+00:00,27.2,45.1,41.0,1013.0,2.7,122,0.0
9173,2023-09-24 04:35:23.517000+00:00,27.1,45.1,40.0,1013.0,2.5,110,0.0
9173,2023-09-24 04:36:23.532000+00:00,27.3,45.0,41.0,1013.0,2.2,129,0.0
9173,2023-09-24 04:37:23.531000+00:00,27.1,45.0,41.0,1013.0,2.5,132,0.0
9173,2023-09-24 04:38:23.530000+00:00,27.1,45.0,41.0,1013.0,2.2,134,0.0
9173,2023-09-24 04:39:23.544000+00:00,27.1,44.1,41.0,1013.0,2.4,131,0.0
9173,2023-09-24 04:40:23.543000+00:00,27.2,43.8,40.0,1013.0,2.4,108,0.0
9173,2023-09-24 04:41:23.558000+00:00,27.1,43.8,41.0,1013.0,1.8,114,0.0
9173,2023-09-24 04:42:23.572000+00:00,27.2,43.8,41.0,1013.2,1.5,113,0.0
9173,2023-09-24 04:43:23.587000+00:00,27.2,44.7,41.0,1013.0,1.8,100,0.0
9173,2023-09-24 04:44:23.601000+00:00,27.1,44.7,40.0,1013.0,1.7,109,0.0
9173,2023-09-24 04:45:23.600000+00:00,27.1,44.6,41.0,1013.0,1.8,114,0.0
9173,2023-09-24 04:46:23.599000+00:00,27.1,44.6,40.0,1013.0,1.8,125,0.0
9173,2023-09-24 04:47:23.598000+00:00,27.1,44.8,41.0,1013.0,1.7,113,0.0
9173,2023-09-24 04:48:23.613000+00:00,27.1,44.3,40.0,1013.0,2.4,129,0.0
9173,2023-09-24 04:49:23.643000+00:00,27.2,44.6,41.0,1013.0,2.2,111,0.0
9173,2023-09-24 04:50:23.626000+00:00,27.3,44.6,41.0,1013.0,2.0,114,0.0
9173,2023-09-24 04:51:23.641000+00:00,27.3,44.6,41.0,1013.0,2.7,106,0.0
9173,2023-09-24 04:52:23.640000+00:00,27.5,44.5,41.0,1012.9,2.4,120,0.0
9173,2023-09-24 04:53:23.623000+00:00,27.5,44.4,41.0,1013.0,2.7,142,0.0
9173,2023-09-24 04:54:23.638000+00:00,27.4,44.5,41.0,1013.0,2.7,137,0.0
9173,2023-09-24 04:55:23.637000+00:00,27.4,44.4,41.0,1012.9,1.7,112,0.0
9173,2023-09-24 04:56:23.636000+00:00,27.4,44.3,41.0,1013.0,2.5,109,0.0
9173,2023-09-24 04:57:23.634000+00:00,27.3,44.3,41.0,1013.0,3.0,116,0.0
9173,2023-09-24 04:58:23.633000+00:00,27.2,44.3,41.0,1013.0,3.2,121,0.0
9173,2023-09-24 04:59:23.648000+00:00,27.2,44.1,41.0,1013.0,3.0,112,0.0
9173,2023-09-24 05:00:23.647000+00:00,27.1,43.7,42.0,1013.0,2.7,119,0.0
9173,2023-09-24 05:01:23.646000+00:00,27.1,43.8,43.0,1013.0,2.5,112,0.0
9173,2023-09-24 05:02:23.645000+00:00,27.1,43.8,42.0,1013.0,1.7,125,0.0
9173,2023-09-24 05:03:23.644000+00:00,27.0,43.9,42.0,1013.0,2.0,147,0.0
9173,2023-09-24 05:04:23.643000+00:00,27.0,44.0,42.0,1013.0,2.5,145,0.0
9173,2023-09-24 05:05:23.642000+00:00,27.0,43.9,42.0,1013.0,2.5,138,0.0
9173,2023-09-24 05:06:23.640000+00:00,27.0,43.9,41.0,1013.0,1.7,129,0.0
9173,2023-09-24 05:07:23.655000+00:00,27.1,44.1,39.0,1013.0,2.7,119,0.0
9173,2023-09-24 05:08:23.638000+00:00,27.1,43.6,41.0,1013.0,3.0,135,0.0
9173,2023-09-24 05:09:23.637000+00:00,27.1,43.5,42.0,1013.0,1.5,110,0.0
9173,2023-09-24 05:10:23.652000+00:00,27.2,43.5,42.0,1013.0,1.7,113,0.0
9173,2023-09-24 05:11:23.651000+00:00,27.2,43.7,42.0,1013.0,2.5,136,0.0
9173,2023-09-24 05:12:23.665000+00:00,27.2,43.7,41.0,1013.0,2.5,130,0.0
9173,2023-09-24 05:13:23.649000+00:00,27.2,43.2,43.0,1013.0,3.0,133,0.0
9173,2023-09-24 05:14:23.648000+00:00,27.1,43.0,43.0,1013.0,2.2,114,0.0
9173,2023-09-24 05:15:23.647000+00:00,27.2,42.6,43.0,1013.0,2.0,133,0.0
9173,2023-09-24 05:16:23.645000+00:00,27.2,43.0,42.0,1012.9,3.0,130,0.0
9173,2023-09-24 05:17:23.644000+00:00,27.1,42.4,43.0,1013.0,2.4,123,0.0
9173,2023-09-24 05:18:23.643000+00:00,27.1,42.8,42.0,1013.0,1.3,79,0.0
9173,2023-09-24 05:19:23.658000+00:00,27.1,43.0,42.0,1013.0,1.2,106,0.0
9173,2023-09-24 05:20:23.657000+00:00,27.2,43.1,41.0,1013.0,1.2,85,0.0
9173,2023-09-24 05:21:23.640000+00:00,27.1,43.0,41.0,1012.9,1.7,9,0.0
9173,2023-09-24 05:22:23.655000+00:00,27.1,42.9,41.0,1013.0,1.0,139,0.0
9173,2023-09-24 05:23:23.654000+00:00,27.1,43.5,40.0,1012.9,1.5,155,0.0
9173,2023-09-24 05:24:23.668000+00:00,27.2,43.5,40.0,1012.9,1.7,95,0.0
9173,2023-09-24 05:25:23.683000+00:00,27.2,43.3,41.0,1012.7,1.6,145,0.0
9173,2023-09-24 05:26:23.697000+00:00,27.3,43.3,40.0,1012.9,0.8,324,0.0
9173,2023-09-24 05:27:23.712000+00:00,27.3,43.4,41.0,1012.7,1.2,97,0.0
9173,2023-09-24 05:28:23.695000+00:00,27.3,43.4,41.0,1012.9,1.2,35,0.0
9173,2023-09-24 05:29:23.710000+00:00,27.4,43.1,41.0,1012.9,1.6,132,0.0
9173,2023-09-24 05:30:23.709000+00:00,27.3,43.2,41.0,1012.9,0.8,135,0.0
9173,2023-09-24 05:31:23.708000+00:00,27.3,43.0,40.0,1012.7,0.8,85,0.0
9173,2023-09-24 05:32:23.707000+00:00,27.2,43.0,40.0,1012.7,1.6,87,0.0
9173,2023-09-24 05:33:23.705000+00:00,27.2,43.1,40.0,1012.9,1.1,308,0.0
9173,2023-09-24 05:34:23.704000+00:00,27.3,43.1,40.0,1012.9,1.1,92,0.0
9173,2023-09-24 05:35:23.719000+00:00,27.3,43.0,40.0,1012.9,0.8,141,0.0
9173,2023-09-24 05:36:23.702000+00:00,27.3,43.2,41.0,1012.9,2.0,96,0.0
9173,2023-09-24 05:37:23.701000+00:00,27.3,42.8,42.0,1012.9,1.0,128,0.0
9173,2023-09-24 05:38:23.716000+00:00,27.2,42.6,42.0,1012.9,1.2,82,0.0
9173,2023-09-24 05:39:23.715000+00:00,27.3,42.5,43.0,1012.9,0.8,199,0.0
9173,2023-09-24 05:40:23.714000+00:00,27.3,42.3,42.0,1012.9,1.7,3,0.0
9173,2023-09-24 05:41:23.728000+00:00,27.3,42.3,42.0,1012.9,1.0,134,0.0
9173,2023-09-24 05:42:23.743000+00:00,27.3,42.7,43.0,1013.0,1.3,76,0.0
9173,2023-09-24 05:43:23.757000+00:00,27.3,40.8,43.0,1013.0,1.7,20,0.0
9173,2023-09-24 05:44:23.756000+00:00,27.3,40.7,42.0,1012.9,1.0,145,0.0
9173,2023-09-24 05:45:23.771000+00:00,27.3,40.5,41.0,1012.9,1.8,100,0.0
9173,2023-09-24 05:46:23.785000+00:00,27.4,40.4,39.0,1012.9,1.3,83,0.0
9173,2023-09-24 05:47:23.784000+00:00,27.4,40.2,39.0,1012.9,1.8,326,0.0
9173,2023-09-24 05:48:23.799000+00:00,27.5,39.6,39.0,1013.0,1.1,22,0.0
9173,2023-09-24 05:49:23.798000+00:00,27.4,39.6,39.0,1012.9,1.0,3,0.0
9173,2023-09-24 05:50:23.797000+00:00,27.4,39.2,40.0,1013.0,0.5,187,0.0
9173,2023-09-24 05:51:23.796000+00:00,27.4,39.1,40.0,1012.9,0.8,131,0.0
9173,2023-09-24 05:52:23.795000+00:00,27.4,39.1,41.0,1013.0,2.2,100,0.0
9173,2023-09-24 05:53:23.825000+00:00,27.3,38.7,42.0,1012.9,1.0,161,0.0
9173,2023-09-24 05:54:23.792000+00:00,27.4,38.2,42.0,1012.9,0.8,103,0.0
9173,2023-09-24 05:55:23.791000+00:00,27.4,38.2,42.0,1012.9,1.7,114,0.0
9173,2023-09-24 05:56:23.806000+00:00,27.3,38.4,41.0,1013.0,1.7,113,0.0
9173,2023-09-24 05:57:23.805000+00:00,27.4,38.4,40.0,1012.9,1.1,351,0.0
9173,2023-09-24 05:58:23.804000+00:00,27.4,38.4,40.0,1012.9,1.0,148,0.0
9173,2023-09-24 05:59:23.803000+00:00,27.4,38.4,40.0,1012.9,0.5,112,0.0
9173,2023-09-24 06:00:23.802000+00:00,27.4,38.3,42.0,1012.9,1.1,137,0.0
9173,2023-09-24 06:01:23.801000+00:00,27.4,38.1,41.0,1012.9,1.8,136,0.0
9173,2023-09-24 06:02:23.800000+00:00,27.4,37.9,41.0,1012.7,1.6,63,0.0
9173,2023-09-24 06:03:23.799000+00:00,27.3,37.8,41.0,1012.7,1.2,72,0.0
9173,2023-09-24 06:04:23.797000+00:00,27.3,37.7,41.0,1012.9,1.0,79,0.0
9173,2023-09-24 06:05:23.812000+00:00,27.2,37.7,41.0,1012.7,1.5,97,0.0
9173,2023-09-24 06:06:23.811000+00:00,27.2,37.6,42.0,1012.7,1.0,64,0.0
9173,2023-09-24 06:07:23.794000+00:00,27.3,37.4,42.0,1012.7,1.0,69,0.0
9173,2023-09-24 06:08:23.809000+00:00,27.3,37.4,42.0,1012.7,1.1,353,0.0
9173,2023-09-24 06:09:23.808000+00:00,27.3,37.4,41.0,1012.7,0.6,297,0.0
9173,2023-09-24 06:10:23.822000+00:00,27.4,38.0,41.0,1012.7,0.8,140,0.0
9173,2023-09-24 06:11:23.821000+00:00,27.3,38.0,42.0,1012.7,1.5,115,0.0
9173,2023-09-24 06:12:23.820000+00:00,27.3,37.4,44.0,1012.7,2.2,134,0.0
9173,2023-09-24 06:13:23.835000+00:00,27.3,37.0,45.0,1012.7,1.7,157,0.0
9173,2023-09-24 06:14:23.834000+00:00,27.3,37.3,45.0,1012.7,1.5,106,0.0
9173,2023-09-24 06:15:23.864000+00:00,27.3,37.3,44.0,1012.7,1.0,110,0.0
9173,2023-09-24 06:16:23.863000+00:00,27.3,37.2,45.0,1012.9,1.6,140,0.0
9173,2023-09-24 06:17:23.862000+00:00,27.4,37.2,44.0,1012.7,1.2,63,0.0
9173,2023-09-24 06:18:23.861000+00:00,27.4,37.4,44.0,1012.7,0.5,143,0.0
9173,2023-09-24 06:19:23.860000+00:00,27.3,37.4,45.0,1012.7,1.6,108,0.0
9173,2023-09-24 06:20:23.874000+00:00,27.1,37.1,46.0,1012.7,1.8,117,0.0
9173,2023-09-24 06:21:23.873000+00:00,27.1,36.9,44.0,1012.7,1.8,114,0.0
9173,2023-09-24 06:22:23.872000+00:00,27.1,36.9,44.0,1012.7,2.4,142,0.0
9173,2023-09-24 06:23:23.871000+00:00,27.1,36.9,44.0,1012.9,2.7,93,0.0
9173,2023-09-24 06:24:23.886000+00:00,27.2,36.6,45.0,1012.7,1.7,101,0.0
9173,2023-09-24 06:25:23.900000+00:00,27.2,36.7,45.0,1012.9,1.3,129,0.0
9173,2023-09-24 06:26:23.899000+00:00,27.1,36.8,45.0,1012.9,1.5,126,0.0
9173,2023-09-24 06:27:23.914000+00:00,27.1,36.6,46.0,1012.7,2.2,104,0.0
9173,2023-09-24 06:28:23.913000+00:00,27.2,36.6,47.0,1012.9,1.2,113,0.0
9173,2023-09-24 06:29:23.927000+00:00,27.2,36.6,47.0,1012.9,1.5,116,0.0
9173,2023-09-24 06:30:23.926000+00:00,27.2,36.9,47.0,1012.7,1.1,102,0.0
9173,2023-09-24 06:31:23.941000+00:00,27.2,36.7,47.0,1012.9,1.8,114,0.0
9173,2023-09-24 06:32:23.940000+00:00,27.3,36.8,46.0,1012.9,0.6,139,0.0
9173,2023-09-24 06:33:23.939000+00:00,27.2,36.8,46.0,1012.9,1.7,112,0.0
9173,2023-09-24 06:34:23.938000+00:00,27.1,36.5,47.0,1012.7,1.3,49,0.0
9173,2023-09-24 06:35:23.952000+00:00,27.0,36.3,47.0,1012.9,1.3,134,0.0
9173,2023-09-24 06:36:23.951000+00:00,26.9,36.2,48.0,1012.9,2.7,133,0.0
9173,2023-09-24 06:37:23.950000+00:00,26.9,36.2,49.0,1012.7,2.9,149,0.0
9173,2023-09-24 06:38:23.949000+00:00,26.9,35.5,49.0,1012.9,2.0,103,0.0
9220,2023-10-07 16:34:15.954000+00:00,32.3,36.6,56.0,1007.7,2.7,309,0.0
9220,2023-10-07 16:35:15.953000+00:00,32.3,36.6,56.0,1007.7,2.7,308,0.0
9220,2023-10-07 16:36:15.953000+00:00,32.3,36.4,57.0,1007.7,2.7,311,0.0
9220,2023-10-07 16:37:15.967000+00:00,32.3,36.5,56.0,1007.7,2.5,308,0.0
9220,2023-10-07 16:38:15.967000+00:00,32.3,36.4,56.0,1007.7,2.2,320,0.0
9220,2023-10-07 16:39:15.966000+00:00,32.2,36.6,56.0,1007.7,1.8,316,0.0
9220,2023-10-07 16:40:15.981000+00:00,32.2,36.7,57.0,1007.7,2.0,312,0.0
9220,2023-10-07 16:41:15.980000+00:00,32.3,36.7,56.0,1007.7,2.2,304,0.0
9220,2023-10-07 16:42:16.011000+00:00,32.2,36.5,57.0,1007.7,2.2,303,0.0
9220,2023-10-07 16:43:15.995000+00:00,32.2,36.5,57.0,1007.7,2.2,310,0.0
9220,2023-10-07 16:44:15.994000+00:00,32.2,36.5,57.0,1007.7,1.7,305,0.0
9220,2023-10-07 16:45:16.009000+00:00,32.2,36.5,57.0,1007.7,2.2,306,0.0
9220,2023-10-07 16:46:16.008000+00:00,32.2,36.5,57.0,1007.7,2.4,306,0.0
9220,2023-10-07 16:47:16.008000+00:00,32.1,36.5,57.0,1007.7,2.0,307,0.0
9220,2023-10-07 16:48:16.007000+00:00,32.1,36.5,57.0,1007.7,2.2,311,0.0
9220,2023-10-07 16:49:16.006000+00:00,32.1,36.5,58.0,1007.7,2.5,310,0.0
9220,2023-10-07 16:50:16.021000+00:00,32.1,36.4,58.0,1007.7,2.0,314,0.0
9220,2023-10-07 16:51:16.005000+00:00,32.1,36.3,57.0,1007.7,1.8,312,0.0
9220,2023-10-07 16:52:16.004000+00:00,32.1,36.3,58.0,1007.7,2.0,316,0.0
9220,2023-10-07 16:53:16.004000+00:00,32.1,36.4,57.0,1007.7,2.0,313,0.0
9220,2023-10-07 16:54:16.003000+00:00,32.0,36.4,57.0,1007.7,1.5,347,0.0
9220,2023-10-07 16:55:16.002000+00:00,32.0,36.4,58.0,1007.7,1.8,313,0.0
9220,2023-10-07 16:56:16.002000+00:00,32.0,36.4,58.0,1007.7,2.2,315,0.0
9220,2023-10-07 16:57:16.017000+00:00,32.0,36.1,58.0,1007.7,2.0,308,0.0
9220,2023-10-07 16:58:16.016000+00:00,32.0,36.2,58.0,1007.7,1.7,329,0.0
9220,2023-10-07 16:59:16.015000+00:00,32.0,36.3,58.0,1007.9,1.6,321,0.0
9220,2023-10-07 17:00:16.015000+00:00,32.0,36.3,58.0,1007.7,1.8,302,0.0
9220,2023-10-07 17:01:16.014000+00:00,32.0,36.3,57.0,1007.9,1.6,311,0.0
9220,2023-10-07 17:02:16.013000+00:00,32.0,36.2,58.0,1007.7,1.6,303,0.0
9220,2023-10-07 17:03:16.013000+00:00,32.0,36.2,59.0,1007.7,2.5,307,0.0
9220,2023-10-07 17:04:16.012000+00:00,32.0,36.1,59.0,1007.9,2.4,338,0.0
9220,2023-10-07 17:05:16.027000+00:00,32.0,36.4,59.0,1007.9,1.6,300,0.0
9220,2023-10-07 17:06:16.011000+00:00,32.0,36.4,59.0,1007.7,1.2,301,0.0
9220,2023-10-07 17:07:16.010000+00:00,32.0,36.4,58.0,1007.9,1.1,292,0.0
9220,2023-10-07 17:08:16.009000+00:00,32.0,36.5,58.0,1007.7,1.7,329,0.0
9220,2023-10-07 17:09:16.009000+00:00,32.0,36.3,58.0,1007.9,1.2,314,0.0
9220,2023-10-07 17:10:16.008000+00:00,32.0,36.3,59.0,1007.9,1.6,334,0.0
9220,2023-10-07 17:11:16.007000+00:00,31.9,36.3,58.0,1007.7,1.5,306,0.0
9220,2023-10-07 17:12:16.022000+00:00,31.9,36.2,59.0,1007.9,2.2,307,0.0
9220,2023-10-07 17:13:16.021000+00:00,31.9,35.8,59.0,1007.9,2.5,311,0.0
9220,2023-10-07 17:14:16.021000+00:00,31.9,35.9,59.0,1008.0,1.7,297,0.0
9220,2023-10-07 17:15:16.020000+00:00,31.9,36.0,59.0,1007.9,1.7,303,0.0
9220,2023-10-07 17:16:16.035000+00:00,31.9,36.1,60.0,1007.9,2.2,310,0.0
9220,2023-10-07 17:17:16.050000+00:00,31.9,36.1,60.0,1007.9,2.0,318,0.0
9220,2023-10-07 17:18:16.049000+00:00,31.8,36.1,59.0,1007.9,1.6,310,0.0
9220,2023-10-07 17:19:16.064000+00:00,31.8,35.9,59.0,1008.0,1.7,319,0.0
9220,2023-10-07 17:20:16.079000+00:00,31.8,35.9,60.0,1008.0,1.6,306,0.0
9220,2023-10-07 17:21:16.079000+00:00,31.7,35.9,61.0,1007.9,1.8,309,0.0
9220,2023-10-07 17:22:16.094000+00:00,31.7,35.9,60.0,1008.0,1.7,300,0.0
9220,2023-10-07 17:23:16.093000+00:00,31.7,35.7,61.0,1008.0,1.8,307,0.0
9220,2023-10-07 17:24:16.124000+00:00,31.7,35.9,60.0,1008.0,2.0,311,0.0
9220,2023-10-07 17:25:16.123000+00:00,31.7,36.1,61.0,1008.0,2.0,293,0.0
9220,2023-10-07 17:26:16.122000+00:00,31.7,35.9,61.0,1008.0,1.7,326,0.0
9220,2023-10-07 17:27:16.122000+00:00,31.7,35.8,60.0,1007.9,1.8,289,0.0
9220,2023-10-07 17:28:16.121000+00:00,31.6,35.8,61.0,1008.0,2.0,306,0.0
9220,2023-10-07 17:29:16.120000+00:00,31.7,35.6,61.0,1008.0,1.7,299,0.0
9220,2023-10-07 17:30:16.120000+00:00,31.7,35.7,61.0,1008.0,1.8,293,0.0
9220,2023-10-07 17:31:16.134000+00:00,31.6,35.7,61.0,1008.0,2.0,303,0.0
9220,2023-10-07 17:32:16.165000+00:00,31.6,35.7,61.0,1008.0,1.7,319,0.0
9220,2023-10-07 17:33:16.149000+00:00,31.6,35.5,61.0,1008.0,1.7,305,0.0
9220,2023-10-07 17:34:16.148000+00:00,31.6,35.6,61.0,1008.0,1.5,341,0.0
9220,2023-10-07 17:35:16.147000+00:00,31.6,35.6,60.0,1008.0,0.8,269,0.0
9220,2023-10-07 17:36:16.162000+00:00,31.6,35.7,61.0,1008.0,1.3,339,0.0
9220,2023-10-07 17:37:16.162000+00:00,31.6,35.7,60.0,1008.0,1.2,243,0.0
9220,2023-10-07 17:38:16.161000+00:00,31.6,35.7,61.0,1008.0,1.2,297,0.0
9220,2023-10-07 17:39:16.160000+00:00,31.7,36.0,61.0,1008.0,1.0,296,0.0
9220,2023-10-07 17:40:16.160000+00:00,31.6,35.6,61.0,1008.0,1.0,269,0.0
9220,2023-10-07 17:41:16.159000+00:00,31.6,36.0,61.0,1008.0,0.8,3,0.0
9220,2023-10-07 17:42:16.158000+00:00,31.6,35.6,61.0,1008.0,1.0,298,0.0
9220,2023-10-07 17:43:16.158000+00:00,31.6,35.6,61.0,1008.2,1.2,293,0.0
9220,2023-10-07 17:44:16.157000+00:00,31.6,35.5,61.0,1008.0,0.6,269,0.0
9220,2023-10-07 17:45:16.156000+00:00,31.6,35.5,61.0,1008.0,1.0,313,0.0
9220,2023-10-07 17:46:16.171000+00:00,31.6,35.5,61.0,1008.0,0.6,348,0.0
9220,2023-10-07 17:47:16.155000+00:00,31.6,35.4,61.0,1008.0,1.1,323,0.0
9220,2023-10-07 17:48:16.154000+00:00,31.6,35.4,62.0,1008.0,1.1,150,0.0
9220,2023-10-07 17:49:16.185000+00:00,31.5,35.6,61.0,1008.0,1.2,293,0.0
9220,2023-10-07 17:50:16.169000+00:00,31.6,35.8,61.0,1008.0,0.8,288,0.0
9220,2023-10-07 17:51:16.168000+00:00,31.5,35.5,61.0,1008.0,1.2,183,0.0
9220,2023-10-07 17:52:16.167000+00:00,31.6,35.5,62.0,1008.0,0.8,293,0.0
9220,2023-10-07 17:53:16.167000+00:00,31.6,35.5,61.0,1008.2,0.6,178,0.0
9220,2023-10-07 17:54:16.166000+00:00,31.6,36.0,61.0,1008.0,0.5,141,0.0
9220,2023-10-07 17:55:16.165000+00:00,31.6,36.0,61.0,1008.0,1.0,251,0.0
9220,2023-10-07 17:56:16.165000+00:00,31.6,35.9,61.0,1008.0,0.6,296,0.0
9220,2023-10-07 17:57:16.164000+00:00,31.5,35.5,62.0,1008.0,1.0,311,0.0
9220,2023-10-07 17:58:16.163000+00:00,31.5,35.2,62.0,1008.0,1.2,237,0.0
9220,2023-10-07 17:59:16.178000+00:00,31.5,35.2,62.0,1008.0,1.7,0,0.0
9220,2023-10-07 18:00:16.162000+00:00,31.4,35.1,62.0,1008.0,1.6,286,0.0
9220,2023-10-07 18:01:16.177000+00:00,31.4,35.0,62.0,1008.0,1.2,277,0.0
9220,2023-10-07 18:02:16.176000+00:00,31.4,35.0,62.0,1008.0,1.0,291,0.0
9220,2023-10-07 18:03:16.176000+00:00,31.4,35.0,63.0,1008.0,1.3,150,0.0
9220,2023-10-07 18:04:16.175000+00:00,31.4,35.0,62.0,1008.0,0.8,298,0.0
9220,2023-10-07 18:05:16.174000+00:00,31.4,35.3,62.0,1008.0,1.2,56,0.0
9220,2023-10-07 18:06:16.174000+00:00,31.3,35.3,62.0,1008.0,1.0,165,0.0
9220,2023-10-07 18:07:16.173000+00:00,31.4,35.7,62.0,1008.0,1.2,311,0.0
9220,2023-10-07 18:08:16.172000+00:00,31.3,35.1,61.0,1008.0,0.8,317,0.0
9220,2023-10-07 18:09:16.172000+00:00,31.3,35.0,62.0,1008.2,1.7,166,0.0
9220,2023-10-07 18:10:16.171000+00:00,31.3,35.3,62.0,1008.0,0.4,194,0.0
9220,2023-10-07 18:11:16.186000+00:00,31.3,35.3,62.0,1008.0,0.6,279,0.0
9220,2023-10-07 18:12:16.170000+00:00,31.3,35.3,62.0,1008.0,0.8,271,0.0
9220,2023-10-07 18:13:16.185000+00:00,31.3,35.3,63.0,1008.0,1.3,305,0.0
9220,2023-10-07 18:14:16.184000+00:00,31.3,34.8,63.0,1008.0,1.5,311,0.0
9220,2023-10-07 18:15:16.183000+00:00,31.3,34.8,63.0,1008.0,1.2,311,0.0
9220,2023-10-07 18:16:16.182000+00:00,31.3,35.1,63.0,1008.0,1.7,307,0.0
9220,2023-10-07 18:17:16.182000+00:00,31.2,35.1,63.0,1008.0,1.7,301,0.0
9221,2023-10-08 16:01:20.941000+00:00,32.3,38.1,64.0,1009.5,1.1,282,0.0
9221,2023-10-08 16:02:20.941000+00:00,32.3,38.5,64.0,1009.5,1.2,278,0.0
9221,2023-10-08 16:03:20.940000+00:00,32.2,38.4,65.0,1009.5,1.0,287,0.0
9221,2023-10-08 16:04:20.939000+00:00,32.3,38.1,65.0,1009.5,1.0,289,0.0
9221,2023-10-08 16:05:20.939000+00:00,32.2,38.1,65.0,1009.5,1.2,291,0.0
9221,2023-10-08 16:06:20.953000+00:00,32.2,38.1,66.0,1009.5,1.0,281,0.0
9221,2023-10-08 16:07:20.953000+00:00,32.2,38.0,66.0,1009.5,1.2,287,0.0
9221,2023-10-08 16:08:20.952000+00:00,32.2,38.0,66.0,1009.5,1.3,285,0.0
9221,2023-10-08 16:09:20.952000+00:00,32.1,37.9,65.0,1009.5,0.8,295,0.0
9221,2023-10-08 16:10:20.951000+00:00,32.1,37.9,67.0,1009.5,1.1,297,0.0
9221,2023-10-08 16:11:20.950000+00:00,32.0,37.9,67.0,1009.5,1.1,295,0.0
9221,2023-10-08 16:12:20.949000+00:00,32.1,37.7,68.0,1009.5,1.5,285,0.0
9221,2023-10-08 16:13:20.949000+00:00,32.0,37.9,67.0,1009.5,0.8,288,0.0
9221,2023-10-08 16:14:20.948000+00:00,32.0,37.9,68.0,1009.5,1.2,299,0.0
9221,2023-10-08 16:15:20.947000+00:00,32.0,38.0,68.0,1009.5,1.0,259,0.0
9221,2023-10-08 16:16:20.947000+00:00,32.0,37.7,68.0,1009.5,1.1,271,0.0
9221,2023-10-08 16:17:20.946000+00:00,32.0,37.6,69.0,1009.5,1.2,266,0.0
9221,2023-10-08 16:18:20.961000+00:00,32.0,38.0,69.0,1009.5,1.2,281,0.0
9221,2023-10-08 16:19:20.961000+00:00,32.0,38.0,69.0,1009.5,1.0,287,0.0
9221,2023-10-08 16:20:20.960000+00:00,32.0,38.1,69.0,1009.5,0.6,252,0.0
9221,2023-10-08 16:21:20.959000+00:00,31.9,38.1,69.0,1009.5,0.6,277,0.0
9221,2023-10-08 16:22:20.958000+00:00,32.0,38.4,69.0,1009.5,0.8,295,0.0
9221,2023-10-08 16:23:20.973000+00:00,31.9,38.5,69.0,1009.5,0.8,283,0.0
9221,2023-10-08 16:24:20.988000+00:00,31.9,38.0,70.0,1009.5,1.2,296,0.0
9221,2023-10-08 16:25:21.003000+00:00,31.8,37.9,69.0,1009.5,1.2,269,0.0
9221,2023-10-08 16:26:21.018000+00:00,31.9,37.7,71.0,1009.7,1.3,294,0.0
9221,2023-10-08 16:27:21.018000+00:00,31.9,37.1,71.0,1009.5,1.2,342,0.0
9221,2023-10-08 16:28:21.033000+00:00,31.8,37.6,70.0,1009.7,0.6,292,0.0
9221,2023-10-08 16:29:21.016000+00:00,31.8,37.6,72.0,1009.7,1.1,301,0.0
9221,2023-10-08 16:30:21.016000+00:00,31.8,37.6,72.0,1009.7,0.6,317,0.0
9221,2023-10-08 16:31:21.031000+00:00,31.8,37.4,73.0,1009.7,0.8,291,0.0
9221,2023-10-08 16:32:21.046000+00:00,31.7,37.1,73.0,1009.7,1.0,280,0.0
9221,2023-10-08 16:33:21.061000+00:00,31.7,37.3,73.0,1009.7,1.0,279,0.0
9221,2023-10-08 16:34:21.060000+00:00,31.7,37.3,73.0,1009.7,1.1,0,0.0
9221,2023-10-08 16:35:21.059000+00:00,31.7,37.6,72.0,1009.7,0.6,278,0.0
9221,2023-10-08 16:36:21.059000+00:00,31.7,37.3,72.0,1009.7,1.2,295,0.0
9221,2023-10-08 16:37:21.058000+00:00,31.6,37.2,72.0,1009.7,0.8,279,0.0
9221,2023-10-08 16:38:21.057000+00:00,31.6,36.9,74.0,1009.7,0.6,26,0.0
9221,2023-10-08 16:39:21.057000+00:00,31.6,37.2,74.0,1009.7,0.4,272,0.0
9221,2023-10-08 16:40:21.056000+00:00,31.6,37.6,74.0,1009.7,1.0,291,0.0
9221,2023-10-08 16:41:21.071000+00:00,31.6,37.2,74.0,1009.9,1.2,310,0.0
9221,2023-10-08 16:42:21.070000+00:00,31.6,37.4,74.0,1009.7,1.1,280,0.0
9221,2023-10-08 16:43:21.070000+00:00,31.6,37.4,74.0,1009.7,1.1,280,0.0
9221,2023-10-08 16:44:21.071000+00:00,31.6,37.4,74.0,1009.7,1.1,280,0.0
9221,2023-10-08 16:45:21.068000+00:00,31.4,37.4,74.0,1009.7,1.1,280,0.0
9221,2023-10-08 16:46:21.068000+00:00,31.4,37.4,74.0,1009.7,1.1,280,0.0
9221,2023-10-08 16:47:21.082000+00:00,31.6,37.4,75.0,1009.7,1.0,297,0.0
9221,2023-10-08 16:48:21.097000+00:00,31.6,37.4,75.0,1009.9,1.1,296,0.0
9221,2023-10-08 16:49:21.097000+00:00,31.6,37.4,74.0,1009.9,1.0,281,0.0
9221,2023-10-08 16:50:21.096000+00:00,31.5,37.4,75.0,1009.9,0.8,265,0.0
9221,2023-10-08 16:51:21.095000+00:00,31.5,37.4,75.0,1009.9,0.8,288,0.0
9221,2023-10-08 16:52:21.095000+00:00,31.5,37.3,74.0,1009.9,0.6,295,0.0
9221,2023-10-08 16:53:21.094000+00:00,31.5,37.2,74.0,1009.9,1.0,286,0.0
9221,2023-10-08 16:54:21.109000+00:00,31.5,37.4,73.0,1009.7,1.0,285,0.0
9221,2023-10-08 16:55:21.108000+00:00,31.6,37.5,73.0,1009.9,1.0,319,0.0
9221,2023-10-08 16:56:21.108000+00:00,31.6,37.4,73.0,1009.7,1.0,287,0.0
9221,2023-10-08 16:57:21.107000+00:00,31.6,37.4,73.0,1009.9,1.0,270,0.0
9221,2023-10-08 16:58:21.106000+00:00,31.6,37.4,73.0,1009.9,0.8,288,0.0
9221,2023-10-08 16:59:21.121000+00:00,31.6,37.3,73.0,1009.9,0.6,268,0.0
9221,2023-10-08 17:00:21.105000+00:00,31.5,37.2,72.0,1010.0,0.6,272,0.0
9221,2023-10-08 17:01:21.104000+00:00,31.6,37.2,73.0,1009.9,0.8,288,0.0
9221,2023-10-08 17:02:21.104000+00:00,31.6,37.3,73.0,1009.9,0.8,295,0.0
9221,2023-10-08 17:03:21.103000+00:00,31.6,37.2,73.0,1009.9,1.2,275,0.0
9221,2023-10-08 17:04:21.103000+00:00,31.5,37.2,73.0,1009.9,0.8,0,0.0
9221,2023-10-08 17:05:21.117000+00:00,31.5,37.4,73.0,1009.9,0.4,235,0.0
9221,2023-10-08 17:06:21.101000+00:00,31.5,37.4,73.0,1009.9,0.4,269,0.0
9221,2023-10-08 17:07:21.116000+00:00,31.5,37.6,73.0,1009.9,0.5,0,0.0
9221,2023-10-08 17:08:21.115000+00:00,31.5,37.3,74.0,1009.9,0.4,203,0.0
9221,2023-10-08 17:09:21.099000+00:00,31.5,37.3,74.0,1009.9,1.0,315,0.0
9221,2023-10-08 17:10:21.114000+00:00,31.5,37.3,74.0,1009.9,0.6,144,0.0
9221,2023-10-08 17:11:21.114000+00:00,31.5,37.3,74.0,1009.9,0.6,190,0.0
9221,2023-10-08 17:12:21.113000+00:00,31.5,37.3,75.0,1009.9,0.4,146,0.0
9221,2023-10-08 17:13:21.112000+00:00,31.5,37.3,75.0,1009.9,0.6,112,0.0
9221,2023-10-08 17:14:21.112000+00:00,31.5,37.3,75.0,1009.7,0.4,0,0.0
9221,2023-10-08 17:15:21.126000+00:00,31.5,36.8,75.0,1009.9,0.6,156,0.0
9221,2023-10-08 17:16:21.126000+00:00,31.5,37.2,75.0,1009.7,0.6,178,0.0
9221,2023-10-08 17:17:21.110000+00:00,31.5,37.4,75.0,1009.9,1.3,0,0.0
9221,2023-10-08 17:18:21.124000+00:00,31.4,37.2,74.0,1010.0,0.6,204,0.0
9221,2023-10-08 17:19:21.124000+00:00,31.5,36.8,75.0,1010.0,0.8,168,0.0
9221,2023-10-08 17:20:21.123000+00:00,31.5,36.8,75.0,1009.9,1.8,186,0.0
9221,2023-10-08 17:21:21.122000+00:00,31.4,36.7,75.0,1009.9,0.5,188,0.0
9221,2023-10-08 17:22:21.122000+00:00,31.5,36.9,76.0,1009.9,1.2,146,0.0
9221,2023-10-08 17:23:21.121000+00:00,31.4,37.3,76.0,1009.9,0.6,163,0.0
9221,2023-10-08 17:24:21.121000+00:00,31.4,36.9,76.0,1010.0,1.2,167,0.0
9221,2023-10-08 17:25:21.135000+00:00,31.5,36.9,76.0,1009.9,0.8,157,0.0
9221,2023-10-08 17:26:21.150000+00:00,31.4,37.3,76.0,1009.7,1.7,138,0.0
9221,2023-10-08 17:27:21.118000+00:00,31.5,37.0,76.0,1009.9,0.6,144,0.0
9221,2023-10-08 17:28:21.149000+00:00,31.5,36.8,76.0,1009.7,0.6,156,0.0
9221,2023-10-08 17:29:21.133000+00:00,31.4,36.7,77.0,1010.0,1.3,140,0.0
9221,2023-10-08 17:30:21.148000+00:00,31.4,36.7,76.0,1009.9,0.8,160,0.0
9221,2023-10-08 17:31:21.163000+00:00,31.4,36.9,77.0,1010.0,1.2,157,0.0
9221,2023-10-08 17:32:21.178000+00:00,31.4,36.4,76.0,1009.9,1.0,204,0.0
9221,2023-10-08 17:33:21.193000+00:00,31.4,36.4,76.0,1009.9,0.8,220,0.0
9221,2023-10-08 17:34:21.208000+00:00,31.3,36.8,76.0,1010.0,0.3,0,0.0
9221,2023-10-08 17:35:21.223000+00:00,31.3,36.8,76.0,1009.9,0.6,204,0.0
9221,2023-10-08 17:36:21.222000+00:00,31.3,36.8,76.0,1009.9,0.6,193,0.0
9221,2023-10-08 17:37:21.237000+00:00,31.3,36.7,76.0,1009.9,1.2,134,0.0
9221,2023-10-08 17:38:21.236000+00:00,31.3,36.9,75.0,1009.7,0.8,188,0.0
9221,2023-10-08 17:39:21.236000+00:00,31.2,36.5,75.0,1009.9,0.5,161,0.0
9221,2023-10-08 17:40:21.235000+00:00,31.2,36.5,75.0,1009.9,1.2,175,0.0
9221,2023-10-08 17:41:21.250000+00:00,31.2,36.7,75.0,1009.7,1.1,152,0.0
9221,2023-10-08 17:42:21.234000+00:00,31.2,36.7,75.0,1009.9,0.8,133,0.0
9221,2023-10-08 17:43:21.248000+00:00,31.2,36.7,75.0,1009.7,0.6,173,0.0
9221,2023-10-08 17:44:21.263000+00:00,31.3,36.5,75.0,1009.9,1.0,180,0.0
9221,2023-10-08 17:45:21.263000+00:00,31.2,36.5,75.0,1009.9,1.5,168,0.0
9221,2023-10-08 17:46:21.262000+00:00,31.3,37.1,74.0,1009.7,1.0,187,0.0
9221,2023-10-08 17:47:21.261000+00:00,31.3,36.8,74.0,1009.7,1.0,212,0.0
9221,2023-10-08 17:48:21.261000+00:00,31.3,36.8,73.0,1009.9,0.8,132,0.0
9221,2023-10-08 17:49:21.260000+00:00,31.3,37.1,72.0,1009.7,1.2,213,0.0
9221,2023-10-08 17:50:21.259000+00:00,31.3,36.9,72.0,1009.9,1.0,131,0.0
9221,2023-10-08 17:51:21.259000+00:00,31.3,36.9,71.0,1009.7,1.2,175,0.0
9221,2023-10-08 17:52:21.258000+00:00,31.4,37.2,71.0,1009.9,1.3,0,0.0
9221,2023-10-08 17:53:21.257000+00:00,31.4,37.2,71.0,1009.9,0.5,200,0.0
9221,2023-10-08 17:54:21.257000+00:00,31.4,37.2,72.0,1009.7,0.5,172,0.0
9221,2023-10-08 17:55:21.256000+00:00,31.4,36.5,73.0,1009.9,1.2,174,0.0
9221,2023-10-08 17:56:21.255000+00:00,31.3,36.6,73.0,1009.9,1.2,0,0.0
9221,2023-10-08 17:57:21.270000+00:00,31.4,36.6,73.0,1009.7,0.6,273,0.0
9221,2023-10-08 17:58:21.270000+00:00,31.3,36.3,74.0,1009.7,0.8,172,0.0
9221,2023-10-08 17:59:21.269000+00:00,31.3,36.3,74.0,1009.9,1.7,162,0.0
9221,2023-10-08 18:00:21.284000+00:00,31.3,36.3,74.0,1009.7,0.6,182,0.0
9221,2023-10-08 18:01:21.268000+00:00,31.2,36.1,75.0,1009.7,0.6,158,0.0
9221,2023-10-08 18:02:21.267000+00:00,31.1,36.1,74.0,1009.7,1.5,203,0.0
9221,2023-10-08 18:03:21.282000+00:00,31.2,36.2,74.0,1009.9,0.6,152,0.0
9221,2023-10-08 18:04:21.312000+00:00,31.2,36.3,74.0,1009.9,0.8,132,0.0
9221,2023-10-08 18:05:21.327000+00:00,31.3,36.2,74.0,1009.9,0.8,169,0.0
9221,2023-10-08 18:06:21.311000+00:00,31.2,36.1,74.0,1009.9,1.1,137,0.0
9221,2023-10-08 18:07:21.326000+00:00,31.2,36.1,74.0,1009.9,0.8,137,0.0
9221,2023-10-08 18:08:21.325000+00:00,31.2,36.1,74.0,1009.9,0.6,195,0.0
9221,2023-10-08 18:09:21.325000+00:00,31.2,36.0,75.0,1009.9,0.5,145,0.0
9221,2023-10-08 18:10:21.324000+00:00,31.2,35.6,75.0,1009.9,1.0,134,0.0
9221,2023-10-08 18:11:21.339000+00:00,31.1,35.6,76.0,1009.9,0.6,0,0.0
9221,2023-10-08 18:12:21.338000+00:00,31.1,35.6,76.0,1009.9,0.0,148,0.0
9221,2023-10-08 18:13:21.353000+00:00,31.1,35.8,76.0,1009.9,0.6,193,0.0
9221,2023-10-08 18:14:21.368000+00:00,31.1,35.5,76.0,1009.9,1.0,142,0.0
9221,2023-10-08 18:15:21.367000+00:00,31.0,35.5,76.0,1009.9,1.3,80,0.0
9221,2023-10-08 18:16:21.382000+00:00,31.1,36.1,75.0,1009.7,0.5,183,0.0
9221,2023-10-08 18:17:21.382000+00:00,31.0,36.5,75.0,1009.9,1.3,161,0.0
9221,2023-10-08 18:18:21.397000+00:00,31.1,36.4,75.0,1009.9,0.8,139,0.0
9221,2023-10-08 18:19:21.396000+00:00,31.1,36.4,75.0,1009.9,1.2,182,0.0
9221,2023-10-08 18:20:21.411000+00:00,31.0,35.9,74.0,1009.9,1.3,0,0.0
9221,2023-10-08 18:21:21.410000+00:00,31.0,36.3,74.0,1009.7,0.8,136,0.0
9221,2023-10-08 18:22:21.409000+00:00,31.0,36.3,74.0,1009.9,1.3,132,0.0
9221,2023-10-08 18:23:21.409000+00:00,31.0,36.4,73.0,1009.7,0.8,241,0.0
9221,2023-10-08 18:24:21.408000+00:00,31.0,36.3,74.0,1009.9,0.0,163,0.0
9221,2023-10-08 18:25:21.407000+00:00,31.0,36.3,74.0,1009.9,1.1,166,0.0
9221,2023-10-08 18:26:21.407000+00:00,31.0,36.3,75.0,1009.9,1.2,152,0.0
9221,2023-10-08 18:27:21.406000+00:00,31.0,35.7,75.0,1009.7,0.8,84,0.0
9221,2023-10-08 18:28:21.405000+00:00,30.9,35.4,74.0,1009.9,0.0,143,0.0
9221,2023-10-08 18:29:21.405000+00:00,30.9,35.5,76.0,1009.7,0.8,155,0.0
9221,2023-10-08 18:30:21.404000+00:00,30.9,35.6,76.0,1009.7,0.6,50,0.0
9221,2023-10-08 18:31:21.403000+00:00,30.9,35.6,75.0,1009.9,0.6,102,0.0
9221,2023-10-08 18:32:21.418000+00:00,30.9,35.6,76.0,1009.7,1.0,38,0.0
9221,2023-10-08 18:33:21.418000+00:00,30.8,35.6,74.0,1009.9,0.5,34,0.0
9221,2023-10-08 18:34:21.417000+00:00,30.9,35.8,75.0,1009.7,0.4,129,0.0
9221,2023-10-08 18:35:21.416000+00:00,30.9,35.4,76.0,1009.9,0.8,268,0.0
9221,2023-10-08 18:36:21.416000+00:00,30.9,35.4,76.0,1009.7,0.6,343,0.0
9221,2023-10-08 18:37:21.415000+00:00,30.9,35.0,76.0,1009.7,1.0,287,0.0
9221,2023-10-08 18:38:21.414000+00:00,30.8,34.8,77.0,1009.7,1.0,297,0.0
9221,2023-10-08 18:39:21.413000+00:00,30.8,34.8,77.0,1009.7,1.1,291,0.0
9212,2023-10-21 21:09:42.191000+00:00,33.3,37.1,21.0,992.7,3.0,84,0.0
9212,2023-10-21 21:10:42.191000+00:00,33.3,37.1,20.0,992.5,3.0,75,0.0
9212,2023-10-21 21:11:42.190000+00:00,33.2,37.1,20.0,992.5,2.9,82,0.0
9212,2023-10-21 21:12:42.189000+00:00,33.2,37.2,20.0,992.5,2.7,85,0.0
9212,2023-10-21 21:13:42.220000+00:00,33.2,37.2,20.0,992.5,2.7,90,0.0
9212,2023-10-21 21:14:42.219000+00:00,33.3,37.2,20.0,992.5,1.7,114,0.0
9212,2023-10-21 21:15:42.234000+00:00,33.3,37.3,21.0,992.5,1.7,82,0.0
9212,2023-10-21 21:16:42.249000+00:00,33.3,37.5,21.0,992.7,0.8,107,0.0
9212,2023-10-21 21:17:42.264000+00:00,33.4,37.5,21.0,992.5,1.2,105,0.0
9212,2023-10-21 21:18:42.279000+00:00,33.5,37.6,20.0,992.7,1.3,151,0.0
9212,2023-10-21 21:19:42.262000+00:00,33.5,37.6,21.0,992.7,1.1,128,0.0
9212,2023-10-21 21:20:42.262000+00:00,33.6,37.6,20.0,992.7,1.1,55,0.0
9212,2023-10-21 21:21:42.292000+00:00,33.6,37.6,20.0,992.5,1.3,79,0.0
9212,2023-10-21 21:22:42.292000+00:00,33.6,37.7,20.0,992.5,1.7,93,0.0
9212,2023-10-21 21:23:42.291000+00:00,33.6,37.8,20.0,992.7,1.3,86,0.0
9212,2023-10-21 21:24:42.290000+00:00,33.5,37.8,20.0,992.7,2.2,95,0.0
9212,2023-10-21 21:25:42.305000+00:00,33.5,37.8,20.0,992.7,1.7,107,0.0
9212,2023-10-21 21:26:42.304000+00:00,33.5,37.7,20.0,992.7,2.5,99,0.0
9212,2023-10-21 21:27:42.304000+00:00,33.5,37.6,21.0,992.5,3.4,96,0.0
9212,2023-10-21 21:28:42.303000+00:00,33.4,37.4,21.0,992.7,3.2,99,0.0
9212,2023-10-21 21:29:42.302000+00:00,33.4,37.4,21.0,992.5,3.0,96,0.0
9212,2023-10-21 21:30:42.302000+00:00,33.4,37.2,21.0,992.7,3.7,88,0.0
9212,2023-10-21 21:31:42.301000+00:00,33.3,37.2,21.0,992.5,3.7,90,0.0
9212,2023-10-21 21:32:42.316000+00:00,33.2,37.1,21.0,992.5,3.2,99,0.0
9212,2023-10-21 21:33:42.315000+00:00,33.2,37.0,21.0,992.5,2.9,80,0.0
9212,2023-10-21 21:34:42.315000+00:00,33.2,37.0,21.0,992.5,2.2,57,0.0
9212,2023-10-21 21:35:42.314000+00:00,33.2,37.0,22.0,992.5,2.2,102,0.0
9212,2023-10-21 21:36:42.313000+00:00,33.2,37.1,22.0,992.5,2.2,105,0.0
9212,2023-10-21 21:37:42.312000+00:00,33.3,37.0,22.0,992.5,2.7,97,0.0
9212,2023-10-21 21:38:42.312000+00:00,33.3,37.0,22.0,992.7,2.5,112,0.0
9212,2023-10-21 21:39:42.311000+00:00,33.3,37.1,22.0,992.5,2.7,92,0.0
9212,2023-10-21 21:40:42.310000+00:00,33.3,37.1,22.0,992.5,3.0,106,0.0
9212,2023-10-21 21:41:42.325000+00:00,33.3,36.9,22.0,992.5,2.7,120,0.0
9212,2023-10-21 21:42:42.325000+00:00,33.2,36.8,22.0,992.5,2.7,101,0.0
9212,2023-10-21 21:43:42.324000+00:00,33.2,36.7,22.0,992.5,3.0,95,0.0
9212,2023-10-21 21:44:42.323000+00:00,33.2,36.8,22.0,992.5,2.7,101,0.0
9212,2023-10-21 21:45:42.323000+00:00,33.2,36.8,22.0,992.5,3.0,104,0.0
9212,2023-10-21 21:46:42.322000+00:00,33.2,36.5,22.0,992.5,2.9,119,0.0
9212,2023-10-21 21:47:42.321000+00:00,33.2,36.5,22.0,992.5,2.7,108,0.0
9212,2023-10-21 21:48:42.320000+00:00,33.3,36.7,22.0,992.5,2.9,98,0.0
9212,2023-10-21 21:49:42.320000+00:00,33.2,36.7,22.0,992.5,3.9,86,0.0
9212,2023-10-21 21:50:42.319000+00:00,33.2,36.7,23.0,992.5,3.0,92,0.0
9212,2023-10-21 21:51:42.318000+00:00,33.2,36.7,23.0,992.5,3.0,97,0.0
9212,2023-10-21 21:52:42.318000+00:00,33.2,36.7,23.0,992.5,3.2,101,0.0
9212,2023-10-21 21:53:42.317000+00:00,33.2,36.7,23.0,992.5,2.7,91,0.0
9212,2023-10-21 21:54:42.316000+00:00,33.1,36.7,22.0,992.5,3.4,83,0.0
9212,2023-10-21 21:55:42.331000+00:00,33.1,36.6,22.0,992.5,3.4,82,0.0
9212,2023-10-21 21:56:42.331000+00:00,33.0,36.6,22.0,992.5,3.2,93,0.0
9212,2023-10-21 21:57:42.330000+00:00,33.0,36.4,22.0,992.5,3.2,97,0.0
9212,2023-10-21 21:58:42.329000+00:00,33.0,36.4,22.0,992.7,3.0,93,0.0
9212,2023-10-21 21:59:42.360000+00:00,33.0,36.3,22.0,992.5,2.5,86,0.0
9212,2023-10-21 22:00:42.375000+00:00,33.0,36.3,22.0,992.5,2.9,88,0.0
9212,2023-10-21 22:01:42.374000+00:00,32.9,36.3,22.0,992.7,3.4,88,0.0
9212,2023-10-21 22:02:42.373000+00:00,32.9,36.4,22.0,992.7,3.2,90,0.0
9212,2023-10-21 22:03:42.388000+00:00,33.0,36.4,22.0,992.7,2.9,99,0.0
9212,2023-10-21 22:04:42.388000+00:00,33.0,36.4,22.0,992.7,3.0,98,0.0
9212,2023-10-21 22:05:42.371000+00:00,33.0,36.4,22.0,992.7,2.5,95,0.0
9212,2023-10-21 22:06:42.371000+00:00,32.9,36.4,22.0,992.7,3.5,94,0.0
9212,2023-10-21 22:07:42.385000+00:00,33.0,36.5,22.0,992.7,3.4,108,0.0
9212,2023-10-21 22:08:42.400000+00:00,33.1,36.5,23.0,992.7,2.9,107,0.0
9212,2023-10-21 22:09:42.415000+00:00,33.1,36.4,22.0,992.7,2.7,95,0.0
9212,2023-10-21 22:10:42.446000+00:00,33.1,36.4,23.0,992.7,2.2,96,0.0
9212,2023-10-21 22:11:42.430000+00:00,33.2,36.5,22.0,992.5,2.5,109,0.0
9212,2023-10-21 22:12:42.429000+00:00,33.2,36.5,22.0,992.7,2.7,88,0.0
9212,2023-10-21 22:13:42.428000+00:00,33.1,36.4,22.0,992.5,3.0,59,0.0
9212,2023-10-21 22:14:42.428000+00:00,33.1,36.4,23.0,992.7,1.7,133,0.0
9212,2023-10-21 22:15:42.427000+00:00,33.2,36.4,23.0,992.7,1.8,83,0.0
9212,2023-10-21 22:16:42.426000+00:00,33.2,36.4,23.0,992.7,1.3,76,0.0
9212,2023-10-21 22:17:42.426000+00:00,33.1,36.3,23.0,992.5,1.8,98,0.0
9212,2023-10-21 22:18:42.440000+00:00,33.1,36.1,23.0,992.5,2.7,92,0.0
9212,2023-10-21 22:19:42.471000+00:00,33.0,36.1,23.0,992.5,1.7,127,0.0
9212,2023-10-21 22:20:42.470000+00:00,33.1,36.1,22.0,992.5,1.6,104,0.0
9212,2023-10-21 22:21:42.454000+00:00,33.1,36.1,23.0,992.5,1.2,81,0.0
9212,2023-10-21 22:22:42.469000+00:00,33.1,36.1,22.0,992.7,1.7,88,0.0
9212,2023-10-21 22:23:42.453000+00:00,33.1,36.1,22.0,992.7,2.2,93,0.0
9212,2023-10-21 22:24:42.468000+00:00,33.1,36.1,22.0,992.7,1.3,93,0.0
9212,2023-10-21 22:25:42.467000+00:00,33.1,36.1,22.0,992.7,2.0,98,0.0
9212,2023-10-21 22:26:42.466000+00:00,33.0,35.9,22.0,992.7,1.6,81,0.0
9212,2023-10-21 22:27:42.465000+00:00,33.1,36.1,22.0,992.5,2.2,105,0.0
9212,2023-10-21 22:28:42.465000+00:00,33.1,36.1,22.0,992.7,1.7,97,0.0
9212,2023-10-21 22:29:42.480000+00:00,33.1,36.0,21.0,992.7,2.2,86,0.0
9212,2023-10-21 22:30:42.479000+00:00,33.1,36.0,22.0,992.7,1.8,95,0.0
9212,2023-10-21 22:31:42.478000+00:00,33.1,35.9,22.0,992.5,1.7,57,0.0
9212,2023-10-21 22:32:42.478000+00:00,33.2,35.9,21.0,992.7,1.2,332,0.0
9212,2023-10-21 22:33:42.461000+00:00,33.2,35.9,21.0,992.5,1.1,53,0.0
9212,2023-10-21 22:34:42.476000+00:00,33.2,35.9,22.0,992.5,1.0,82,0.0
9212,2023-10-21 22:35:42.507000+00:00,33.2,35.9,22.0,992.7,1.7,110,0.0
9212,2023-10-21 22:36:42.522000+00:00,33.2,35.9,21.0,992.7,1.7,90,0.0
9212,2023-10-21 22:37:42.521000+00:00,33.2,35.7,22.0,992.7,2.0,93,0.0
9212,2023-10-21 22:38:42.520000+00:00,33.1,35.6,22.0,992.7,2.9,107,0.0
9212,2023-10-21 22:39:42.535000+00:00,33.1,35.7,21.0,992.7,2.2,94,0.0
9212,2023-10-21 22:40:42.519000+00:00,33.1,35.8,21.0,992.7,3.0,102,0.0
9212,2023-10-21 22:41:42.518000+00:00,33.1,35.7,22.0,992.7,2.2,123,0.0
9212,2023-10-21 22:42:42.518000+00:00,33.1,35.7,21.0,992.7,2.0,99,0.0
9213,2023-10-22 18:01:47.219000+00:00,28.6,39.4,49.0,995.0,3.2,85,0.0
9213,2023-10-22 18:02:47.218000+00:00,28.6,39.3,50.0,995.2,4.0,108,0.0
9213,2023-10-22 18:03:47.216000+00:00,28.6,39.2,50.0,995.2,1.8,87,0.0
9213,2023-10-22 18:04:47.215000+00:00,28.6,39.9,50.0,995.0,3.4,91,0.0
9213,2023-10-22 18:05:47.214000+00:00,28.6,40.0,50.0,995.0,3.0,99,0.0
9213,2023-10-22 18:06:47.213000+00:00,28.5,39.9,51.0,995.0,1.8,137,0.0
9213,2023-10-22 18:07:47.228000+00:00,28.5,39.2,51.0,995.0,2.5,134,0.0
9213,2023-10-22 18:08:47.242000+00:00,28.5,39.2,49.0,995.0,3.5,113,0.0
9213,2023-10-22 18:09:47.241000+00:00,28.8,39.6,49.0,995.0,2.4,97,0.0
9213,2023-10-22 18:10:47.240000+00:00,28.8,39.6,50.0,995.0,3.0,99,0.0
9213,2023-10-22 18:11:47.255000+00:00,28.9,39.6,45.0,994.9,4.0,108,0.0
9213,2023-10-22 18:12:47.269000+00:00,29.0,40.3,44.0,995.0,5.3,111,0.0
9213,2023-10-22 18:13:47.268000+00:00,29.0,40.2,45.0,994.9,5.1,100,0.0
9213,2023-10-22 18:14:47.267000+00:00,29.0,39.9,46.0,994.9,3.5,110,0.0
9213,2023-10-22 18:15:47.266000+00:00,29.0,39.9,46.0,995.0,3.4,132,0.0
9213,2023-10-22 18:16:47.281000+00:00,29.0,40.0,46.0,994.9,3.5,104,0.0
9213,2023-10-22 18:17:47.279000+00:00,29.1,40.0,45.0,994.9,3.4,106,0.0
9213,2023-10-22 18:18:47.294000+00:00,29.2,39.6,46.0,994.9,2.4,111,0.0
9213,2023-10-22 18:19:47.309000+00:00,29.1,39.2,46.0,994.7,3.0,116,0.0
9213,2023-10-22 18:20:47.323000+00:00,29.0,39.9,47.0,994.9,3.2,100,0.0
9213,2023-10-22 18:21:47.353000+00:00,28.9,39.9,47.0,994.7,4.0,97,0.0
9213,2023-10-22 18:22:47.352000+00:00,28.7,39.8,48.0,994.7,3.4,85,0.0
9213,2023-10-22 18:23:47.351000+00:00,28.8,39.8,48.0,994.7,3.4,126,0.0
9213,2023-10-22 18:24:47.350000+00:00,28.9,40.2,47.0,994.7,3.9,101,0.0
9213,2023-10-22 18:25:47.349000+00:00,29.0,39.7,47.0,994.7,3.7,103,0.0
9213,2023-10-22 18:26:47.348000+00:00,29.0,39.2,47.0,994.5,2.5,102,0.0
9213,2023-10-22 18:27:47.347000+00:00,29.0,39.4,48.0,994.7,3.0,97,0.0
9213,2023-10-22 18:28:47.346000+00:00,29.0,39.4,48.0,994.7,3.7,124,0.0
9213,2023-10-22 18:29:47.345000+00:00,29.0,39.6,48.0,994.5,3.7,98,0.0
9213,2023-10-22 18:30:47.359000+00:00,29.0,39.8,48.0,994.5,3.2,111,0.0
9213,2023-10-22 18:31:47.342000+00:00,29.2,39.6,47.0,994.5,4.4,105,0.0
9213,2023-10-22 18:32:47.357000+00:00,29.3,39.7,45.0,994.5,3.5,94,0.0
9213,2023-10-22 18:33:47.356000+00:00,29.1,39.5,46.0,994.5,3.4,101,0.0
9213,2023-10-22 18:34:47.355000+00:00,29.0,39.4,46.0,994.5,2.7,91,0.0
9213,2023-10-22 18:35:47.354000+00:00,29.0,39.4,47.0,994.5,2.2,89,0.0
9213,2023-10-22 18:36:47.368000+00:00,29.0,39.6,46.0,994.5,1.0,139,0.0
9213,2023-10-22 18:37:47.367000+00:00,29.0,40.0,46.0,994.5,2.7,99,0.0
9213,2023-10-22 18:38:47.351000+00:00,29.2,40.0,46.0,994.5,3.4,102,0.0
9213,2023-10-22 18:39:47.365000+00:00,29.2,40.0,46.0,994.5,3.0,109,0.0
9213,2023-10-22 18:40:47.364000+00:00,29.2,40.0,45.0,994.4,2.0,99,0.0
9213,2023-10-22 18:41:47.363000+00:00,29.3,40.3,44.0,994.4,3.2,102,0.0
9213,2023-10-22 18:42:47.362000+00:00,29.5,40.3,44.0,994.4,3.2,102,0.0
9213,2023-10-22 18:43:47.361000+00:00,29.6,40.5,44.0,994.4,4.4,101,0.0
9213,2023-10-22 18:44:47.360000+00:00,29.6,40.9,44.0,994.4,4.4,111,0.0
9213,2023-10-22 18:45:47.359000+00:00,29.6,40.4,44.0,994.4,3.4,107,0.0
9213,2023-10-22 18:46:47.358000+00:00,29.5,40.4,43.0,994.2,4.0,109,0.0
9213,2023-10-22 18:47:47.357000+00:00,29.4,40.2,43.0,994.4,4.0,106,0.0
9213,2023-10-22 18:48:47.371000+00:00,29.3,39.7,43.0,994.2,3.2,101,0.0
9213,2023-10-22 18:49:47.370000+00:00,29.2,39.9,43.0,994.2,3.0,107,0.0
9213,2023-10-22 18:50:47.369000+00:00,29.4,39.9,44.0,994.2,1.7,102,0.0
9213,2023-10-22 18:51:47.368000+00:00,29.5,39.8,44.0,994.2,4.3,96,0.0
9213,2023-10-22 18:52:47.382000+00:00,29.5,39.8,44.0,994.2,3.7,110,0.0
9213,2023-10-22 18:53:47.428000+00:00,29.6,39.6,44.0,994.2,3.5,76,0.0
9213,2023-10-22 18:54:47.411000+00:00,29.5,39.9,44.0,994.0,4.3,86,0.0
9213,2023-10-22 18:55:47.410000+00:00,29.5,40.3,44.0,994.0,4.5,98,0.0
9213,2023-10-22 18:56:47.441000+00:00,29.5,40.3,43.0,994.2,5.3,100,0.0
9213,2023-10-22 18:57:47.440000+00:00,29.6,41.0,43.0,994.2,4.0,98,0.0
9213,2023-10-22 18:58:47.438000+00:00,29.7,40.2,44.0,994.0,1.7,127,0.0
9213,2023-10-22 18:59:47.453000+00:00,29.7,39.8,43.0,994.2,1.6,92,0.0
9213,2023-10-22 19:00:47.452000+00:00,29.7,40.2,43.0,994.0,2.2,102,0.0
9213,2023-10-22 19:01:47.466000+00:00,29.6,41.1,42.0,994.0,3.7,112,0.0
9213,2023-10-22 19:02:47.465000+00:00,29.8,40.9,42.0,994.0,3.5,132,0.0
9213,2023-10-22 19:03:47.464000+00:00,29.9,40.8,42.0,994.0,2.9,103,0.0
9213,2023-10-22 19:04:47.479000+00:00,29.9,40.9,42.0,994.0,2.5,100,0.0
9213,2023-10-22 19:05:47.493000+00:00,29.8,40.8,42.0,993.9,3.0,109,0.0
9213,2023-10-22 19:06:47.508000+00:00,29.9,40.8,42.0,994.0,2.2,111,0.0
9213,2023-10-22 19:07:47.554000+00:00,29.9,40.7,41.0,994.0,2.9,95,0.0
9213,2023-10-22 19:08:47.506000+00:00,29.9,40.7,42.0,994.0,3.2,99,0.0
9213,2023-10-22 19:09:47.505000+00:00,29.9,40.7,41.0,994.0,4.0,96,0.0
9213,2023-10-22 19:10:47.504000+00:00,29.9,40.6,42.0,993.9,4.0,107,0.0
9213,2023-10-22 19:11:47.503000+00:00,30.0,40.5,43.0,993.9,2.5,100,0.0
9213,2023-10-22 19:12:47.501000+00:00,30.0,40.6,43.0,994.0,3.9,100,0.0
9213,2023-10-22 19:13:47.500000+00:00,30.0,40.5,42.0,994.0,3.7,97,0.0
9213,2023-10-22 19:14:47.499000+00:00,30.0,41.0,41.0,993.9,3.2,102,0.0
9213,2023-10-22 19:15:47.498000+00:00,30.0,40.5,40.0,993.9,4.1,123,0.0
9213,2023-10-22 19:16:47.513000+00:00,30.0,41.1,41.0,993.7,3.4,118,0.0
9213,2023-10-22 19:17:47.512000+00:00,30.0,41.1,41.0,993.7,2.4,102,0.0
9213,2023-10-22 19:18:47.511000+00:00,30.0,40.3,41.0,993.7,3.5,105,0.0
9213,2023-10-22 19:19:47.510000+00:00,30.0,40.4,41.0,993.9,3.2,107,0.0
9213,2023-10-22 19:20:47.555000+00:00,30.1,40.5,41.0,993.7,4.4,114,0.0
9213,2023-10-22 19:21:47.617000+00:00,30.0,40.7,41.0,993.7,3.4,92,0.0
9213,2023-10-22 19:22:47.506000+00:00,30.0,40.0,42.0,993.5,3.5,76,0.0
9213,2023-10-22 19:23:47.505000+00:00,30.0,40.8,42.0,993.7,3.5,82,0.0
9213,2023-10-22 19:24:47.504000+00:00,30.3,41.5,41.0,993.7,1.1,88,0.0
9213,2023-10-22 19:25:47.519000+00:00,30.4,41.5,40.0,993.5,1.5,324,0.0
9213,2023-10-22 19:26:47.518000+00:00,30.4,41.5,39.0,993.5,1.5,85,0.0
9213,2023-10-22 19:27:47.517000+00:00,30.4,41.3,39.0,993.5,3.4,113,0.0
9213,2023-10-22 19:28:47.516000+00:00,30.4,41.5,39.0,993.5,2.5,101,0.0
9213,2023-10-22 19:29:47.499000+00:00,30.3,41.6,39.0,993.5,2.2,103,0.0
9213,2023-10-22 19:30:47.513000+00:00,30.5,41.5,38.0,993.5,3.2,95,0.0
9213,2023-10-22 19:31:47.512000+00:00,30.4,41.5,38.0,993.5,1.8,103,0.0
9213,2023-10-22 19:32:47.527000+00:00,30.4,41.5,38.0,993.5,2.9,72,0.0
9213,2023-10-22 19:33:47.510000+00:00,30.5,41.8,39.0,993.2,5.0,85,0.0
9213,2023-10-22 19:34:47.572000+00:00,30.3,41.5,40.0,993.5,6.6,91,0.0
9213,2023-10-22 19:35:47.524000+00:00,30.2,41.6,40.0,993.5,4.3,106,0.0
9213,2023-10-22 19:36:47.523000+00:00,30.2,41.6,40.0,993.5,3.5,86,0.0
9213,2023-10-22 19:37:47.522000+00:00,30.1,41.3,40.0,993.5,2.7,94,0.0
9213,2023-10-22 19:38:47.520000+00:00,30.1,41.3,40.0,993.5,2.2,343,0.0
9213,2023-10-22 19:39:47.519000+00:00,30.2,40.9,39.0,993.5,2.4,143,0.0
9213,2023-10-22 19:40:47.550000+00:00,30.2,41.3,39.0,993.4,2.5,101,0.0
9213,2023-10-22 19:41:47.517000+00:00,30.3,41.4,39.0,993.4,2.2,102,0.0
9213,2023-10-22 19:42:47.516000+00:00,30.3,41.4,39.0,993.4,2.5,330,0.0
9213,2023-10-22 19:43:47.531000+00:00,30.4,42.0,38.0,993.4,1.3,103,0.0
9213,2023-10-22 19:44:47.608000+00:00,30.7,42.0,37.0,993.2,3.7,93,0.0
9213,2023-10-22 19:45:47.622000+00:00,30.7,41.6,37.0,993.4,4.5,101,0.0
9213,2023-10-22 19:46:47.574000+00:00,30.5,41.3,38.0,993.4,4.0,112,0.0
9213,2023-10-22 19:47:47.589000+00:00,30.4,41.2,38.0,993.2,4.0,104,0.0
9213,2023-10-22 19:48:47.588000+00:00,30.4,41.0,39.0,993.2,4.0,99,0.0
9213,2023-10-22 19:49:47.618000+00:00,30.4,41.3,38.0,993.2,4.0,108,0.0
9213,2023-10-22 19:50:47.601000+00:00,30.5,41.4,37.0,993.2,5.3,93,0.0
9213,2023-10-22 19:51:47.616000+00:00,30.5,41.4,37.0,993.2,4.5,90,0.0
9213,2023-10-22 19:52:47.630000+00:00,30.5,41.2,37.0,993.2,5.3,80,0.0
9213,2023-10-22 19:53:47.629000+00:00,30.4,41.0,37.0,993.2,4.8,92,0.0
9213,2023-10-22 19:54:47.644000+00:00,30.2,41.0,38.0,993.2,4.0,67,0.0
9213,2023-10-22 19:55:47.643000+00:00,30.1,41.0,38.0,993.2,3.0,106,0.0
9213,2023-10-22 19:56:47.657000+00:00,30.3,41.2,38.0,993.2,2.4,93,0.0
9213,2023-10-22 19:57:47.656000+00:00,30.4,41.0,37.0,993.0,4.1,124,0.0
9213,2023-10-22 19:58:47.655000+00:00,30.6,41.6,37.0,993.0,3.2,68,0.0
9213,2023-10-22 19:59:47.654000+00:00,30.7,41.6,37.0,993.0,6.1,91,0.0
9213,2023-10-22 20:00:47.669000+00:00,30.5,41.8,38.0,993.2,6.0,84,0.0
9213,2023-10-22 20:01:47.699000+00:00,30.5,41.5,38.0,993.2,4.9,109,0.0
9213,2023-10-22 20:02:47.698000+00:00,30.5,41.1,38.0,993.2,3.7,97,0.0
9213,2023-10-22 20:03:47.712000+00:00,30.4,41.3,39.0,993.2,5.0,93,0.0
9213,2023-10-22 20:04:47.711000+00:00,30.5,41.6,39.0,993.0,4.9,78,0.0
9213,2023-10-22 20:05:47.710000+00:00,30.6,41.6,38.0,993.0,4.5,73,0.0
9213,2023-10-22 20:06:47.709000+00:00,30.5,41.5,38.0,993.0,5.0,90,0.0
9213,2023-10-22 20:07:47.708000+00:00,30.4,41.4,39.0,993.2,4.9,74,0.0
9213,2023-10-22 20:08:47.707000+00:00,30.4,41.4,39.0,993.0,4.5,85,0.0
9213,2023-10-22 20:09:47.722000+00:00,30.2,41.2,39.0,993.0,3.4,95,0.0
9213,2023-10-22 20:10:47.721000+00:00,30.3,41.0,39.0,993.0,1.7,97,0.0
9213,2023-10-22 20:11:47.735000+00:00,30.4,41.0,39.0,993.0,2.5,96,0.0
9213,2023-10-22 20:12:47.750000+00:00,30.5,41.4,39.0,993.0,2.5,93,0.0
9213,2023-10-22 20:13:47.764000+00:00,30.7,41.5,39.0,992.9,1.2,51,0.0
9213,2023-10-22 20:14:47.763000+00:00,30.8,41.9,38.0,992.9,2.4,97,0.0
9213,2023-10-22 20:15:47.762000+00:00,31.0,42.2,38.0,993.0,3.7,107,0.0
9213,2023-10-22 20:16:47.761000+00:00,30.9,42.1,38.0,993.0,4.0,98,0.0
9213,2023-10-22 20:17:47.760000+00:00,30.9,41.8,38.0,993.0,5.0,105,0.0
9213,2023-10-22 20:18:47.759000+00:00,30.8,41.7,39.0,993.0,4.6,109,0.0
9213,2023-10-22 20:19:47.773000+00:00,30.6,40.7,39.0,993.0,3.4,93,0.0
9213,2023-10-22 20:20:47.772000+00:00,30.5,40.7,39.0,993.0,5.0,134,0.0
9213,2023-10-22 20:21:47.771000+00:00,30.6,41.3,39.0,993.0,1.7,125,0.0
9213,2023-10-22 20:22:47.770000+00:00,30.8,41.3,38.0,993.0,1.5,357,0.0
9213,2023-10-22 20:23:47.785000+00:00,30.9,41.3,38.0,993.0,1.6,84,0.0
9213,2023-10-22 20:24:47.784000+00:00,31.0,41.7,38.0,993.0,3.2,99,0.0
9213,2023-10-22 20:25:47.783000+00:00,31.0,41.6,38.0,992.9,3.9,98,0.0
9213,2023-10-22 20:26:47.797000+00:00,30.9,41.0,39.0,993.0,4.5,81,0.0
9213,2023-10-22 20:27:47.812000+00:00,30.9,40.8,39.0,992.9,3.2,96,0.0
9213,2023-10-22 20:28:47.826000+00:00,31.0,40.9,39.0,992.7,3.9,64,0.0
9213,2023-10-22 20:29:47.825000+00:00,31.0,41.1,40.0,992.9,3.7,56,0.0
9213,2023-10-22 20:30:47.840000+00:00,30.9,40.9,40.0,992.7,1.2,333,0.0
9213,2023-10-22 20:31:47.839000+00:00,30.9,41.3,39.0,992.7,1.6,322,0.0
9213,2023-10-22 20:32:47.853000+00:00,30.9,41.3,39.0,992.9,2.4,26,0.0
9213,2023-10-22 20:33:47.852000+00:00,30.8,40.8,39.0,992.7,1.7,89,0.0
9213,2023-10-22 20:34:47.867000+00:00,30.7,40.8,39.0,992.7,2.4,118,0.0
9213,2023-10-22 20:35:47.850000+00:00,30.8,41.0,40.0,992.9,2.5,105,0.0
9213,2023-10-22 20:36:47.865000+00:00,30.8,40.5,40.0,992.9,3.2,110,0.0
9213,2023-10-22 20:37:47.879000+00:00,30.8,40.2,41.0,992.7,3.4,104,0.0
9213,2023-10-22 20:38:47.878000+00:00,30.8,40.4,41.0,992.7,3.2,110,0.0
9213,2023-10-22 20:39:47.924000+00:00,30.8,40.4,41.0,992.7,2.7,104,0.0
9213,2023-10-22 20:40:47.939000+00:00,30.8,40.6,41.0,992.7,2.4,100,0.0
9213,2023-10-22 20:41:47.906000+00:00,30.7,40.6,42.0,992.7,2.4,102,0.0
9213,2023-10-22 20:42:47.905000+00:00,30.7,40.3,41.0,992.7,3.5,132,0.0
9213,2023-10-22 20:43:47.904000+00:00,30.6,39.9,42.0,992.7,3.0,86,0.0
9213,2023-10-22 20:44:47.903000+00:00,30.6,39.3,43.0,992.9,2.5,108,0.0
9213,2023-10-22 20:45:47.902000+00:00,30.6,39.0,42.0,992.7,2.9,82,0.0
9213,2023-10-22 20:46:47.917000+00:00,30.6,39.7,43.0,992.7,4.1,95,0.0
9213,2023-10-22 20:47:47.916000+00:00,30.6,39.9,43.0,992.7,2.7,76,0.0
9213,2023-10-22 20:48:47.915000+00:00,30.6,39.7,43.0,992.5,2.4,82,0.0
9181,2023-10-29 19:01:53.120000+00:00,24.7,47.3,31.0,781.2,1.0,278,0.0
9181,2023-10-29 19:02:53.119000+00:00,24.7,47.3,30.0,781.0,2.5,289,0.0
9181,2023-10-29 19:03:53.118000+00:00,24.5,47.2,29.0,781.2,1.7,281,0.0
9181,2023-10-29 19:04:53.117000+00:00,24.5,47.3,30.0,781.0,1.6,275,0.0
9181,2023-10-29 19:05:53.116000+00:00,24.6,47.5,27.0,781.2,2.0,257,0.0
9181,2023-10-29 19:06:53.115000+00:00,24.6,47.6,26.0,781.0,1.2,268,0.0
9181,2023-10-29 19:07:53.130000+00:00,24.4,47.6,28.0,781.0,2.2,277,0.0
9181,2023-10-29 19:08:53.129000+00:00,24.1,47.6,28.0,781.0,1.6,288,0.0
9181,2023-10-29 19:09:53.127000+00:00,24.2,47.1,29.0,781.0,1.1,269,0.0
9181,2023-10-29 19:10:53.126000+00:00,24.2,47.2,29.0,781.0,2.0,273,0.0
9181,2023-10-29 19:11:53.125000+00:00,24.4,47.2,27.0,781.0,2.2,271,0.0
9181,2023-10-29 19:12:53.124000+00:00,24.5,47.0,28.0,781.0,1.6,23,0.0
9181,2023-10-29 19:13:53.139000+00:00,24.5,46.7,29.0,781.0,1.0,199,0.0
9181,2023-10-29 19:14:53.122000+00:00,24.6,46.6,29.0,780.9,1.0,286,0.0
9181,2023-10-29 19:15:53.121000+00:00,24.6,46.9,29.0,780.9,0.8,248,0.0
9181,2023-10-29 19:16:53.136000+00:00,24.5,47.1,28.0,780.7,0.8,240,0.0
9181,2023-10-29 19:17:53.135000+00:00,24.3,47.1,27.0,780.9,0.8,249,0.0
9181,2023-10-29 19:18:53.134000+00:00,24.3,47.3,27.0,780.7,1.0,157,0.0
9181,2023-10-29 19:19:53.133000+00:00,24.2,47.4,28.0,780.7,2.2,104,0.0
9181,2023-10-29 19:20:53.132000+00:00,24.3,47.4,29.0,780.7,2.5,115,0.0
9181,2023-10-29 19:21:53.130000+00:00,24.2,47.8,29.0,780.7,4.0,68,0.0
9181,2023-10-29 19:22:53.129000+00:00,24.2,47.6,29.0,780.7,1.5,260,0.0
9181,2023-10-29 19:23:53.128000+00:00,24.2,47.6,28.0,780.5,1.2,117,0.0
9181,2023-10-29 19:24:53.127000+00:00,24.1,47.6,28.0,780.5,2.2,109,0.0
9181,2023-10-29 19:25:53.142000+00:00,24.2,47.9,27.0,780.5,1.2,84,0.0
9181,2023-10-29 19:26:53.141000+00:00,24.1,47.9,27.0,780.5,0.6,112,0.0
9181,2023-10-29 19:27:53.140000+00:00,24.2,47.8,27.0,780.5,2.0,123,0.0
9181,2023-10-29 19:28:53.139000+00:00,24.3,48.2,26.0,780.5,1.2,106,0.0
9181,2023-10-29 19:29:53.122000+00:00,24.3,48.2,26.0,780.5,1.2,106,0.0
9181,2023-10-29 19:30:53.137000+00:00,24.4,47.8,26.0,780.5,1.3,135,0.0
9181,2023-10-29 19:31:53.136000+00:00,24.4,47.8,27.0,780.5,0.8,267,0.0
9181,2023-10-29 19:32:53.134000+00:00,24.4,48.1,28.0,780.5,0.5,243,0.0
9181,2023-10-29 19:33:53.133000+00:00,24.4,48.1,29.0,780.5,0.6,335,0.0
9181,2023-10-29 19:34:53.148000+00:00,24.3,48.1,28.0,780.5,1.7,270,0.0
9181,2023-10-29 19:35:53.131000+00:00,24.6,48.1,27.0,780.5,1.5,254,0.0
9181,2023-10-29 19:36:53.146000+00:00,24.9,47.7,26.0,780.4,1.7,218,0.0
9181,2023-10-29 19:37:53.145000+00:00,25.0,47.7,26.0,780.2,1.6,271,0.0
9181,2023-10-29 19:38:53.144000+00:00,25.0,47.7,26.0,780.4,1.3,237,0.0
9181,2023-10-29 19:39:53.143000+00:00,25.0,47.7,27.0,780.4,1.2,271,0.0
9181,2023-10-29 19:40:53.142000+00:00,25.0,47.6,27.0,780.4,1.7,197,0.0
9181,2023-10-29 19:41:53.141000+00:00,24.9,47.6,27.0,780.2,1.1,288,0.0
9181,2023-10-29 19:42:53.140000+00:00,24.8,47.7,28.0,780.4,1.6,271,0.0
9181,2023-10-29 19:43:53.154000+00:00,24.7,47.7,27.0,780.2,1.5,300,0.0
9181,2023-10-29 19:44:53.137000+00:00,24.6,47.9,26.0,780.2,0.6,285,0.0
9181,2023-10-29 19:45:53.152000+00:00,24.6,47.9,26.0,780.2,1.2,292,0.0
9181,2023-10-29 19:46:53.151000+00:00,24.8,47.9,26.0,780.2,1.2,292,0.0
9181,2023-10-29 19:47:53.150000+00:00,24.8,47.9,26.0,780.2,1.2,292,0.0
9181,2023-10-29 19:48:53.133000+00:00,24.7,47.9,26.0,780.2,1.2,292,0.0
9181,2023-10-29 19:49:53.148000+00:00,24.7,47.9,26.0,780.2,1.2,292,0.0
9181,2023-10-29 19:50:53.147000+00:00,24.9,48.4,27.0,780.2,0.8,321,0.0
9181,2023-10-29 19:51:53.146000+00:00,24.9,48.1,27.0,780.0,0.6,301,0.0
9181,2023-10-29 19:52:53.145000+00:00,24.9,47.9,27.0,780.0,1.5,246,0.0
9181,2023-10-29 19:53:53.159000+00:00,24.9,47.9,28.0,780.0,1.2,342,0.0
9181,2023-10-29 19:54:53.158000+00:00,24.9,47.7,28.0,780.0,0.6,116,0.0
9181,2023-10-29 19:55:53.157000+00:00,24.9,47.7,28.0,780.0,0.8,75,0.0
9181,2023-10-29 19:56:53.156000+00:00,24.8,47.7,28.0,780.0,1.0,135,0.0
9181,2023-10-29 19:57:53.155000+00:00,24.7,47.7,28.0,780.0,1.6,79,0.0
9181,2023-10-29 19:58:53.154000+00:00,24.7,47.9,28.0,780.0,0.6,358,0.0
9181,2023-10-29 19:59:53.153000+00:00,24.7,47.8,28.0,780.0,1.1,338,0.0
9181,2023-10-29 20:00:53.152000+00:00,24.6,47.8,28.0,780.0,1.6,317,0.0
9181,2023-10-29 20:01:53.151000+00:00,24.6,47.9,28.0,780.0,1.5,172,0.0
9181,2023-10-29 20:02:53.165000+00:00,24.6,48.1,28.0,780.0,1.5,148,0.0
9181,2023-10-29 20:03:53.164000+00:00,24.5,48.1,28.0,780.0,1.1,163,0.0
9181,2023-10-29 20:04:53.163000+00:00,24.5,48.1,28.0,779.9,1.2,298,0.0
9181,2023-10-29 20:05:53.162000+00:00,24.6,48.6,28.0,779.9,2.5,220,0.0
9181,2023-10-29 20:06:53.177000+00:00,24.6,48.6,27.0,779.9,0.6,301,0.0
9181,2023-10-29 20:07:53.176000+00:00,24.8,48.2,26.0,779.7,2.2,311,0.0
9181,2023-10-29 20:08:53.190000+00:00,24.7,47.9,26.0,779.9,2.5,295,0.0
9181,2023-10-29 20:09:53.189000+00:00,24.8,47.5,26.0,779.7,2.0,296,0.0
9181,2023-10-29 20:10:53.188000+00:00,24.9,47.5,27.0,779.7,2.0,285,0.0
9181,2023-10-29 20:11:53.203000+00:00,25.0,47.0,27.0,779.7,1.3,306,0.0
9181,2023-10-29 20:12:53.217000+00:00,25.0,47.0,27.0,779.7,2.4,290,0.0
9181,2023-10-29 20:13:53.216000+00:00,25.1,47.0,27.0,779.7,1.2,281,0.0
9181,2023-10-29 20:14:53.215000+00:00,25.3,47.0,27.0,779.5,2.2,294,0.0
9181,2023-10-29 20:15:53.214000+00:00,25.4,47.2,28.0,779.7,2.7,318,0.0
9181,2023-10-29 20:16:53.213000+00:00,25.4,47.2,28.0,779.7,2.0,317,0.0
9181,2023-10-29 20:17:53.212000+00:00,25.4,47.2,28.0,779.5,2.0,143,0.0
9181,2023-10-29 20:18:53.211000+00:00,25.3,47.3,27.0,779.7,0.6,304,0.0
9181,2023-10-29 20:19:53.210000+00:00,25.4,47.4,27.0,779.7,3.7,274,0.0
9181,2023-10-29 20:20:53.224000+00:00,25.4,47.4,25.0,779.7,1.7,12,0.0
9181,2023-10-29 20:21:53.208000+00:00,25.5,47.6,24.0,779.7,1.1,193,0.0
9181,2023-10-29 20:22:53.222000+00:00,25.6,47.3,23.0,779.7,0.5,163,0.0
9181,2023-10-29 20:23:53.221000+00:00,25.6,47.4,22.0,779.5,0.6,227,0.0
9181,2023-10-29 20:24:53.220000+00:00,25.7,47.4,23.0,779.5,1.2,301,0.0
9181,2023-10-29 20:25:53.219000+00:00,25.8,47.5,22.0,779.5,1.3,119,0.0
9181,2023-10-29 20:26:53.218000+00:00,25.7,47.5,22.0,779.5,1.2,190,0.0
9181,2023-10-29 20:27:53.217000+00:00,25.6,47.1,22.0,779.4,1.1,187,0.0
9181,2023-10-29 20:28:53.216000+00:00,25.5,47.7,22.0,779.4,2.4,298,0.0
9181,2023-10-29 20:29:53.215000+00:00,25.5,47.7,24.0,779.5,3.0,258,0.0
9181,2023-10-29 20:30:53.214000+00:00,25.5,47.2,25.0,779.5,2.2,292,0.0
9181,2023-10-29 20:31:53.244000+00:00,25.5,47.2,24.0,779.4,1.3,288,0.0
9181,2023-10-29 20:32:53.243000+00:00,25.6,47.5,22.0,779.4,3.2,280,0.0
9181,2023-10-29 20:33:53.258000+00:00,25.6,47.0,23.0,779.4,0.8,233,0.0
9181,2023-10-29 20:34:53.272000+00:00,25.7,47.0,23.0,779.4,1.2,236,0.0
9181,2023-10-29 20:35:53.287000+00:00,25.8,47.3,23.0,779.4,1.0,315,0.0
9181,2023-10-29 20:36:53.301000+00:00,25.8,47.5,22.0,779.2,0.8,236,0.0
9181,2023-10-29 20:37:53.285000+00:00,25.8,47.6,22.0,779.4,1.2,292,0.0
9181,2023-10-29 20:38:53.299000+00:00,25.8,47.4,22.0,779.2,2.2,306,0.0
9181,2023-10-29 20:39:53.298000+00:00,25.9,46.8,22.0,779.2,1.0,274,0.0
9181,2023-10-29 20:40:53.313000+00:00,25.8,46.8,22.0,779.2,1.2,263,0.0
9181,2023-10-29 20:41:53.312000+00:00,25.8,46.6,22.0,779.2,0.8,0,0.0
9181,2023-10-29 20:42:53.311000+00:00,25.7,46.5,22.0,779.2,0.0,345,0.0
9181,2023-10-29 20:43:53.310000+00:00,25.7,46.8,22.0,779.2,0.5,50,0.0
9181,2023-10-29 20:44:53.308000+00:00,25.7,46.8,22.0,779.2,1.2,204,0.0
9181,2023-10-29 20:45:53.307000+00:00,25.7,46.5,22.0,779.2,1.1,117,0.0
9181,2023-10-29 20:46:53.306000+00:00,25.8,46.5,22.0,779.2,1.2,143,0.0
9181,2023-10-29 20:47:53.305000+00:00,25.7,46.7,23.0,779.2,0.6,295,0.0
9181,2023-10-29 20:48:53.304000+00:00,25.8,46.7,22.0,779.2,0.0,329,0.0
9181,2023-10-29 20:49:53.319000+00:00,25.9,46.8,22.0,779.2,1.0,295,0.0
9181,2023-10-29 20:50:53.318000+00:00,25.9,46.8,21.0,779.0,1.6,291,0.0
9181,2023-10-29 20:51:53.317000+00:00,25.9,46.6,22.0,779.0,1.3,310,0.0
9181,2023-10-29 20:52:53.316000+00:00,25.8,46.6,22.0,779.2,1.6,166,0.0
9181,2023-10-29 20:53:53.315000+00:00,25.9,46.7,22.0,779.2,1.1,167,0.0
9181,2023-10-29 20:54:53.314000+00:00,25.9,46.3,22.0,779.0,1.2,243,0.0
9181,2023-10-29 20:55:53.312000+00:00,26.0,46.4,22.0,779.0,1.0,273,0.0
9181,2023-10-29 20:56:53.311000+00:00,26.1,46.4,21.0,779.0,1.2,317,0.0
9181,2023-10-29 20:57:53.326000+00:00,26.1,46.4,21.0,779.0,0.8,333,0.0
9181,2023-10-29 20:58:53.341000+00:00,26.0,46.3,21.0,779.0,1.5,293,0.0
9181,2023-10-29 20:59:53.324000+00:00,26.0,46.2,22.0,779.0,1.2,270,0.0
9181,2023-10-29 21:00:53.323000+00:00,26.0,46.2,22.0,779.0,2.0,295,0.0
9181,2023-10-29 21:01:53.322000+00:00,26.1,46.2,22.0,779.0,1.7,275,0.0
9181,2023-10-29 21:02:53.321000+00:00,26.1,46.2,21.0,779.0,2.2,271,0.0
9181,2023-10-29 21:03:53.320000+00:00,26.0,46.0,21.0,779.0,2.4,261,0.0
9181,2023-10-29 21:04:53.319000+00:00,26.0,46.0,21.0,779.0,2.4,261,0.0
9181,2023-10-29 21:05:53.318000+00:00,26.1,46.0,21.0,779.0,3.5,271,0.0
9181,2023-10-29 21:06:53.317000+00:00,26.1,45.9,21.0,779.0,1.6,292,0.0
9181,2023-10-29 21:07:53.331000+00:00,26.1,45.8,21.0,778.9,2.4,316,0.0
9181,2023-10-29 21:08:53.314000+00:00,26.2,45.8,22.0,779.0,1.2,292,0.0
9181,2023-10-29 21:09:53.329000+00:00,26.3,45.8,21.0,778.9,1.8,293,0.0
9181,2023-10-29 21:10:53.328000+00:00,26.3,45.8,21.0,779.0,1.3,266,0.0
9181,2023-10-29 21:11:53.343000+00:00,26.2,45.8,21.0,779.0,1.6,272,0.0
9181,2023-10-29 21:12:53.326000+00:00,26.1,45.5,21.0,779.0,1.7,291,0.0
9181,2023-10-29 21:13:53.325000+00:00,26.1,45.4,20.0,778.9,1.2,302,0.0
9181,2023-10-29 21:14:53.324000+00:00,26.1,45.0,20.0,778.9,2.0,262,0.0
9181,2023-10-29 21:15:53.323000+00:00,26.0,45.0,21.0,778.9,2.0,299,0.0
9181,2023-10-29 21:16:53.338000+00:00,26.3,45.0,21.0,778.9,2.0,286,0.0
9181,2023-10-29 21:17:53.336000+00:00,26.4,45.0,21.0,778.9,2.2,312,0.0
9181,2023-10-29 21:18:53.366000+00:00,26.4,45.0,21.0,778.9,1.2,298,0.0
9181,2023-10-29 21:19:53.365000+00:00,26.5,45.0,21.0,778.9,1.6,292,0.0
9181,2023-10-29 21:20:53.380000+00:00,26.6,44.9,21.0,778.9,1.8,311,0.0
9181,2023-10-29 21:21:53.394000+00:00,26.8,44.8,20.0,778.9,2.5,295,0.0
9181,2023-10-29 21:22:53.393000+00:00,26.8,44.8,21.0,778.7,2.9,305,0.0
9181,2023-10-29 21:23:53.408000+00:00,26.8,44.8,21.0,778.7,1.7,314,0.0
9181,2023-10-29 21:24:53.391000+00:00,26.8,44.8,20.0,778.7,2.2,301,0.0
9181,2023-10-29 21:25:53.406000+00:00,26.7,44.7,20.0,778.7,2.4,263,0.0
9181,2023-10-29 21:26:53.420000+00:00,26.6,44.5,20.0,778.7,0.8,316,0.0
9181,2023-10-29 21:27:53.435000+00:00,26.6,44.5,20.0,778.7,1.5,311,0.0
9181,2023-10-29 21:28:53.434000+00:00,26.7,44.3,20.0,778.7,2.2,316,0.0
9181,2023-10-29 21:29:53.449000+00:00,26.6,44.3,20.0,778.7,1.2,67,0.0
9181,2023-10-29 21:30:53.463000+00:00,26.5,44.1,20.0,778.7,0.8,302,0.0
9181,2023-10-29 21:31:53.478000+00:00,26.6,44.0,20.0,778.7,1.0,295,0.0
9181,2023-10-29 21:32:53.461000+00:00,26.8,44.0,20.0,778.7,1.7,308,0.0
9181,2023-10-29 21:33:53.476000+00:00,26.9,44.0,20.0,778.7,1.6,296,0.0
9181,2023-10-29 21:34:53.459000+00:00,26.9,43.6,20.0,778.7,1.5,291,0.0
9181,2023-10-29 21:35:53.473000+00:00,26.9,43.6,20.0,778.7,1.7,307,0.0
9181,2023-10-29 21:36:53.472000+00:00,26.7,43.6,20.0,778.7,1.5,306,0.0
9181,2023-10-29 21:37:53.471000+00:00,26.6,43.6,19.0,778.7,1.6,355,0.0
9181,2023-10-29 21:38:53.470000+00:00,26.6,43.6,19.0,778.7,0.4,150,0.0
9181,2023-10-29 21:39:53.469000+00:00,26.6,43.6,19.0,778.7,1.7,301,0.0
9181,2023-10-29 21:40:53.484000+00:00,26.6,43.4,19.0,778.7,1.0,257,0.0
9181,2023-10-29 21:41:53.467000+00:00,26.5,43.2,19.0,778.7,0.0,0,0.0
9181,2023-10-29 21:42:53.466000+00:00,26.5,43.1,19.0,778.7,1.0,307,0.0
9181,2023-10-29 21:43:53.465000+00:00,26.5,43.1,19.0,778.7,1.2,276,0.0
9181,2023-10-29 21:44:53.464000+00:00,26.5,43.2,19.0,778.7,1.6,290,0.0
9181,2023-10-29 21:45:53.479000+00:00,26.5,43.1,19.0,778.7,1.8,310,0.0
9181,2023-10-29 21:46:53.478000+00:00,26.7,42.3,19.0,778.7,2.0,290,0.0
9181,2023-10-29 21:47:53.477000+00:00,26.6,41.5,19.0,778.7,2.2,235,0.0
9181,2023-10-29 21:48:53.491000+00:00,26.5,41.0,19.0,778.7,1.8,108,0.0
9181,2023-10-29 21:49:53.490000+00:00,26.5,40.6,19.0,778.7,0.8,146,0.0
9181,2023-10-29 21:50:53.473000+00:00,26.6,40.6,19.0,778.7,1.2,145,0.0
9181,2023-10-29 21:51:53.488000+00:00,26.5,40.6,19.0,778.7,1.5,307,0.0
9181,2023-10-29 21:52:53.471000+00:00,26.7,40.6,18.0,778.7,2.2,319,0.0
9181,2023-10-29 21:53:53.486000+00:00,26.7,40.5,18.0,778.7,1.5,292,0.0
9181,2023-10-29 21:54:53.485000+00:00,26.6,40.3,19.0,778.7,1.6,232,0.0
9181,2023-10-29 21:55:53.468000+00:00,26.5,39.9,19.0,778.7,1.1,291,0.0
9181,2023-10-29 21:56:53.483000+00:00,26.4,39.8,19.0,778.5,1.7,306,0.0
9181,2023-10-29 21:57:53.482000+00:00,26.4,39.2,19.0,778.5,1.8,305,0.0
9181,2023-10-29 21:58:53.481000+00:00,26.4,38.9,19.0,778.5,1.8,300,0.0
9181,2023-10-29 21:59:53.480000+00:00,26.4,38.8,19.0,778.5,2.0,305,0.0
9181,2023-10-29 22:00:53.510000+00:00,26.4,38.7,19.0,778.5,1.6,313,0.0
9181,2023-10-29 22:01:53.493000+00:00,26.4,38.2,19.0,778.5,1.3,293,0.0
9181,2023-10-29 22:02:53.508000+00:00,26.3,38.1,19.0,778.5,1.2,303,0.0
9181,2023-10-29 22:03:53.491000+00:00,26.3,37.7,19.0,778.5,0.8,0,0.0
9181,2023-10-29 22:04:53.521000+00:00,26.3,37.4,19.0,778.7,0.6,306,0.0
9181,2023-10-29 22:05:53.536000+00:00,26.2,37.3,19.0,778.5,1.2,285,0.0
9181,2023-10-29 22:06:53.535000+00:00,26.2,37.0,19.0,778.5,1.5,281,0.0
9181,2023-10-29 22:07:53.534000+00:00,26.1,36.6,19.0,778.7,2.9,268,0.0
9181,2023-10-29 22:08:53.533000+00:00,26.2,36.5,19.0,778.7,2.7,288,0.0
9181,2023-10-29 22:09:53.563000+00:00,26.1,36.2,19.0,778.7,2.0,0,0.0
9181,2023-10-29 22:10:53.562000+00:00,26.0,35.9,19.0,778.5,0.5,203,0.0
9204,2023-11-04 17:36:52.286000+00:00,27.3,55.1,26.0,921.5,0.6,268,0.0
9204,2023-11-04 17:37:52.285000+00:00,27.2,55.1,25.0,921.5,0.4,0,0.0
9204,2023-11-04 17:38:52.269000+00:00,27.2,55.3,26.0,921.5,1.0,0,0.0
9204,2023-11-04 17:39:52.284000+00:00,27.2,55.4,25.0,921.5,0.6,4,0.0
9204,2023-11-04 17:40:52.283000+00:00,27.3,55.2,26.0,921.5,0.6,59,0.0
9204,2023-11-04 17:41:52.283000+00:00,27.3,55.1,26.0,921.5,1.6,37,0.0
9204,2023-11-04 17:42:52.282000+00:00,27.3,55.1,26.0,921.5,1.7,17,0.0
9204,2023-11-04 17:43:52.281000+00:00,27.2,55.1,26.0,921.5,1.8,313,0.0
9204,2023-11-04 17:44:52.281000+00:00,27.2,55.0,26.0,921.7,1.2,64,0.0
9204,2023-11-04 17:45:52.280000+00:00,27.1,54.8,27.0,921.5,1.8,48,0.0
9204,2023-11-04 17:46:52.295000+00:00,27.0,54.8,27.0,921.5,1.7,47,0.0
9204,2023-11-04 17:47:52.310000+00:00,27.2,54.9,27.0,921.5,0.8,36,0.0
9204,2023-11-04 17:48:52.340000+00:00,27.3,54.9,27.0,921.5,1.2,123,0.0
9204,2023-11-04 17:49:52.340000+00:00,27.3,54.8,28.0,921.5,0.8,327,0.0
9204,2023-11-04 17:50:52.339000+00:00,27.2,54.7,28.0,921.5,0.5,72,0.0
9204,2023-11-04 17:51:52.338000+00:00,27.2,54.4,28.0,921.5,1.6,17,0.0
9204,2023-11-04 17:52:52.338000+00:00,27.1,54.1,27.0,921.5,1.5,37,0.0
9204,2023-11-04 17:53:52.337000+00:00,27.0,53.4,27.0,921.5,0.8,10,0.0
9204,2023-11-04 17:54:52.352000+00:00,27.0,53.4,28.0,921.4,0.3,58,0.0
9204,2023-11-04 17:55:52.383000+00:00,27.1,53.5,26.0,921.4,2.0,47,0.0
9204,2023-11-04 17:56:52.382000+00:00,26.9,53.5,27.0,921.4,2.0,45,0.0
9204,2023-11-04 17:57:52.397000+00:00,26.9,53.8,28.0,921.4,2.0,38,0.0
9204,2023-11-04 17:58:52.412000+00:00,27.0,54.0,28.0,921.5,1.8,359,0.0
9204,2023-11-04 17:59:52.427000+00:00,27.0,54.0,29.0,921.5,1.3,55,0.0
9204,2023-11-04 18:00:52.426000+00:00,27.0,54.3,29.0,921.5,1.0,14,0.0
9204,2023-11-04 18:01:52.425000+00:00,27.1,54.6,29.0,921.5,0.4,43,0.0
9204,2023-11-04 18:02:52.425000+00:00,27.1,54.7,29.0,921.5,1.3,1,0.0
9204,2023-11-04 18:03:52.440000+00:00,27.0,54.6,29.0,921.5,1.1,18,0.0
9204,2023-11-04 18:04:52.455000+00:00,27.0,54.3,28.0,921.5,1.2,52,0.0
9204,2023-11-04 18:05:52.454000+00:00,27.3,54.4,28.0,921.5,0.8,79,0.0
9204,2023-11-04 18:06:52.469000+00:00,27.4,54.7,26.0,921.5,1.1,156,0.0
9204,2023-11-04 18:07:52.468000+00:00,27.4,54.8,25.0,921.5,0.8,83,0.0
9204,2023-11-04 18:08:52.468000+00:00,27.4,54.9,25.0,921.5,1.1,50,0.0
9204,2023-11-04 18:09:52.483000+00:00,27.4,54.9,24.0,921.5,0.6,86,0.0
9204,2023-11-04 18:10:52.482000+00:00,27.3,54.5,24.0,921.5,1.2,47,0.0
9204,2023-11-04 18:11:52.466000+00:00,27.3,54.4,24.0,921.5,1.0,51,0.0
9204,2023-11-04 18:12:52.481000+00:00,27.3,54.5,24.0,921.5,0.6,340,0.0
9204,2023-11-04 18:13:52.480000+00:00,27.3,54.3,24.0,921.5,0.8,57,0.0
9204,2023-11-04 18:14:52.479000+00:00,27.3,54.2,24.0,921.4,0.6,348,0.0
9204,2023-11-04 18:15:52.494000+00:00,27.4,54.2,24.0,921.4,1.3,49,0.0
9204,2023-11-04 18:16:52.509000+00:00,27.3,53.9,24.0,921.2,1.3,36,0.0
9204,2023-11-04 18:17:52.508000+00:00,27.3,53.9,24.0,921.2,0.6,43,0.0
9204,2023-11-04 18:18:52.523000+00:00,27.4,53.9,24.0,921.4,1.2,18,0.0
9204,2023-11-04 18:19:52.538000+00:00,27.5,53.9,24.0,921.4,0.6,55,0.0
9204,2023-11-04 18:20:52.538000+00:00,27.4,53.9,23.0,921.4,1.8,326,0.0
9204,2023-11-04 18:21:52.568000+00:00,27.4,53.9,25.0,921.4,0.5,353,0.0
9204,2023-11-04 18:22:52.552000+00:00,27.4,53.6,25.0,921.4,0.6,352,0.0
9204,2023-11-04 18:23:52.551000+00:00,27.5,54.0,25.0,921.4,1.2,31,0.0
9204,2023-11-04 18:24:52.566000+00:00,27.6,54.0,23.0,921.4,1.0,59,0.0
9204,2023-11-04 18:25:52.566000+00:00,27.6,54.0,21.0,921.4,0.5,46,0.0
9204,2023-11-04 18:26:52.565000+00:00,27.7,53.8,19.0,921.2,0.6,79,0.0
9204,2023-11-04 18:27:52.564000+00:00,27.6,53.8,19.0,921.2,0.8,98,0.0
9204,2023-11-04 18:28:52.564000+00:00,27.6,54.1,19.0,921.4,0.5,58,0.0
9204,2023-11-04 18:29:52.563000+00:00,27.6,53.8,18.0,921.4,0.8,0,0.0
9204,2023-11-04 18:30:52.562000+00:00,27.7,53.8,18.0,921.2,0.3,0,0.0
9204,2023-11-04 18:31:52.562000+00:00,27.6,53.0,18.0,921.4,0.5,24,0.0
9204,2023-11-04 18:32:52.561000+00:00,27.7,52.4,18.0,921.4,0.8,359,0.0
9204,2023-11-04 18:33:52.560000+00:00,27.5,52.2,17.0,921.4,1.2,318,0.0
9204,2023-11-04 18:34:52.560000+00:00,27.5,49.7,17.0,921.2,1.0,37,0.0
9204,2023-11-04 18:35:52.574000+00:00,27.4,48.5,17.0,921.2,0.8,29,0.0
9204,2023-11-04 18:36:52.574000+00:00,27.5,47.9,18.0,921.2,2.2,36,0.0
9204,2023-11-04 18:37:52.573000+00:00,27.5,47.1,17.0,921.2,1.8,24,0.0
9204,2023-11-04 18:38:52.572000+00:00,27.5,46.4,18.0,921.2,1.8,111,0.0
9204,2023-11-04 18:39:52.572000+00:00,27.5,46.1,18.0,921.2,1.2,36,1.0
9204,2023-11-04 18:40:52.571000+00:00,27.5,45.8,18.0,921.2,1.3,38,1.0
9204,2023-11-04 18:41:52.570000+00:00,27.5,45.0,18.0,921.2,1.3,346,0.0
9204,2023-11-04 18:42:52.570000+00:00,27.5,44.8,18.0,921.2,2.0,34,0.0
9204,2023-11-04 18:43:52.569000+00:00,27.5,44.6,17.0,921.2,1.6,29,0.0
9204,2023-11-04 18:44:52.568000+00:00,27.5,44.3,17.0,921.0,1.3,49,0.0
9204,2023-11-04 18:45:52.568000+00:00,27.4,43.9,16.0,921.0,1.7,70,0.0
9204,2023-11-04 18:46:52.567000+00:00,27.4,43.7,17.0,921.0,1.2,73,0.0
9204,2023-11-04 18:47:52.582000+00:00,27.4,43.4,16.0,921.0,1.5,68,0.0
9204,2023-11-04 18:48:52.581000+00:00,27.4,43.0,17.0,921.0,1.2,95,0.0
9204,2023-11-04 18:49:52.581000+00:00,27.5,43.0,17.0,921.0,1.2,11,0.0
9204,2023-11-04 18:50:52.580000+00:00,27.5,42.8,17.0,921.0,1.1,5,0.0
9204,2023-11-04 18:51:52.579000+00:00,27.5,42.8,17.0,921.0,1.7,48,0.0
9204,2023-11-04 18:52:52.579000+00:00,27.3,42.3,17.0,921.2,1.2,61,0.0
9204,2023-11-04 18:53:52.578000+00:00,27.4,42.0,18.0,921.2,0.8,19,0.0
9204,2023-11-04 18:54:52.577000+00:00,27.4,41.8,18.0,921.2,1.2,30,0.0
9204,2023-11-04 18:55:52.577000+00:00,27.5,41.5,18.0,921.0,0.8,26,0.0
9204,2023-11-04 18:56:52.576000+00:00,27.5,41.5,18.0,921.0,1.5,80,0.0
9204,2023-11-04 18:57:52.591000+00:00,27.6,41.2,18.0,921.0,1.7,16,0.0
9204,2023-11-04 18:58:52.575000+00:00,27.4,41.0,19.0,921.0,1.0,3,0.0
9204,2023-11-04 18:59:52.574000+00:00,27.4,40.7,19.0,921.0,2.4,33,0.0
9204,2023-11-04 19:00:52.589000+00:00,27.4,40.5,20.0,921.0,1.7,37,0.0
9204,2023-11-04 19:01:52.588000+00:00,27.3,40.5,20.0,921.0,1.2,28,0.0
9204,2023-11-04 19:02:52.587000+00:00,27.4,40.4,21.0,921.0,1.5,22,0.0
9204,2023-11-04 19:03:52.587000+00:00,27.5,40.1,21.0,921.0,2.5,51,0.0
9204,2023-11-04 19:04:52.586000+00:00,27.4,40.0,21.0,921.2,2.0,27,0.0
9204,2023-11-04 19:05:52.570000+00:00,27.3,40.0,21.0,921.2,1.6,3,0.0
9205,2023-11-05 16:01:57.618000+00:00,20.3,51.4,62.0,928.4,1.8,194,0.0
9205,2023-11-05 16:02:57.618000+00:00,20.3,51.7,61.0,928.4,2.4,188,0.0
9205,2023-11-05 16:03:57.617000+00:00,20.4,51.3,62.0,928.4,2.0,200,0.0
9205,2023-11-05 16:04:57.616000+00:00,20.4,51.5,61.0,928.2,2.0,266,0.0
9205,2023-11-05 16:05:57.615000+00:00,20.4,52.4,61.0,928.4,0.8,211,0.0
9205,2023-11-05 16:06:57.615000+00:00,20.5,52.4,61.0,928.4,1.2,220,0.0
9205,2023-11-05 16:07:57.614000+00:00,20.5,51.6,60.0,928.2,1.3,246,0.0
9205,2023-11-05 16:08:57.613000+00:00,20.5,50.5,61.0,928.2,1.0,234,0.0
9205,2023-11-05 16:09:57.613000+00:00,20.5,48.1,61.0,928.2,1.0,225,0.0
9205,2023-11-05 16:10:57.612000+00:00,20.5,48.0,61.0,928.2,1.0,221,0.0
9205,2023-11-05 16:11:57.611000+00:00,20.5,47.3,61.0,928.2,1.2,241,0.0
9205,2023-11-05 16:12:57.626000+00:00,20.4,47.3,60.0,928.2,0.8,227,0.0
9205,2023-11-05 16:13:57.610000+00:00,20.3,47.3,61.0,928.2,1.0,227,0.0
9205,2023-11-05 16:14:57.625000+00:00,20.4,47.5,61.0,928.2,0.8,97,0.0
9205,2023-11-05 16:15:57.624000+00:00,20.5,48.2,59.0,928.2,1.2,179,0.0
9205,2023-11-05 16:16:57.623000+00:00,20.7,50.0,59.0,928.2,1.2,215,0.0
9205,2023-11-05 16:17:57.623000+00:00,20.6,50.0,58.0,928.2,1.2,240,0.0
9205,2023-11-05 16:18:57.622000+00:00,20.6,50.2,59.0,928.2,1.5,201,0.0
9205,2023-11-05 16:19:57.621000+00:00,20.5,50.4,58.0,928.2,0.8,189,0.0
9205,2023-11-05 16:20:57.620000+00:00,20.5,50.8,58.0,928.2,1.7,206,0.0
9205,2023-11-05 16:21:57.620000+00:00,20.6,50.2,58.0,928.2,1.3,165,0.0
9205,2023-11-05 16:22:57.619000+00:00,20.6,49.1,58.0,928.2,1.5,180,0.0
9205,2023-11-05 16:23:57.618000+00:00,20.6,48.7,58.0,928.2,1.1,165,0.0
9205,2023-11-05 16:24:57.633000+00:00,20.6,48.7,58.0,928.2,1.1,190,0.0
9205,2023-11-05 16:25:57.633000+00:00,20.6,48.4,57.0,928.2,1.3,190,0.0
9205,2023-11-05 16:26:57.632000+00:00,20.4,48.1,58.0,928.2,1.1,242,0.0
9205,2023-11-05 16:27:57.616000+00:00,20.4,47.9,58.0,928.2,0.8,195,0.0
9205,2023-11-05 16:28:57.631000+00:00,20.5,47.9,57.0,928.2,1.2,208,0.0
9205,2023-11-05 16:29:57.630000+00:00,20.4,47.9,58.0,928.2,1.3,166,0.0
9205,2023-11-05 16:30:57.629000+00:00,20.5,48.2,58.0,928.2,1.0,161,0.0
9205,2023-11-05 16:31:57.628000+00:00,20.5,49.6,60.0,928.0,1.1,190,0.0
9205,2023-11-05 16:32:57.628000+00:00,20.5,50.5,59.0,928.0,1.1,134,0.0
9205,2023-11-05 16:33:57.627000+00:00,20.5,50.8,59.0,928.0,1.1,218,0.0
9205,2023-11-05 16:34:57.642000+00:00,20.6,50.8,58.0,928.0,0.8,166,0.0
9205,2023-11-05 16:35:57.641000+00:00,20.5,50.5,57.0,928.0,1.1,204,0.0
9205,2023-11-05 16:36:57.641000+00:00,20.5,50.5,57.0,928.0,1.1,200,0.0
9205,2023-11-05 16:37:57.640000+00:00,20.5,49.8,56.0,928.0,1.0,230,0.0
9205,2023-11-05 16:38:57.639000+00:00,20.6,49.0,57.0,928.0,1.0,290,0.0
9205,2023-11-05 16:39:57.638000+00:00,20.5,49.0,56.0,928.0,0.6,241,0.0
9205,2023-11-05 16:40:57.638000+00:00,20.5,49.6,57.0,928.0,1.0,164,0.0
9205,2023-11-05 16:41:57.637000+00:00,20.5,49.7,57.0,928.0,0.8,227,0.0
9205,2023-11-05 16:42:57.636000+00:00,20.4,49.1,57.0,928.0,1.8,203,0.0
9205,2023-11-05 16:43:57.651000+00:00,20.5,49.6,57.0,928.0,0.8,164,0.0
9205,2023-11-05 16:44:57.635000+00:00,20.5,49.5,56.0,927.9,1.5,228,0.0
9205,2023-11-05 16:45:57.634000+00:00,20.6,48.3,57.0,928.0,1.2,266,0.0
9205,2023-11-05 16:46:57.634000+00:00,20.4,47.1,57.0,928.0,1.2,239,0.0
9205,2023-11-05 16:47:57.648000+00:00,20.4,47.5,57.0,927.9,1.2,190,0.0
9205,2023-11-05 16:48:57.648000+00:00,20.6,48.7,58.0,928.0,1.6,200,0.0
9205,2023-11-05 16:49:57.647000+00:00,20.7,48.2,57.0,928.0,1.5,252,0.0
9205,2023-11-05 16:50:57.646000+00:00,20.6,47.9,59.0,928.0,1.7,240,0.0
9205,2023-11-05 16:51:57.646000+00:00,20.5,47.5,58.0,928.0,0.6,146,0.0
9205,2023-11-05 16:52:57.645000+00:00,20.5,47.0,59.0,928.0,0.8,160,0.0
9205,2023-11-05 16:53:57.644000+00:00,20.4,47.0,59.0,928.0,1.0,169,0.0
9205,2023-11-05 16:54:57.659000+00:00,20.5,47.0,59.0,928.0,1.1,278,0.0
9205,2023-11-05 16:55:57.643000+00:00,20.5,48.5,59.0,927.9,0.8,166,0.0
9205,2023-11-05 16:56:57.658000+00:00,20.5,46.1,59.0,927.9,1.0,215,0.0
9205,2023-11-05 16:57:57.673000+00:00,20.6,45.9,59.0,928.0,1.2,167,0.0
9205,2023-11-05 16:58:57.672000+00:00,20.5,47.2,60.0,928.0,1.6,192,0.0
9205,2023-11-05 16:59:57.671000+00:00,20.5,47.2,58.0,927.9,1.6,161,0.0
9205,2023-11-05 17:00:57.686000+00:00,20.6,46.8,58.0,928.0,1.6,209,0.0
9205,2023-11-05 17:01:57.670000+00:00,20.7,46.9,59.0,928.0,1.2,166,0.0
9205,2023-11-05 17:02:57.669000+00:00,20.6,46.9,59.0,928.0,0.8,0,0.0
9205,2023-11-05 17:03:57.684000+00:00,20.6,47.8,58.0,928.0,1.1,181,0.0
9205,2023-11-05 17:04:57.681000+00:00,20.6,48.5,59.0,928.0,1.1,158,0.0
9205,2023-11-05 17:05:57.696000+00:00,20.6,47.1,60.0,928.0,1.2,178,0.0
9205,2023-11-05 17:06:57.695000+00:00,20.6,45.3,60.0,927.7,1.1,191,0.0
9205,2023-11-05 17:07:57.694000+00:00,20.5,45.3,60.0,928.0,1.1,139,0.0
9205,2023-11-05 17:08:57.709000+00:00,20.6,46.6,59.0,928.0,1.0,170,0.0
9205,2023-11-05 17:09:57.709000+00:00,20.7,47.5,58.0,928.0,2.0,155,0.0
9205,2023-11-05 17:10:57.708000+00:00,20.7,47.6,59.0,928.0,1.0,215,0.0
9205,2023-11-05 17:11:57.723000+00:00,20.6,46.9,59.0,928.0,1.1,198,0.0
9205,2023-11-05 17:12:57.738000+00:00,20.5,46.7,59.0,927.9,1.5,192,0.0
9205,2023-11-05 17:13:57.753000+00:00,20.5,46.8,59.0,927.9,1.0,140,0.0
9205,2023-11-05 17:14:57.752000+00:00,20.5,46.8,59.0,927.9,1.0,140,0.0
9205,2023-11-05 17:15:57.767000+00:00,20.6,47.2,58.0,927.9,0.6,178,0.0
9205,2023-11-05 17:16:57.797000+00:00,20.6,47.9,58.0,927.7,1.1,200,0.0
9205,2023-11-05 17:17:57.781000+00:00,20.5,47.1,58.0,927.9,0.8,149,0.0
9205,2023-11-05 17:18:57.780000+00:00,20.5,47.9,57.0,928.0,1.1,175,0.0
9205,2023-11-05 17:19:57.811000+00:00,20.6,47.9,57.0,928.0,1.1,175,0.0
9205,2023-11-05 17:20:57.810000+00:00,20.6,48.5,57.0,927.7,1.5,218,0.0
9205,2023-11-05 17:21:57.810000+00:00,20.7,48.6,57.0,927.9,1.2,141,1.0
9205,2023-11-05 17:22:57.825000+00:00,20.7,49.1,56.0,927.9,1.3,180,0.0
9205,2023-11-05 17:23:57.824000+00:00,20.9,49.1,56.0,927.9,1.3,180,0.0
9205,2023-11-05 17:24:57.839000+00:00,20.9,49.4,55.0,927.9,1.3,149,0.0
9205,2023-11-05 17:25:57.838000+00:00,21.0,49.4,55.0,927.9,1.5,172,0.0
9205,2023-11-05 17:26:57.837000+00:00,20.9,49.7,55.0,927.9,1.1,151,0.0
9205,2023-11-05 17:27:57.852000+00:00,20.7,49.7,55.0,927.9,1.1,151,0.0
9205,2023-11-05 17:28:57.852000+00:00,20.8,49.7,54.0,927.9,2.2,190,0.0
9205,2023-11-05 17:29:57.867000+00:00,20.7,49.7,54.0,927.9,2.2,190,0.0
9205,2023-11-05 17:30:57.881000+00:00,20.7,49.6,54.0,927.9,2.0,180,0.0
9205,2023-11-05 17:31:57.896000+00:00,20.7,49.2,55.0,927.9,2.2,198,0.0
9205,2023-11-05 17:32:57.896000+00:00,20.7,49.1,56.0,927.9,2.0,182,0.0
9205,2023-11-05 17:33:57.911000+00:00,20.8,48.7,56.0,927.9,1.7,98,0.0
9205,2023-11-05 17:34:57.910000+00:00,20.9,49.7,54.0,927.7,0.8,149,0.0
9205,2023-11-05 17:35:57.925000+00:00,21.0,50.2,55.0,927.7,0.8,180,0.0
9205,2023-11-05 17:36:57.924000+00:00,20.9,49.8,55.0,927.9,1.1,186,0.0
9205,2023-11-05 17:37:57.923000+00:00,21.0,49.8,57.0,927.9,1.2,307,0.0
9205,2023-11-05 17:38:57.907000+00:00,21.1,49.6,57.0,927.7,1.2,170,0.0
9205,2023-11-05 17:39:57.922000+00:00,21.1,49.7,58.0,927.9,1.8,204,0.0
9205,2023-11-05 17:40:57.921000+00:00,21.1,49.3,58.0,927.9,1.7,175,0.0
9205,2023-11-05 17:41:57.921000+00:00,21.0,49.4,58.0,927.7,1.0,263,0.0
9205,2023-11-05 17:42:57.920000+00:00,21.0,49.4,58.0,927.7,1.2,161,0.0
9205,2023-11-05 17:43:57.919000+00:00,20.9,49.2,58.0,927.5,1.5,291,0.0
9205,2023-11-05 17:44:57.919000+00:00,20.8,48.9,57.0,927.7,1.7,152,0.0
9205,2023-11-05 17:45:57.934000+00:00,20.8,49.1,55.0,927.7,1.3,181,0.0
9205,2023-11-05 17:46:57.933000+00:00,20.6,48.8,56.0,927.7,1.8,159,0.0
9205,2023-11-05 17:47:57.932000+00:00,20.6,49.1,57.0,927.7,1.1,73,0.0
9205,2023-11-05 17:48:57.947000+00:00,20.6,48.9,56.0,927.7,0.4,189,0.0
9205,2023-11-05 17:49:57.946000+00:00,20.8,48.9,55.0,927.9,1.7,194,0.0
9205,2023-11-05 17:50:57.946000+00:00,20.9,49.0,55.0,927.7,2.2,176,0.0
9205,2023-11-05 17:51:57.961000+00:00,21.0,48.7,56.0,927.7,2.2,170,0.0
9205,2023-11-05 17:52:57.960000+00:00,21.0,48.7,56.0,927.7,1.7,164,0.0
9205,2023-11-05 17:53:57.975000+00:00,20.9,48.8,57.0,927.7,1.5,197,0.0
9205,2023-11-05 17:54:57.974000+00:00,20.8,48.9,57.0,927.9,0.8,166,0.0
9205,2023-11-05 17:55:57.973000+00:00,20.6,48.9,58.0,927.9,2.5,190,0.0
9205,2023-11-05 17:56:57.988000+00:00,20.5,48.3,59.0,927.7,1.3,198,0.0
9205,2023-11-05 17:57:57.988000+00:00,20.6,48.3,59.0,927.7,2.2,189,0.0
9205,2023-11-05 17:58:57.987000+00:00,20.4,48.3,59.0,927.7,1.5,175,0.0
9205,2023-11-05 17:59:57.971000+00:00,20.5,48.5,59.0,927.7,1.5,195,0.0
9205,2023-11-05 18:00:57.986000+00:00,20.5,48.1,58.0,927.7,1.2,155,0.0
9205,2023-11-05 18:01:57.985000+00:00,20.5,48.1,58.0,927.7,0.8,153,0.0
9205,2023-11-05 18:02:57.984000+00:00,20.5,47.8,58.0,927.7,0.6,200,0.0
9205,2023-11-05 18:03:57.984000+00:00,20.5,48.4,57.0,927.9,0.6,190,0.0
9205,2023-11-05 18:04:57.998000+00:00,20.6,48.7,57.0,927.7,1.1,196,0.0
9205,2023-11-05 18:05:57.998000+00:00,20.7,48.8,56.0,927.7,1.2,172,0.0
9205,2023-11-05 18:06:57.997000+00:00,20.5,48.8,57.0,927.7,1.2,154,0.0
9205,2023-11-05 18:07:58.012000+00:00,20.4,48.4,57.0,927.7,1.1,174,0.0
9205,2023-11-05 18:08:58.043000+00:00,20.4,48.0,57.0,927.7,1.3,219,0.0
9205,2023-11-05 18:09:58.042000+00:00,20.5,48.0,57.0,927.7,1.6,150,0.0
9205,2023-11-05 18:10:58.041000+00:00,20.5,47.8,58.0,927.7,1.7,185,0.0
9205,2023-11-05 18:11:58.041000+00:00,20.4,47.4,58.0,927.9,1.7,170,0.0
9205,2023-11-05 18:12:58.071000+00:00,20.3,47.3,59.0,927.9,1.7,181,0.0
9205,2023-11-05 18:13:58.070000+00:00,20.3,47.3,60.0,927.7,1.6,311,0.0
9205,2023-11-05 18:14:58.070000+00:00,20.2,47.2,60.0,927.7,1.0,156,0.0
9205,2023-11-05 18:15:58.069000+00:00,20.2,47.2,59.0,927.7,1.3,177,0.0
9205,2023-11-05 18:16:58.068000+00:00,20.3,47.3,58.0,927.7,2.0,182,0.0
9205,2023-11-05 18:17:58.083000+00:00,20.4,47.4,58.0,927.7,1.6,159,0.0
9205,2023-11-05 18:18:58.083000+00:00,20.5,47.5,59.0,927.7,1.7,191,0.0
9205,2023-11-05 18:19:58.082000+00:00,20.5,47.5,58.0,927.7,2.0,174,0.0
9205,2023-11-05 18:20:58.081000+00:00,20.4,47.2,58.0,927.7,1.0,161,0.0
9205,2023-11-05 18:21:58.080000+00:00,20.4,47.0,59.0,927.9,1.2,152,0.0
9205,2023-11-05 18:22:58.080000+00:00,20.5,46.6,59.0,927.7,1.0,170,0.0
9205,2023-11-05 18:23:58.079000+00:00,20.5,47.1,58.0,927.7,2.0,161,0.0
9205,2023-11-05 18:24:58.078000+00:00,20.5,46.9,59.0,927.7,2.0,191,0.0
9205,2023-11-05 18:25:58.078000+00:00,20.4,47.1,59.0,927.7,2.5,182,0.0
9205,2023-11-05 18:26:58.077000+00:00,20.3,47.1,59.0,927.9,1.6,160,0.0
9205,2023-11-05 18:27:58.092000+00:00,20.3,47.1,59.0,927.9,1.5,164,0.0
9205,2023-11-05 18:28:58.076000+00:00,20.3,46.8,59.0,927.9,1.2,233,0.0
9205,2023-11-05 18:29:58.075000+00:00,20.3,46.7,58.0,927.9,1.1,148,0.0
9205,2023-11-05 18:30:58.090000+00:00,20.3,46.7,59.0,927.7,1.6,213,0.0
9205,2023-11-05 18:31:58.089000+00:00,20.3,46.2,58.0,927.7,1.3,197,0.0
9205,2023-11-05 18:32:58.073000+00:00,20.2,45.4,58.0,927.7,1.5,150,0.0
9205,2023-11-05 18:33:58.088000+00:00,20.2,44.9,58.0,927.9,2.2,157,0.0
9205,2023-11-05 18:34:58.087000+00:00,20.3,43.2,59.0,927.7,1.5,181,0.0
9205,2023-11-05 18:35:58.086000+00:00,20.3,42.5,58.0,927.7,0.6,164,0.0
9205,2023-11-05 18:36:58.086000+00:00,20.3,41.8,59.0,927.7,1.1,0,0.0
9205,2023-11-05 18:37:58.085000+00:00,20.3,41.1,58.0,927.7,0.6,183,0.0
9205,2023-11-05 18:38:58.084000+00:00,20.3,40.5,59.0,927.9,1.1,160,0.0
9205,2023-11-05 18:39:58.084000+00:00,20.2,40.5,59.0,927.7,1.1,304,0.0
9205,2023-11-05 18:40:58.083000+00:00,20.0,40.0,59.0,927.7,0.6,174,0.0
9205,2023-11-05 18:41:58.082000+00:00,20.0,39.6,58.0,927.9,1.1,179,0.0
9205,2023-11-05 18:42:58.097000+00:00,20.0,39.6,59.0,927.7,1.0,197,0.0
9205,2023-11-05 18:43:58.081000+00:00,20.0,38.8,59.0,927.9,1.2,160,0.0
9205,2023-11-05 18:44:58.096000+00:00,19.9,38.7,58.0,927.7,0.8,200,0.0
9205,2023-11-05 18:45:58.095000+00:00,19.9,38.4,59.0,927.7,1.5,63,0.0
9205,2023-11-05 18:46:58.094000+00:00,19.8,38.0,58.0,927.9,1.2,177,0.0
9205,2023-11-05 18:47:58.094000+00:00,19.8,37.9,58.0,927.7,2.4,176,0.0
9205,2023-11-05 18:48:58.109000+00:00,19.8,37.8,59.0,927.9,2.0,182,0.0
9205,2023-11-05 18:49:58.108000+00:00,19.9,37.6,60.0,927.7,1.3,177,0.0
9205,2023-11-05 18:50:58.107000+00:00,19.8,37.6,59.0,927.7,0.6,132,0.0
9205,2023-11-05 18:51:58.107000+00:00,19.9,37.8,59.0,927.7,1.6,154,0.0
9205,2023-11-05 18:52:58.106000+00:00,19.8,37.8,60.0,927.9,1.2,153,0.0
9205,2023-11-05 18:53:58.121000+00:00,19.8,37.1,60.0,927.7,1.3,159,0.0
9205,2023-11-05 18:54:58.136000+00:00,19.7,37.1,59.0,927.7,1.7,175,0.0
9205,2023-11-05 18:55:58.151000+00:00,19.7,37.0,60.0,927.9,1.6,212,0.0
9205,2023-11-05 18:56:58.150000+00:00,19.7,36.8,60.0,927.7,2.2,179,0.0
9205,2023-11-05 18:57:58.149000+00:00,19.6,36.6,61.0,927.9,1.5,152,0.0
9205,2023-11-05 18:58:58.164000+00:00,19.7,36.4,61.0,927.7,1.2,177,0.0
9205,2023-11-05 18:59:58.148000+00:00,19.8,36.5,60.0,927.7,0.8,159,0.0
9205,2023-11-05 19:00:58.147000+00:00,19.8,36.5,60.0,927.7,1.2,200,0.0
9205,2023-11-05 19:01:58.162000+00:00,19.7,36.0,60.0,927.9,0.8,173,0.0
9205,2023-11-05 19:02:58.162000+00:00,19.7,35.9,60.0,927.9,0.8,179,0.0
9205,2023-11-05 19:03:58.177000+00:00,19.8,35.8,61.0,927.7,2.0,200,0.0
9189,2023-11-19 05:50:08.851000+00:00,18.1,20.3,45.0,940.2,2.5,227,0.0
9189,2023-11-19 05:51:08.850000+00:00,18.0,19.5,46.0,940.2,2.9,246,0.0
9189,2023-11-19 05:52:08.849000+00:00,18.1,19.1,46.0,940.0,1.7,227,0.0
9189,2023-11-19 05:53:08.848000+00:00,18.1,19.0,46.0,940.0,1.5,232,0.0
9189,2023-11-19 05:54:08.847000+00:00,18.0,18.9,45.0,940.0,2.0,217,0.0
9189,2023-11-19 05:55:08.846000+00:00,18.1,18.8,45.0,940.2,2.2,203,0.0
9189,2023-11-19 05:56:08.861000+00:00,18.0,18.8,45.0,940.2,2.2,185,0.0
9189,2023-11-19 05:57:08.860000+00:00,18.1,18.9,46.0,940.2,2.5,239,0.0
9189,2023-11-19 05:58:08.874000+00:00,18.0,18.8,46.0,940.2,2.7,206,0.0
9189,2023-11-19 05:59:08.858000+00:00,17.9,18.5,46.0,940.2,2.7,212,0.0
9189,2023-11-19 06:00:08.856000+00:00,17.9,18.4,46.0,940.0,1.3,228,0.0
9189,2023-11-19 06:01:08.855000+00:00,17.9,18.5,47.0,940.2,1.6,220,0.0
9189,2023-11-19 06:02:08.854000+00:00,17.9,18.5,47.0,940.0,2.0,232,0.0
9189,2023-11-19 06:03:08.869000+00:00,17.9,18.6,46.0,940.0,1.3,232,0.0
9189,2023-11-19 06:04:08.868000+00:00,17.9,18.5,47.0,940.0,2.7,223,0.0
9189,2023-11-19 06:05:08.867000+00:00,18.0,18.3,47.0,940.0,2.5,245,0.0
9189,2023-11-19 06:06:08.866000+00:00,18.0,18.3,47.0,940.0,3.5,202,0.0
9189,2023-11-19 06:07:08.865000+00:00,18.0,18.3,47.0,940.0,2.2,225,0.0
9189,2023-11-19 06:08:08.864000+00:00,18.0,18.3,47.0,940.0,2.5,230,0.0
9189,2023-11-19 06:09:08.863000+00:00,18.0,18.3,47.0,940.0,2.2,209,0.0
9189,2023-11-19 06:10:08.861000+00:00,18.1,18.3,47.0,940.0,1.3,228,0.0
9189,2023-11-19 06:11:08.860000+00:00,18.1,18.2,47.0,940.0,2.2,220,0.0
9189,2023-11-19 06:12:08.859000+00:00,18.1,18.3,47.0,940.0,3.2,207,0.0
9189,2023-11-19 06:13:08.858000+00:00,18.1,18.2,47.0,939.9,3.0,160,0.0
9189,2023-11-19 06:14:08.857000+00:00,18.1,18.2,47.0,939.9,1.7,240,0.0
9189,2023-11-19 06:15:08.872000+00:00,18.0,18.2,47.0,940.0,2.2,219,0.0
9189,2023-11-19 06:16:08.871000+00:00,18.0,18.2,47.0,940.0,3.5,217,0.0
9189,2023-11-19 06:17:08.870000+00:00,18.0,18.1,47.0,939.9,3.7,214,0.0
9189,2023-11-19 06:18:08.869000+00:00,18.0,18.1,47.0,939.9,2.2,220,0.0
9189,2023-11-19 06:19:08.868000+00:00,18.0,18.2,47.0,940.0,2.4,223,0.0
9189,2023-11-19 06:20:08.867000+00:00,18.0,18.2,47.0,940.0,3.4,227,0.0
9189,2023-11-19 06:21:08.866000+00:00,18.1,18.1,47.0,939.9,2.7,206,0.0
9189,2023-11-19 06:22:08.864000+00:00,18.1,18.1,47.0,939.9,2.4,197,0.0
9189,2023-11-19 06:23:08.879000+00:00,18.1,18.1,47.0,939.9,2.7,216,0.0
9189,2023-11-19 06:24:08.878000+00:00,18.1,18.0,48.0,939.9,2.5,224,0.0
9189,2023-11-19 06:25:08.877000+00:00,18.1,17.9,48.0,940.0,2.7,234,0.0
9189,2023-11-19 06:26:08.876000+00:00,18.1,17.8,48.0,939.9,3.2,244,0.0
9189,2023-11-19 06:27:08.890000+00:00,18.1,17.8,48.0,939.9,2.5,228,0.0
9189,2023-11-19 06:28:08.889000+00:00,18.1,17.8,48.0,939.9,2.0,190,0.0
9189,2023-11-19 06:29:08.888000+00:00,18.1,17.8,49.0,939.9,0.8,235,0.0
9189,2023-11-19 06:30:08.903000+00:00,18.2,17.9,48.0,939.9,1.7,255,0.0
9189,2023-11-19 06:31:08.933000+00:00,18.2,17.9,48.0,939.9,2.7,232,0.0
9189,2023-11-19 06:32:08.932000+00:00,18.2,17.9,48.0,939.9,2.2,233,0.0
9189,2023-11-19 06:33:08.931000+00:00,18.2,17.9,48.0,939.9,2.2,255,0.0
9189,2023-11-19 06:34:08.945000+00:00,18.2,17.9,48.0,939.9,2.2,243,0.0
9189,2023-11-19 06:35:08.960000+00:00,18.1,17.9,48.0,939.9,2.0,242,0.0
9189,2023-11-19 06:36:08.959000+00:00,18.2,17.9,48.0,939.9,2.2,239,0.0
9189,2023-11-19 06:37:08.973000+00:00,18.1,17.9,48.0,940.0,2.7,226,0.0
9189,2023-11-19 06:38:08.972000+00:00,18.1,17.8,48.0,939.9,3.0,210,0.0
9189,2023-11-19 06:39:08.971000+00:00,18.1,17.8,48.0,939.9,2.5,213,0.0
9189,2023-11-19 06:40:08.970000+00:00,18.1,17.9,48.0,939.7,2.5,227,0.0
9189,2023-11-19 06:41:09+00:00,18.0,17.9,48.0,939.9,2.2,238,0.0
9189,2023-11-19 06:42:08.999000+00:00,18.0,17.9,48.0,939.9,3.2,231,0.0
9189,2023-11-19 06:43:08.998000+00:00,18.0,17.8,48.0,939.7,3.4,222,0.0
9189,2023-11-19 06:44:09.013000+00:00,18.0,17.7,48.0,939.7,2.2,230,0.0
9189,2023-11-19 06:45:09.012000+00:00,18.0,17.7,48.0,939.7,2.4,242,0.0
9189,2023-11-19 06:46:09.011000+00:00,18.0,17.8,48.0,939.7,2.5,204,0.0
9189,2023-11-19 06:47:09.010000+00:00,18.0,17.8,48.0,939.7,3.2,239,0.0
9189,2023-11-19 06:48:09.009000+00:00,18.0,17.9,48.0,939.7,2.5,220,0.0
9189,2023-11-19 06:49:09.008000+00:00,18.0,17.9,48.0,939.7,2.7,237,0.0
9189,2023-11-19 06:50:09.023000+00:00,18.1,17.8,48.0,939.7,2.4,241,0.0
9189,2023-11-19 06:51:09.021000+00:00,18.1,17.7,48.0,939.7,3.5,224,0.0
9189,2023-11-19 06:52:09.020000+00:00,18.0,17.8,48.0,939.7,2.0,227,0.0
9189,2023-11-19 06:53:09.019000+00:00,18.1,17.8,48.0,939.7,3.2,251,0.0
9189,2023-11-19 06:54:09.018000+00:00,18.0,17.8,48.0,939.7,4.0,222,0.0
9189,2023-11-19 06:55:09.017000+00:00,18.0,17.8,48.0,939.7,4.6,229,0.0
9189,2023-11-19 06:56:09.016000+00:00,18.0,17.7,48.0,939.5,4.0,241,0.0
9189,2023-11-19 06:57:09.015000+00:00,18.0,17.7,48.0,939.5,3.4,255,0.0
9189,2023-11-19 06:58:09.107000+00:00,17.9,17.7,48.0,939.5,1.7,197,0.0
9189,2023-11-19 06:59:09.028000+00:00,17.9,17.7,48.0,939.5,1.6,262,0.0
9189,2023-11-19 07:00:09.027000+00:00,17.9,17.7,47.0,939.4,2.4,303,0.0
9189,2023-11-19 07:01:09.026000+00:00,18.0,17.7,47.0,939.4,1.6,62,0.0
9189,2023-11-19 07:02:09.025000+00:00,18.0,17.8,47.0,939.5,1.5,323,0.0
9189,2023-11-19 07:03:09.024000+00:00,18.0,17.8,48.0,939.2,1.6,21,0.0
9189,2023-11-19 07:04:09.023000+00:00,18.0,17.8,47.0,939.2,3.0,303,0.0
9189,2023-11-19 07:05:09.022000+00:00,18.0,17.8,48.0,939.2,3.0,249,0.0
9189,2023-11-19 07:06:09.021000+00:00,18.1,17.7,48.0,939.2,3.2,262,0.0
9189,2023-11-19 07:07:09.035000+00:00,18.1,17.7,47.0,939.4,2.0,0,0.0
9189,2023-11-19 07:08:09.019000+00:00,18.2,17.7,47.0,939.2,2.2,251,0.0
9189,2023-11-19 07:09:09.018000+00:00,18.2,17.7,47.0,939.2,2.2,251,0.0
9189,2023-11-19 07:10:09.032000+00:00,18.2,17.7,47.0,939.5,4.0,286,0.0
9189,2023-11-19 07:11:09.031000+00:00,18.1,17.7,47.0,939.4,2.2,301,0.0
9189,2023-11-19 07:12:09.030000+00:00,18.2,17.7,47.0,939.4,1.7,0,0.0
9189,2023-11-19 07:13:09.029000+00:00,18.1,17.9,47.0,939.4,0.6,305,0.0
9189,2023-11-19 07:14:09.028000+00:00,18.1,17.9,47.0,939.5,1.1,200,0.0
9189,2023-11-19 07:15:09.027000+00:00,18.1,17.9,47.0,939.5,1.7,220,0.0
9189,2023-11-19 07:16:09.026000+00:00,18.1,17.8,47.0,939.5,1.5,308,0.0
9189,2023-11-19 07:17:09.040000+00:00,18.2,17.7,47.0,939.7,1.3,16,0.0
9189,2023-11-19 07:18:09.024000+00:00,18.2,17.8,47.0,939.5,1.3,18,0.0
9189,2023-11-19 07:19:09.038000+00:00,18.1,17.8,47.0,939.7,2.0,288,0.0
9189,2023-11-19 07:20:09.037000+00:00,18.2,17.8,47.0,939.5,0.8,4,0.0
9189,2023-11-19 07:21:09.036000+00:00,18.1,17.7,47.0,939.9,2.4,261,0.0
9189,2023-11-19 07:22:09.035000+00:00,18.1,17.7,47.0,939.9,2.2,258,0.0
9189,2023-11-19 07:23:09.034000+00:00,18.1,17.7,47.0,939.7,2.4,254,0.0
9189,2023-11-19 07:24:09.033000+00:00,18.0,17.6,48.0,939.7,1.5,290,0.0
9189,2023-11-19 07:25:09.032000+00:00,18.0,17.6,48.0,939.5,1.7,284,0.0
9189,2023-11-19 07:26:09.031000+00:00,18.0,17.7,48.0,939.7,1.6,195,0.0
9189,2023-11-19 07:27:09.030000+00:00,18.0,17.8,48.0,939.7,2.2,104,0.0
9189,2023-11-19 07:28:09.044000+00:00,18.0,17.6,48.0,939.7,1.5,335,0.0
9189,2023-11-19 07:29:09.043000+00:00,18.0,17.5,48.0,939.7,2.0,332,0.0
9189,2023-11-19 07:30:09.042000+00:00,18.0,17.6,48.0,940.0,1.5,257,0.0
9189,2023-11-19 07:31:09.041000+00:00,18.0,17.6,48.0,939.9,1.6,224,0.0
9189,2023-11-19 07:32:09.040000+00:00,18.0,17.6,48.0,939.9,2.5,238,0.0
9189,2023-11-19 07:33:09.039000+00:00,18.0,17.5,48.0,939.9,2.7,229,0.0
9189,2023-11-19 07:34:09.038000+00:00,18.0,17.5,48.0,939.7,2.2,212,0.0
9189,2023-11-19 07:35:09.037000+00:00,18.0,17.6,48.0,939.5,0.8,271,0.0
9189,2023-11-19 07:36:09.036000+00:00,18.0,17.6,49.0,939.7,1.0,74,0.0
9189,2023-11-19 07:37:09.035000+00:00,17.9,17.6,48.0,939.7,2.2,231,0.0
9197,2023-11-26 12:01:07.296000+00:00,27.7,38.2,49.0,1014.4,3.0,358,0.0
9197,2023-11-26 12:02:07.295000+00:00,27.7,38.2,49.0,1014.2,2.2,285,0.0
9197,2023-11-26 12:03:07.310000+00:00,27.7,38.2,49.0,1014.2,3.0,272,0.0
9197,2023-11-26 12:04:07.309000+00:00,27.7,38.2,50.0,1014.4,2.2,266,0.0
9197,2023-11-26 12:05:07.308000+00:00,27.6,38.2,48.0,1014.2,2.2,341,0.0
9197,2023-11-26 12:06:07.308000+00:00,27.6,37.6,49.0,1014.2,2.7,287,0.0
9197,2023-11-26 12:07:07.307000+00:00,27.6,37.8,50.0,1014.4,2.7,306,0.0
9197,2023-11-26 12:08:07.306000+00:00,27.6,37.8,50.0,1014.4,2.7,276,0.0
9197,2023-11-26 12:09:07.306000+00:00,27.5,37.7,51.0,1014.2,2.5,330,0.0
9197,2023-11-26 12:10:07.305000+00:00,27.5,37.6,51.0,1014.5,2.5,256,0.0
9197,2023-11-26 12:11:07.304000+00:00,27.5,37.4,50.0,1014.4,2.5,270,0.0
9197,2023-11-26 12:12:07.304000+00:00,27.5,37.4,50.0,1014.4,0.8,272,0.0
9197,2023-11-26 12:13:07.303000+00:00,27.5,37.3,50.0,1014.4,1.8,18,0.0
9197,2023-11-26 12:14:07.302000+00:00,27.6,37.5,50.0,1014.5,2.0,260,0.0
9197,2023-11-26 12:15:07.317000+00:00,27.6,37.3,50.0,1014.4,2.2,297,0.0
9197,2023-11-26 12:16:07.316000+00:00,27.6,37.1,50.0,1014.5,2.0,284,0.0
9197,2023-11-26 12:17:07.316000+00:00,27.5,36.8,50.0,1014.4,2.0,278,0.0
9197,2023-11-26 12:18:07.315000+00:00,27.5,36.8,50.0,1014.4,1.7,267,0.0
9197,2023-11-26 12:19:07.314000+00:00,27.6,36.7,50.0,1014.4,2.4,281,0.0
9197,2023-11-26 12:20:07.314000+00:00,27.6,36.5,50.0,1014.4,2.0,345,0.0
9197,2023-11-26 12:21:07.313000+00:00,27.5,36.5,51.0,1014.2,2.2,288,0.0
9197,2023-11-26 12:22:07.312000+00:00,27.5,36.6,49.0,1014.2,2.4,263,0.0
9197,2023-11-26 12:23:07.312000+00:00,27.5,35.9,50.0,1014.4,1.5,339,0.0
9197,2023-11-26 12:24:07.311000+00:00,27.5,35.9,49.0,1014.4,1.8,2,0.0
9197,2023-11-26 12:25:07.310000+00:00,27.5,36.4,49.0,1014.4,2.2,323,0.0
9197,2023-11-26 12:26:07.310000+00:00,27.5,36.4,48.0,1014.4,2.0,295,0.0
9197,2023-11-26 12:27:07.309000+00:00,27.5,35.5,48.0,1014.4,1.2,297,0.0
9197,2023-11-26 12:28:07.324000+00:00,27.5,35.8,49.0,1014.4,1.3,294,0.0
9197,2023-11-26 12:29:07.323000+00:00,27.5,35.8,49.0,1014.5,1.8,247,0.0
9197,2023-11-26 12:30:07.322000+00:00,27.5,35.8,48.0,1014.5,1.8,317,0.0
9197,2023-11-26 12:31:07.322000+00:00,27.5,35.6,48.0,1014.5,2.0,282,0.0
9197,2023-11-26 12:32:07.321000+00:00,27.4,35.6,49.0,1014.5,1.8,256,0.0
9197,2023-11-26 12:33:07.320000+00:00,27.4,35.6,49.0,1014.5,1.8,256,0.0
9197,2023-11-26 12:34:07.320000+00:00,27.4,35.5,49.0,1014.7,2.0,275,0.0
9197,2023-11-26 12:35:07.319000+00:00,27.4,35.5,49.0,1014.5,1.7,343,0.0
9197,2023-11-26 12:36:07.318000+00:00,27.4,35.5,49.0,1014.5,1.7,250,0.0
9197,2023-11-26 12:37:07.318000+00:00,27.4,35.4,49.0,1014.5,2.2,281,0.0
9197,2023-11-26 12:38:07.333000+00:00,27.3,35.4,50.0,1014.5,2.4,301,0.0
9197,2023-11-26 12:39:07.332000+00:00,27.3,35.3,50.0,1014.7,2.0,278,0.0
9197,2023-11-26 12:40:07.331000+00:00,27.3,35.1,50.0,1014.5,1.2,297,0.0
9197,2023-11-26 12:41:07.331000+00:00,27.3,35.1,49.0,1014.5,2.2,325,0.0
9197,2023-11-26 12:42:07.330000+00:00,27.3,34.8,48.0,1014.7,2.2,314,0.0
9197,2023-11-26 12:43:07.329000+00:00,27.3,34.8,49.0,1014.7,2.0,284,0.0
9197,2023-11-26 12:44:07.329000+00:00,27.3,34.7,48.0,1014.7,1.7,308,0.0
9197,2023-11-26 12:45:07.328000+00:00,27.3,34.7,48.0,1014.7,2.2,297,0.0
9197,2023-11-26 12:46:07.327000+00:00,27.3,34.6,49.0,1014.7,1.7,271,0.0
9197,2023-11-26 12:47:07.326000+00:00,27.3,34.6,49.0,1014.7,1.8,275,0.0
9197,2023-11-26 12:48:07.326000+00:00,27.3,34.4,50.0,1014.7,2.0,269,0.0
9197,2023-11-26 12:49:07.325000+00:00,27.3,34.3,49.0,1014.7,1.7,269,0.0
9197,2023-11-26 12:50:07.324000+00:00,27.3,34.3,49.0,1014.7,1.8,308,0.0
9197,2023-11-26 12:51:07.324000+00:00,27.3,34.4,49.0,1014.7,1.8,271,0.0
9197,2023-11-26 12:52:07.339000+00:00,27.3,34.4,50.0,1014.7,1.5,266,0.0
9197,2023-11-26 12:53:07.338000+00:00,27.3,34.4,49.0,1014.7,1.8,265,0.0
9197,2023-11-26 12:54:07.337000+00:00,27.3,34.4,49.0,1014.7,1.7,266,0.0
9197,2023-11-26 12:55:07.337000+00:00,27.2,34.3,49.0,1014.7,1.5,286,0.0
9197,2023-11-26 12:56:07.336000+00:00,27.2,34.3,49.0,1014.7,1.6,288,0.0
9197,2023-11-26 12:57:07.335000+00:00,27.2,34.0,50.0,1014.7,1.8,257,0.0
9197,2023-11-26 12:58:07.335000+00:00,27.2,33.6,49.0,1014.7,2.2,293,0.0
9197,2023-11-26 12:59:07.334000+00:00,27.2,33.7,50.0,1014.7,1.7,273,0.0
9197,2023-11-26 13:00:07.333000+00:00,27.2,33.7,50.0,1014.9,1.8,290,0.0
9197,2023-11-26 13:01:07.348000+00:00,27.1,33.7,49.0,1014.9,2.0,284,0.0
9197,2023-11-26 13:02:07.332000+00:00,27.1,33.6,49.0,1015.0,1.8,273,0.0
9197,2023-11-26 13:03:07.347000+00:00,27.0,33.6,49.0,1014.9,2.2,309,0.0
9197,2023-11-26 13:04:07.346000+00:00,27.1,33.6,49.0,1014.7,2.0,345,0.0
9197,2023-11-26 13:05:07.345000+00:00,27.0,33.6,49.0,1014.7,2.4,263,0.0
9197,2023-11-26 13:06:07.345000+00:00,27.0,33.4,51.0,1014.9,1.7,359,0.0
9197,2023-11-26 13:07:07.344000+00:00,27.1,33.7,49.0,1014.9,1.7,344,0.0
9197,2023-11-26 13:08:07.343000+00:00,27.0,33.7,50.0,1014.9,2.2,313,0.0
9197,2023-11-26 13:09:07.343000+00:00,27.0,33.2,50.0,1014.9,1.8,262,0.0
9197,2023-11-26 13:10:07.342000+00:00,27.0,33.1,50.0,1014.7,2.4,273,0.0
9197,2023-11-26 13:11:07.341000+00:00,27.0,33.0,50.0,1014.9,2.5,275,0.0
9197,2023-11-26 13:12:07.341000+00:00,27.0,33.0,50.0,1014.9,1.7,264,0.0
9197,2023-11-26 13:13:07.340000+00:00,27.0,33.2,51.0,1014.9,2.0,276,0.0
9197,2023-11-26 13:14:07.355000+00:00,27.0,33.1,50.0,1015.0,2.0,289,0.0
9197,2023-11-26 13:15:07.370000+00:00,26.9,33.0,51.0,1014.9,2.0,242,0.0
9197,2023-11-26 13:16:07.385000+00:00,26.9,32.8,51.0,1014.9,2.0,278,0.0
9197,2023-11-26 13:17:07.400000+00:00,26.9,32.7,51.0,1014.9,2.0,256,0.0
9197,2023-11-26 13:18:07.415000+00:00,26.9,32.7,52.0,1014.9,1.7,250,0.0
9197,2023-11-26 13:19:07.430000+00:00,26.9,32.9,52.0,1014.9,2.0,273,0.0
9197,2023-11-26 13:20:07.445000+00:00,26.9,32.8,52.0,1014.9,2.2,265,0.0
9197,2023-11-26 13:21:07.444000+00:00,26.8,32.8,52.0,1015.0,1.8,255,0.0
9197,2023-11-26 13:22:07.459000+00:00,26.8,32.5,53.0,1015.0,2.0,324,0.0
9197,2023-11-26 13:23:07.474000+00:00,26.8,32.5,53.0,1015.0,1.7,258,0.0
9197,2023-11-26 13:24:07.473000+00:00,26.8,32.5,53.0,1015.0,1.7,260,0.0
9197,2023-11-26 13:25:07.472000+00:00,26.8,32.5,54.0,1015.0,1.8,291,0.0
9197,2023-11-26 13:26:07.472000+00:00,26.8,32.3,54.0,1015.0,2.0,255,0.0
9197,2023-11-26 13:27:07.487000+00:00,26.7,32.3,54.0,1015.0,1.7,287,0.0
9197,2023-11-26 13:28:07.486000+00:00,26.7,32.3,53.0,1015.0,1.7,259,0.0
9197,2023-11-26 13:29:07.485000+00:00,26.6,32.6,53.0,1015.0,1.5,261,0.0
9197,2023-11-26 13:30:07.485000+00:00,26.7,32.6,52.0,1015.0,1.7,338,0.0
9197,2023-11-26 13:31:07.484000+00:00,26.7,32.6,52.0,1015.0,1.5,256,0.0
9197,2023-11-26 13:32:07.483000+00:00,26.7,32.5,52.0,1015.0,1.6,259,0.0
9197,2023-11-26 13:33:07.514000+00:00,26.7,32.6,52.0,1015.2,1.7,294,0.0
9197,2023-11-26 13:34:07.482000+00:00,26.7,32.6,51.0,1015.2,1.8,293,0.0
9197,2023-11-26 13:35:07.497000+00:00,26.7,32.4,52.0,1015.0,1.3,265,0.0
9197,2023-11-26 13:36:07.512000+00:00,26.7,32.4,53.0,1015.2,1.7,341,0.0
9197,2023-11-26 13:37:07.511000+00:00,26.7,32.1,51.0,1015.2,1.2,264,0.0
9197,2023-11-26 13:38:07.526000+00:00,26.7,32.1,52.0,1015.2,1.5,268,0.0
9197,2023-11-26 13:39:07.541000+00:00,26.7,32.1,53.0,1015.2,1.7,331,0.0
9197,2023-11-26 13:40:07.540000+00:00,26.7,31.9,52.0,1015.2,1.5,261,0.0
9197,2023-11-26 13:41:07.540000+00:00,26.7,32.0,52.0,1015.2,1.7,271,0.0
9197,2023-11-26 13:42:07.539000+00:00,26.6,32.0,53.0,1015.2,1.5,320,0.0
9197,2023-11-26 13:43:07.538000+00:00,26.7,32.0,52.0,1015.2,1.8,268,0.0
9197,2023-11-26 13:44:07.538000+00:00,26.7,32.1,53.0,1015.2,1.7,275,0.0
9197,2023-11-26 13:45:07.537000+00:00,26.6,32.1,53.0,1015.2,1.2,329,0.0
9197,2023-11-26 13:46:07.536000+00:00,26.6,32.1,52.0,1015.2,2.0,309,0.0
9197,2023-11-26 13:47:07.535000+00:00,26.6,32.1,52.0,1015.2,1.2,296,0.0
9197,2023-11-26 13:48:07.535000+00:00,26.6,31.7,52.0,1015.2,2.0,286,0.0
9197,2023-11-26 13:49:07.550000+00:00,26.6,31.9,52.0,1015.2,1.2,282,0.0
9197,2023-11-26 13:50:07.549000+00:00,26.6,31.9,52.0,1015.2,1.7,274,0.0
9197,2023-11-26 13:51:07.548000+00:00,26.6,31.6,51.0,1015.2,1.7,345,0.0
9197,2023-11-26 13:52:07.548000+00:00,26.6,31.7,51.0,1015.2,1.7,257,0.0
9197,2023-11-26 13:53:07.547000+00:00,26.6,31.7,51.0,1015.4,1.1,262,0.0
9197,2023-11-26 13:54:07.546000+00:00,26.5,31.9,51.0,1015.2,1.3,311,0.0
9197,2023-11-26 13:55:07.546000+00:00,26.6,31.8,51.0,1015.2,1.2,340,0.0
9197,2023-11-26 13:56:07.545000+00:00,26.6,31.7,51.0,1015.2,1.2,305,0.0
9197,2023-11-26 13:57:07.560000+00:00,26.6,31.7,51.0,1015.4,1.5,273,0.0
9197,2023-11-26 13:58:07.544000+00:00,26.7,31.4,51.0,1015.4,1.6,320,0.0
9197,2023-11-26 13:59:07.558000+00:00,26.7,31.4,51.0,1015.2,1.7,354,0.0
9197,2023-11-26 14:00:07.558000+00:00,26.7,31.4,52.0,1015.2,1.5,350,0.0
9197,2023-11-26 14:01:07.557000+00:00,26.6,31.4,52.0,1015.2,1.7,358,0.0
9197,2023-11-26 14:02:07.556000+00:00,26.6,31.5,52.0,1015.4,1.8,262,0.0
9197,2023-11-26 14:03:07.556000+00:00,26.6,31.1,53.0,1015.2,1.7,297,0.0
9197,2023-11-26 14:04:07.555000+00:00,26.6,31.1,52.0,1015.4,1.6,266,0.0
9197,2023-11-26 14:05:07.554000+00:00,26.6,31.4,52.0,1015.2,1.7,356,0.0
9197,2023-11-26 14:06:07.554000+00:00,26.6,31.3,52.0,1015.2,1.7,285,0.0
9197,2023-11-26 14:07:07.584000+00:00,26.5,31.3,52.0,1015.2,1.3,281,0.0
9197,2023-11-26 14:08:07.568000+00:00,26.6,31.4,52.0,1015.2,1.3,271,0.0
9197,2023-11-26 14:09:07.567000+00:00,26.5,31.3,52.0,1015.4,1.3,265,0.0
9197,2023-11-26 14:10:07.582000+00:00,26.5,31.3,52.0,1015.2,1.2,299,0.0
9197,2023-11-26 14:11:07.597000+00:00,26.5,31.2,53.0,1015.2,1.7,285,0.0
9197,2023-11-26 14:12:07.596000+00:00,26.5,31.1,53.0,1015.4,1.3,287,0.0
9197,2023-11-26 14:13:07.611000+00:00,26.5,31.2,53.0,1015.2,1.3,290,0.0
9197,2023-11-26 14:14:07.611000+00:00,26.5,31.2,53.0,1015.2,1.7,355,0.0
9197,2023-11-26 14:15:07.610000+00:00,26.5,31.0,53.0,1015.2,1.7,343,0.0
9197,2023-11-26 14:16:07.609000+00:00,26.5,31.0,53.0,1015.2,1.7,289,0.0
9197,2023-11-26 14:17:07.624000+00:00,26.4,31.1,53.0,1015.2,2.0,269,0.0
9197,2023-11-26 14:18:07.639000+00:00,26.4,31.2,53.0,1015.4,1.8,281,0.0
9197,2023-11-26 14:19:07.638000+00:00,26.5,31.0,53.0,1015.2,1.8,268,0.0
9197,2023-11-26 14:20:07.638000+00:00,26.5,31.0,53.0,1015.4,1.5,263,0.0
9197,2023-11-26 14:21:07.637000+00:00,26.5,31.0,53.0,1015.5,1.7,263,0.0
9197,2023-11-26 14:22:07.636000+00:00,26.5,31.0,53.0,1015.5,1.3,303,0.0
9197,2023-11-26 14:23:07.651000+00:00,26.6,31.1,53.0,1015.5,1.2,275,0.0
9197,2023-11-26 14:24:07.635000+00:00,26.5,31.1,53.0,1015.5,2.0,257,0.0
9197,2023-11-26 14:25:07.650000+00:00,26.5,31.0,53.0,1015.5,1.7,282,0.0
9197,2023-11-26 14:26:07.649000+00:00,26.5,31.0,53.0,1015.5,1.7,282,0.0
9197,2023-11-26 14:27:07.664000+00:00,26.5,31.0,53.0,1015.5,1.7,282,0.0
9197,2023-11-26 14:28:07.679000+00:00,26.4,31.0,53.0,1015.5,1.7,282,0.0
9197,2023-11-26 14:29:07.678000+00:00,26.3,31.0,53.0,1015.5,1.7,282,0.0
9197,2023-11-26 14:30:07.678000+00:00,26.4,30.8,54.0,1015.7,1.3,266,0.0
9197,2023-11-26 14:31:07.693000+00:00,26.4,30.8,54.0,1015.7,1.2,293,0.0
9197,2023-11-26 14:32:07.692000+00:00,26.4,30.8,54.0,1015.7,1.7,279,0.0
9197,2023-11-26 14:33:07.707000+00:00,26.4,30.8,54.0,1015.7,1.8,283,0.0
9197,2023-11-26 14:34:07.691000+00:00,26.4,30.6,54.0,1015.7,1.5,314,0.0
9197,2023-11-26 14:35:07.705000+00:00,26.4,30.6,54.0,1015.7,1.5,273,0.0
9197,2023-11-26 14:36:07.705000+00:00,26.3,30.5,54.0,1015.7,1.8,316,0.0
